x0,y0,z0,x1,y1,z1,x2,y2,z2,x3,y3,z3,x4,y4,z4,x5,y5,z5,x6,y6,z6,x7,y7,z7,x8,y8,z8,x9,y9,z9,x10,y10,z10,x11,y11,z11,x12,y12,z12,x13,y13,z13,x14,y14,z14,x15,y15,z15,x16,y16,z16,x17,y17,z17,x18,y18,z18,x19,y19,z19,x20,y20,z20
0.0,0.0,0.0,-0.010941296815872192,-0.07070910930633545,-0.008475964941339953,0.008895307779312134,-0.1373569369316101,-0.017707132786767943,0.040724337100982666,-0.17466890811920166,-0.024008083209650977,0.06245160102844238,-0.19652897119522095,-0.030450592801230414,0.00419732928276062,-0.1396026611328125,-0.03890711726273821,0.043466269969940186,-0.21154838800430298,-0.052743072673933966,0.06750792264938354,-0.2528756260871887,-0.05837588296856211,0.08632665872573853,-0.28387370705604553,-0.060338976845400794,0.025864481925964355,-0.0984652042388916,-0.040163486317055686,0.06561475992202759,-0.18016159534454346,-0.05250092880453394,0.0875471830368042,-0.22843539714813232,-0.05635201470579432,0.10402083396911621,-0.26454728841781616,-0.05835735709990786,0.04664778709411621,-0.06355071067810059,-0.03959420235480593,0.08181631565093994,-0.14737462997436523,-0.04790585400189684,0.09443366527557373,-0.1977173089981079,-0.048140174761670096,0.1016925573348999,-0.23125773668289185,-0.04750362323250101,0.06350243091583252,-0.04008382558822632,-0.038969206676142676,0.08363580703735352,-0.11311167478561401,-0.042957707360642416,0.08861255645751953,-0.15521252155303955,-0.040218900010245306,0.09166359901428223,-0.1821325421333313,-0.037224157765763266
0.0,0.0,0.0,-0.010236889123916626,-0.07602697610855103,-0.00721529523232789,0.010403424501419067,-0.1441289782524109,-0.015498486592861127,0.04362398386001587,-0.17976140975952148,-0.021365949198099088,0.06651937961578369,-0.19885826110839844,-0.0270517573351583,0.007325291633605957,-0.14577394723892212,-0.03602305917391391,0.04770982265472412,-0.21954971551895142,-0.04908180727014155,0.07174038887023926,-0.26147061586380005,-0.054129869922491025,0.09078210592269897,-0.29208582639694214,-0.05579501135596843,0.029556572437286377,-0.10553252696990967,-0.03797128169188113,0.07044267654418945,-0.19080495834350586,-0.04922761885771365,0.09186595678329468,-0.23903757333755493,-0.05264832569608302,0.10792320966720581,-0.2738546133041382,-0.054671173229309034,0.050566673278808594,-0.07130056619644165,-0.038186011149974775,0.08784675598144531,-0.1592341661453247,-0.04596492765793414,0.09811943769454956,-0.2079787254333496,-0.045996067359538984,0.10298019647598267,-0.23872530460357666,-0.04536350934156985,0.06720948219299316,-0.04853236675262451,-0.038416561915965985,0.0890655517578125,-0.12389546632766724,-0.04222280277261348,0.09060436487197876,-0.16480398178100586,-0.03964333726415248,0.0900651216506958,-0.18931174278259277,-0.03691145522842021
0.0,0.0,0.0,-0.009847700595855713,-0.07584273815155029,-0.0063628074812243085,0.011604338884353638,-0.14579641819000244,-0.013367456859583626,0.04461246728897095,-0.1818254590034485,-0.018350197477872143,0.06729388236999512,-0.20051491260528564,-0.022960993005568753,0.011123061180114746,-0.15152990818023682,-0.03166487860553957,0.051086485385894775,-0.22504162788391113,-0.04336970719569422,0.07538795471191406,-0.26545023918151855,-0.04775659787529207,0.0948978066444397,-0.2946476340293884,-0.049158752440149556,0.03251773118972778,-0.11090242862701416,-0.033798605679209004,0.07396692037582397,-0.19489598274230957,-0.043808904020721684,0.0966489315032959,-0.24284809827804565,-0.04722771096103884,0.11389845609664917,-0.277201771736145,-0.04952418106668688,0.0525585412979126,-0.07649481296539307,-0.0344520774769137,0.09075254201889038,-0.1621323823928833,-0.04197932827347017,0.09920191764831543,-0.21099287271499634,-0.04292630824321009,0.10196983814239502,-0.2418835163116455,-0.043001126973564396,0.06818521022796631,-0.05386209487915039,-0.03508127155774332,0.08966732025146484,-0.12912863492965698,-0.03946624371283747,0.08994150161743164,-0.1699686050415039,-0.037894279240305195,0.087826669216156,-0.19470840692520142,-0.03593143123262621
0.0,0.0,0.0,-0.009229779243469238,-0.0787961483001709,-0.005425496212552616,0.012415826320648193,-0.14858108758926392,-0.012192847392867634,0.04555898904800415,-0.18480366468429565,-0.017024766839455197,0.06988078355789185,-0.20265626907348633,-0.021489218063067028,0.01295316219329834,-0.15592074394226074,-0.030841427109550068,0.05362677574157715,-0.23027163743972778,-0.04210725072712762,0.07791972160339355,-0.2699136734008789,-0.04571348447294099,0.0972437858581543,-0.2981753945350647,-0.04631293956131799,0.03395950794219971,-0.11515295505523682,-0.03318219277949197,0.07582467794418335,-0.19795554876327515,-0.043123886174868176,0.09917271137237549,-0.24556398391723633,-0.04571336526365144,0.11697065830230713,-0.280681848526001,-0.04699766654462678,0.05382668972015381,-0.08059906959533691,-0.0340087676414953,0.09069627523422241,-0.16244959831237793,-0.04098222795815332,0.10138779878616333,-0.21085256338119507,-0.041045226342390606,0.10681337118148804,-0.24410408735275269,-0.040395569241951534,0.06935274600982666,-0.05710256099700928,-0.03474976140947206,0.08971822261810303,-0.13122344017028809,-0.03762690741510255,0.09059840440750122,-0.1690983772277832,-0.03438274208397729,0.08975690603256226,-0.19247418642044067,-0.031229922733615467
0.0,0.0,0.0,-0.009669274091720581,-0.07920563220977783,-0.003161757253195674,0.010210901498794556,-0.15181684494018555,-0.008126924512993128,0.04142996668815613,-0.19502198696136475,-0.011533643817614347,0.06416091322898865,-0.22035622596740723,-0.014653158141385347,0.015532344579696655,-0.16057264804840088,-0.026059235213409693,0.056524306535720825,-0.23506969213485718,-0.035981290740977556,0.08110061287879944,-0.27361589670181274,-0.0387330919039357,0.10006478428840637,-0.3010791540145874,-0.03870345349432114,0.037294358015060425,-0.12255173921585083,-0.028904101578604013,0.0785159170627594,-0.20548242330551147,-0.03712634439588669,0.10149380564689636,-0.2510306239128113,-0.0388520180714238,0.11874070763587952,-0.284582257270813,-0.03941971133471611,0.05697253346443176,-0.08926892280578613,-0.030266436515461237,0.09160473942756653,-0.1699569821357727,-0.03565936977983597,0.10654786229133606,-0.21685224771499634,-0.03545538778425339,0.11593654751777649,-0.2501034736633301,-0.03485305677176598,0.07185330986976624,-0.06551492214202881,-0.031385079724799425,0.09150233864784241,-0.13785666227340698,-0.03337954054595116,0.09724220633506775,-0.17678338289260864,-0.03013454820037964,0.10085144639015198,-0.20329874753952026,-0.02697758073927048
0.0,0.0,0.0,-0.007691115140914917,-0.08143371343612671,-0.003426178762225618,0.014337152242660522,-0.15379351377487183,-0.00870069040311705,0.046334296464920044,-0.19551289081573486,-0.01222462317301165,0.06961742043495178,-0.21759170293807983,-0.015425970017446389,0.020152270793914795,-0.16108918190002441,-0.027734470724595894,0.0620286762714386,-0.23518550395965576,-0.03737779630674254,0.08632984757423401,-0.2735055088996887,-0.039768613114489426,0.10504832863807678,-0.300467848777771,-0.03944576828135382,0.04119768738746643,-0.12037307024002075,-0.030202110468877663,0.08366522192955017,-0.20370250940322876,-0.03852542041195761,0.10570791363716125,-0.24933278560638428,-0.03939240722311865,0.12208005785942078,-0.2817981243133545,-0.03908029122604262,0.05988767743110657,-0.08485370874404907,-0.030967497437728753,0.09630760550498962,-0.16531068086624146,-0.03571049047960173,0.11092951893806458,-0.21223396062850952,-0.033917113378180375,0.11984363198280334,-0.24507004022598267,-0.03208557812823187,0.07363840937614441,-0.05908244848251343,-0.031556896104945054,0.09575948119163513,-0.12991124391555786,-0.032472080721987595,0.10257747769355774,-0.16992723941802979,-0.027849194764627327,0.10647395253181458,-0.19725126028060913,-0.023591783999933114
0.0,0.0,0.0,-0.0066255927085876465,-0.08317774534225464,-0.0028367143235072945,0.016522109508514404,-0.1542242169380188,-0.008042937435106978,0.050349146127700806,-0.19252753257751465,-0.011714342340724215,0.07565709948539734,-0.21075862646102905,-0.014995049044387088,0.0243147611618042,-0.1605290174484253,-0.02632664173086141,0.067101389169693,-0.2350713014602661,-0.035819754294948325,0.09190931916236877,-0.27202606201171875,-0.03789553820331548,0.11087784171104431,-0.29698261618614197,-0.03715708508332227,0.04441151022911072,-0.11960595846176147,-0.028942302159862265,0.08812180161476135,-0.20400488376617432,-0.03666084661324476,0.11033102869987488,-0.24839657545089722,-0.03661828517158483,0.12649622559547424,-0.2786751389503479,-0.03547683387239431,0.06191912293434143,-0.08365130424499512,-0.02997337497015451,0.0992603600025177,-0.16441762447357178,-0.03404890402396177,0.11450263857841492,-0.21008926630020142,-0.03127994044859861,0.12365594506263733,-0.2409399151802063,-0.02864847175021623,0.07446607947349548,-0.05713236331939697,-0.030882254533366904,0.09893056750297546,-0.1278417706489563,-0.0313143472297952,0.10778209567070007,-0.16734087467193604,-0.026042355514960036,0.11329612135887146,-0.19424968957901,-0.02115311316390489
0.0,0.0,0.0,-0.007570445537567139,-0.0837898850440979,-0.0014871596930561282,0.015234589576721191,-0.15507400035858154,-0.005233868780919693,0.049021780490875244,-0.1932545304298401,-0.007364091287740848,0.0739060640335083,-0.21007436513900757,-0.009077936235257766,0.0287342369556427,-0.1627529263496399,-0.023341453458556316,0.07149392366409302,-0.23455369472503662,-0.030315355222114704,0.09549212455749512,-0.2693350315093994,-0.030877477313765667,0.11358118057250977,-0.2925291061401367,-0.029336034144648693,0.0493735671043396,-0.12122082710266113,-0.02528052107561507,0.09282255172729492,-0.2028719186782837,-0.030045077960380695,0.11277127265930176,-0.24524778127670288,-0.02793436386753001,0.12686580419540405,-0.27436357736587524,-0.025575586418995044,0.06614476442337036,-0.08453947305679321,-0.025542846705207012,0.10311973094940186,-0.1609613299369812,-0.027075138698705814,0.11732256412506104,-0.20529240369796753,-0.022522202517279766,0.1256200075149536,-0.234758198261261,-0.01905674749184527,0.07708537578582764,-0.05698573589324951,-0.025625043372997425,0.10000067949295044,-0.12399184703826904,-0.02400643267799296,0.10779839754104614,-0.1614735722541809,-0.01741924398709216,0.11264032125473022,-0.1870456337928772,-0.011855356219598434
0.0,0.0,0.0,-0.0064591169357299805,-0.08395236730575562,-0.0018074878941547468,0.016310960054397583,-0.15463757514953613,-0.005611754230528732,0.04923626780509949,-0.19184178113937378,-0.007610241624831815,0.07332316040992737,-0.20814478397369385,-0.00917294875097241,0.031264662742614746,-0.1574842929840088,-0.02483753275436129,0.07595542073249817,-0.22928094863891602,-0.03159790087801184,0.10073831677436829,-0.26220566034317017,-0.031732417385399,0.11906614899635315,-0.28370988368988037,-0.029871254901706834,0.05210354924201965,-0.11561614274978638,-0.026106938462078233,0.09663423895835876,-0.1958504319190979,-0.0302343962000009,0.1154344379901886,-0.23608368635177612,-0.027023788283884187,0.12765786051750183,-0.26229584217071533,-0.02399885628682341,0.06874307990074158,-0.07936805486679077,-0.02561088811916079,0.10557124018669128,-0.15431076288223267,-0.025924123565971513,0.11903020739555359,-0.19732481241226196,-0.020084876309454103,0.1262982189655304,-0.2247713804244995,-0.016117509196817537,0.0792483389377594,-0.05332571268081665,-0.02504646193546023,0.10104897618293762,-0.11783170700073242,-0.022300347428142686,0.10740074515342712,-0.15270322561264038,-0.014916513788818975,0.1109638512134552,-0.1756642460823059,-0.00906495072257485
0.0,0.0,0.0,-0.005360245704650879,-0.08325761556625366,-0.002704426753140865,0.01818746328353882,-0.1540064811706543,-0.006565163018919407,0.050341784954071045,-0.1924753189086914,-0.008592862742759166,0.07414388656616211,-0.21155554056167603,-0.010014482880748687,0.031779348850250244,-0.15596622228622437,-0.02526344555876392,0.07666748762130737,-0.22610872983932495,-0.0330340844716801,0.10170698165893555,-0.25856107473373413,-0.03416206139586109,0.12052547931671143,-0.28076958656311035,-0.03305958780906337,0.05138599872589111,-0.1138569712638855,-0.026429204377151905,0.09495371580123901,-0.1914084553718567,-0.031083708735920368,0.11344951391220093,-0.23210978507995605,-0.027928656074024616,0.125282883644104,-0.2587825655937195,-0.025010962146140514,0.06735646724700928,-0.07748311758041382,-0.026069944831348835,0.10293537378311157,-0.15133637189865112,-0.026521051409460483,0.11500728130340576,-0.1933450698852539,-0.019672535466767727,0.12142062187194824,-0.21914684772491455,-0.01500882498434919,0.07793283462524414,-0.05167621374130249,-0.025887221204854427,0.09830176830291748,-0.1170615553855896,-0.02341621379814285,0.1029733419418335,-0.1519574522972107,-0.015565551924325405,0.10538327693939209,-0.1731007695198059,-0.009340274254597603
0.0,0.0,0.0,-0.005505651235580444,-0.08390980958938599,-0.0021653661773939348,0.016852200031280518,-0.15320158004760742,-0.006216893418638847,0.04894900321960449,-0.19009286165237427,-0.008602304830162666,0.07330042123794556,-0.20704865455627441,-0.01040214251628413,0.032066017389297485,-0.15405207872390747,-0.024461943170933864,0.07658278942108154,-0.2241259217262268,-0.03220825966349139,0.10099542140960693,-0.2565535306930542,-0.033137317261605403,0.11927163600921631,-0.2779287099838257,-0.031907550505309246,0.05172806978225708,-0.11318480968475342,-0.02579407159140601,0.09439641237258911,-0.19020867347717285,-0.03119541469862952,0.1117713451385498,-0.23103410005569458,-0.02807852949848666,0.12229692935943604,-0.25694721937179565,-0.024825199953227184,0.06707775592803955,-0.07710176706314087,-0.025542264318971775,0.10107147693634033,-0.1499776840209961,-0.02670615676692023,0.11086726188659668,-0.1916702389717102,-0.019381368047504566,0.11516845226287842,-0.2170482873916626,-0.013946071713178299,0.07676947116851807,-0.050205349922180176,-0.025377785301714084,0.0964769721031189,-0.11394482851028442,-0.023269624895362995,0.10049432516098022,-0.14935195446014404,-0.015066336355118892,0.101956307888031,-0.1707497239112854,-0.008260831682889602
0.0,0.0,0.0,-0.005296885967254639,-0.08317923545837402,-0.003353593733962157,0.017453700304031372,-0.15315109491348267,-0.007263986023943403,0.05052465200424194,-0.19068115949630737,-0.009403480312656143,0.07417964935302734,-0.2101576328277588,-0.011048106572459915,0.03159341216087341,-0.15264427661895752,-0.02405688734991429,0.07559818029403687,-0.22114282846450806,-0.03068380998713849,0.09951430559158325,-0.25393015146255493,-0.031530004090498664,0.11763548851013184,-0.27746593952178955,-0.030762702322434166,0.05235069990158081,-0.11208605766296387,-0.02464045034987805,0.09207934141159058,-0.18778717517852783,-0.028547614908646324,0.1103363037109375,-0.22999143600463867,-0.026359260178040245,0.12196952104568481,-0.2586628198623657,-0.02463590177042363,0.06822508573532104,-0.07602280378341675,-0.023657918072174766,0.09628498554229736,-0.14869904518127441,-0.02423803517861245,0.10139769315719604,-0.18809789419174194,-0.017739502808879593,0.10215598344802856,-0.211253821849823,-0.013389794251750686,0.07843267917633057,-0.0495220422744751,-0.02287326762719033,0.09148561954498291,-0.1148824691772461,-0.021469136795829513,0.09084510803222656,-0.14866089820861816,-0.014195299803148487,0.08925318717956543,-0.16774529218673706,-0.008315262480508068
0.0,0.0,0.0,-0.005353987216949463,-0.08147293329238892,-0.005057850950038301,0.017988383769989014,-0.151691734790802,-0.008689484656429158,0.05068480968475342,-0.19519567489624023,-0.010067417383766042,0.0702899694442749,-0.22804617881774902,-0.010714857936477529,0.03212442994117737,-0.14440131187438965,-0.024833972663259374,0.07391083240509033,-0.21734261512756348,-0.03082644669768797,0.09576129913330078,-0.2510647773742676,-0.030830257669663297,0.11265319585800171,-0.2762773036956787,-0.02943554623482214,0.05350881814956665,-0.10531342029571533,-0.02432375876662718,0.09049159288406372,-0.18707025051116943,-0.027531256065344678,0.10724955797195435,-0.23197948932647705,-0.025346065968847142,0.11774158477783203,-0.2621968984603882,-0.023901705727553235,0.06913614273071289,-0.07113009691238403,-0.02237463100311743,0.09502702951431274,-0.14639979600906372,-0.02365694484171854,0.09586405754089355,-0.18411320447921753,-0.018226574272489415,0.0921981930732727,-0.20416730642318726,-0.014376528658544885,0.07902288436889648,-0.04667288064956665,-0.02061272515413748,0.09074091911315918,-0.11315101385116577,-0.02078161118981825,0.08799886703491211,-0.14715081453323364,-0.015150182977890836,0.08363610506057739,-0.16519957780838013,-0.010261333644962178
0.0,0.0,0.0,-0.005521327257156372,-0.07985526323318481,-0.004012539154601313,0.017492979764938354,-0.14546805620193481,-0.007836564547133662,0.05238881707191467,-0.17437058687210083,-0.009885067223322608,0.07516500353813171,-0.18448925018310547,-0.011446580393922545,0.027347594499588013,-0.14405864477157593,-0.025692467680883624,0.06851717829704285,-0.2194380760192871,-0.03203109382720015,0.08971360325813293,-0.2547549605369568,-0.032183894059372165,0.10603246092796326,-0.28000110387802124,-0.031191156348896243,0.05010351538658142,-0.10675084590911865,-0.02635945483179114,0.087836354970932,-0.19010430574417114,-0.03081686525673888,0.10516420006752014,-0.23542767763137817,-0.02977371878058932,0.11632505059242249,-0.2643734812736511,-0.029201955637645938,0.06741580367088318,-0.07244902849197388,-0.02539870805175326,0.09470859169960022,-0.1463446021080017,-0.029330964303326823,0.08795920014381409,-0.1732538342475891,-0.025910490295601107,0.0769786536693573,-0.18119698762893677,-0.02273265562088511,0.07793071866035461,-0.0483587384223938,-0.024320260724735476,0.08758077025413513,-0.1129997968673706,-0.02691134168834708,0.07911983132362366,-0.14051294326782227,-0.02308978616328261,0.06979665160179138,-0.14991921186447144,-0.01920897058279536
0.0,0.0,0.0,-0.0072440505027771,-0.07853430509567261,-0.004687562078160568,0.013116896152496338,-0.14717590808868408,-0.008992821868432088,0.04552704095840454,-0.18501955270767212,-0.010932555381131692,0.0664774477481842,-0.20785588026046753,-0.012169999029410405,0.02259010076522827,-0.14434528350830078,-0.0271730981356626,0.06346145272254944,-0.22138667106628418,-0.03420175607867293,0.08450576663017273,-0.25715720653533936,-0.034462306607437654,0.10036298632621765,-0.2825295925140381,-0.033180471468639894,0.045472651720047,-0.10665678977966309,-0.02730003367729239,0.08404609560966492,-0.19277888536453247,-0.0318238846547132,0.09933814406394958,-0.23584526777267456,-0.029441224370074792,0.1087280809879303,-0.26310133934020996,-0.027585223276091142,0.06352069973945618,-0.07482254505157471,-0.025890391278935,0.09442362189292908,-0.15779155492782593,-0.02835249896712355,0.09578743577003479,-0.1982824206352234,-0.02322661686308436,0.0929776132106781,-0.21914422512054443,-0.019502026919198556,0.07508465647697449,-0.05290299654006958,-0.024537807289434,0.08856424689292908,-0.12301945686340332,-0.025693397927952333,0.08593669533729553,-0.1608039140701294,-0.020925464067531152,0.08243444561958313,-0.18089687824249268,-0.016638118732643647
0.0,0.0,0.0,-0.007904767990112305,-0.07781243324279785,-0.0054187847542124246,0.013985961675643921,-0.1456555724143982,-0.010631295224513337,0.050122469663619995,-0.1755894422531128,-0.013881352102245614,0.0770530104637146,-0.18443667888641357,-0.016379958322133348,0.018320679664611816,-0.14309507608413696,-0.026661599358405397,0.05840808153152466,-0.22003453969955444,-0.03390609317072801,0.07940483093261719,-0.2563031315803528,-0.03461841710456781,0.09538763761520386,-0.2815321087837219,-0.033904200723256395,0.04181540012359619,-0.10486328601837158,-0.02737463668533735,0.08014452457427979,-0.18886882066726685,-0.033228839119757936,0.09815192222595215,-0.2346348762512207,-0.03282149725207262,0.10993540287017822,-0.2655028700828552,-0.03258433037051134,0.06110042333602905,-0.07266759872436523,-0.026667677169527337,0.0916634202003479,-0.15795773267745972,-0.03171532445200853,0.08827495574951172,-0.1947140097618103,-0.028067762335624025,0.08044838905334473,-0.21242916584014893,-0.02467320330985956,0.0745687484741211,-0.05213874578475952,-0.025943018799509332,0.08883553743362427,-0.1268497109413147,-0.02932456166097097,0.08395671844482422,-0.16215366125106812,-0.025309656118835733,0.07759273052215576,-0.17891031503677368,-0.021274857526506707
0.0,0.0,0.0,-0.008751779794692993,-0.07740342617034912,-0.005880895950781451,0.01066562533378601,-0.1460534930229187,-0.011988979247348652,0.04438149929046631,-0.1782587766647339,-0.016067687836425648,0.07040274143218994,-0.18999755382537842,-0.01933974627866064,0.012866020202636719,-0.14666998386383057,-0.02736931149377142,0.05227881669998169,-0.2230924367904663,-0.03616271023167883,0.07383596897125244,-0.26026755571365356,-0.038013155055182324,0.09051722288131714,-0.2864801287651062,-0.037752492767708645,0.036125630140304565,-0.10765653848648071,-0.028408039775627003,0.07520025968551636,-0.19139701128005981,-0.03574958298816,0.09450256824493408,-0.23812294006347656,-0.036587233138220654,0.10822522640228271,-0.27201390266418457,-0.036834897887843,0.05650070309638977,-0.07538896799087524,-0.02804970410181795,0.0876314640045166,-0.16252344846725464,-0.03399056423916136,0.08768916130065918,-0.2000354528427124,-0.030854888674753056,0.0836743712425232,-0.22068530321121216,-0.027490884480016575,0.07187771797180176,-0.055436789989471436,-0.027683828440444813,0.08602136373519897,-0.13273561000823975,-0.030998945650594578,0.08323115110397339,-0.16797226667404175,-0.026696281921999798,0.0798194408416748,-0.18676507472991943,-0.022280084383623944
0.0,0.0,0.0,-0.010038495063781738,-0.07675707340240479,-0.004827857337375008,0.007801055908203125,-0.1473330855369568,-0.010567245393474423,0.03977230191230774,-0.1852627992630005,-0.01437430674531015,0.06332710385322571,-0.2044031023979187,-0.017703051998694264,0.007296144962310791,-0.1518319845199585,-0.027418998389919125,0.04634404182434082,-0.22820472717285156,-0.03668046495266708,0.0682513415813446,-0.2650710344314575,-0.038961132376869045,0.08526304364204407,-0.29024505615234375,-0.038900413870294415,0.031397849321365356,-0.11276066303253174,-0.029337973653753124,0.07079121470451355,-0.19953274726867676,-0.03702836608835014,0.09061303734779358,-0.24575376510620117,-0.03878373777814659,0.10483250021934509,-0.2795614004135132,-0.039681853115041577,0.05310159921646118,-0.08043831586837769,-0.0296744493240908,0.08658245205879211,-0.17306667566299438,-0.035615799337108456,0.09522286057472229,-0.21657794713974,-0.03403824692912849,0.09884628653526306,-0.24446654319763184,-0.03235658010788711,0.06936976313591003,-0.05994415283203125,-0.02982416129060539,0.08442196249961853,-0.13991981744766235,-0.03306863954611572,0.08460399508476257,-0.17867547273635864,-0.029343596979458653,0.08390793204307556,-0.20273196697235107,-0.02567124864407333
0.0,0.0,0.0,-0.011218398809432983,-0.0771169662475586,-0.00226942693240062,0.006232351064682007,-0.14399778842926025,-0.007756156487232602,0.037795960903167725,-0.1801513433456421,-0.011490109948283589,0.06130608916282654,-0.19953328371047974,-0.015025090997880852,0.0037941038608551025,-0.1567729115486145,-0.027192316589719212,0.04410865902900696,-0.23415815830230713,-0.03645000012016908,0.06691297888755798,-0.2726561427116394,-0.038465650392538464,0.08386597037315369,-0.29891955852508545,-0.03802792133188859,0.02905350923538208,-0.11961877346038818,-0.03003864326871053,0.0684216320514679,-0.20795965194702148,-0.03793206216192857,0.08875486254692078,-0.2540045380592346,-0.03944373281098024,0.10289826989173889,-0.28794121742248535,-0.03992496581173555,0.05217444896697998,-0.08790713548660278,-0.030998900173074162,0.08500763773918152,-0.17930036783218384,-0.03672571630573884,0.0983189046382904,-0.2260773777961731,-0.03598605991697923,0.10624811053276062,-0.2591601610183716,-0.03505636156893388,0.06974521279335022,-0.06580239534378052,-0.03137599082089082,0.08479425311088562,-0.1411634087562561,-0.03355087862706796,0.08754518628120422,-0.17832845449447632,-0.029473853869205868,0.08939424157142639,-0.20463567972183228,-0.025711075974470532
0.0,0.0,0.0,-0.011965721845626831,-0.07853835821151733,-0.0028955624204343167,0.006766378879547119,-0.14700639247894287,-0.008319730614147147,0.03920266032218933,-0.18293845653533936,-0.012117905285975894,0.06332367658615112,-0.20061099529266357,-0.015867362473926505,0.005745530128479004,-0.16238051652908325,-0.026828356762251815,0.04644268751144409,-0.23816919326782227,-0.03663468614669796,0.06960535049438477,-0.27719783782958984,-0.03935426354857441,0.08690404891967773,-0.3046402335166931,-0.039309656922540626,0.030565500259399414,-0.12640565633773804,-0.02969704822154995,0.07035887241363525,-0.213401198387146,-0.037831834261140784,0.0913543701171875,-0.25971174240112305,-0.039837783877572974,0.10619670152664185,-0.2931598424911499,-0.040593332354745826,0.053208500146865845,-0.09420138597488403,-0.030857504089198073,0.0867072343826294,-0.1828581690788269,-0.03633915141674038,0.10035806894302368,-0.23020124435424805,-0.03601047277899738,0.10852539539337158,-0.2624313235282898,-0.03523767993303295,0.07015430927276611,-0.07033634185791016,-0.03163278356643673,0.08755612373352051,-0.14649492502212524,-0.03328646600695606,0.09093070030212402,-0.1857711672782898,-0.029331766743979415,0.09285849332809448,-0.21168643236160278,-0.025643839244565925
0.0,0.0,0.0,-0.01162305474281311,-0.08022254705429077,-0.002053232933377558,0.007033228874206543,-0.14890384674072266,-0.007181982579623991,0.03853964805603027,-0.18530845642089844,-0.010784521768783861,0.062072813510894775,-0.2030462622642517,-0.01444424788931542,0.008265465497970581,-0.16274428367614746,-0.02707273613194161,0.04946863651275635,-0.23935341835021973,-0.0365774175850504,0.07285314798355103,-0.27833229303359985,-0.038665215554630095,0.09024327993392944,-0.3050345480442047,-0.038045100006257826,0.03260374069213867,-0.12688595056533813,-0.03024053859988385,0.07317209243774414,-0.21470028162002563,-0.0384544907836073,0.09437417984008789,-0.26120656728744507,-0.03975877452174359,0.10939347743988037,-0.2944997549057007,-0.03972671094814473,0.054807960987091064,-0.09457176923751831,-0.03156490537801915,0.08856672048568726,-0.1824207305908203,-0.03683980840722256,0.10350733995437622,-0.23082226514816284,-0.03594306397715741,0.11315208673477173,-0.26423096656799316,-0.034640888753330046,0.07114136219024658,-0.07000946998596191,-0.03241810861507588,0.08899623155593872,-0.14668792486190796,-0.033454339089786345,0.0935513973236084,-0.18655002117156982,-0.02872410330454045,0.09693628549575806,-0.2133117914199829,-0.02442720260003739
0.0,0.0,0.0,-0.011157572269439697,-0.08102601766586304,-0.0017722725811211149,0.007711082696914673,-0.1493985652923584,-0.006571347889376966,0.039632707834243774,-0.18559956550598145,-0.009727307659460394,0.06326377391815186,-0.20403790473937988,-0.012911431555522768,0.01107800006866455,-0.1633462905883789,-0.026986428600622503,0.052914559841156006,-0.2395545244216919,-0.03635542939312586,0.0759819746017456,-0.2788528800010681,-0.03832488234050402,0.09306013584136963,-0.3061930239200592,-0.03776345501549372,0.03545293211936951,-0.12709683179855347,-0.030086300399972288,0.0766180157661438,-0.21497821807861328,-0.03858308966167101,0.09724593162536621,-0.26185232400894165,-0.04014398629672655,0.11216610670089722,-0.2963944673538208,-0.040349030000044195,0.057168543338775635,-0.09496766328811646,-0.031242494535518972,0.09231287240982056,-0.18367856740951538,-0.03730571742065081,0.10629922151565552,-0.23301953077316284,-0.03672745178349146,0.11501222848892212,-0.26763468980789185,-0.035550602775884954,0.07283943891525269,-0.07054275274276733,-0.03179844940908083,0.0903882384300232,-0.14852815866470337,-0.033863392722679464,0.09372317790985107,-0.19101446866989136,-0.029731425520850507,0.09613257646560669,-0.22065508365631104,-0.025754966837240545
0.0,0.0,0.0,-0.009372532367706299,-0.0814710259437561,-0.0019340634318041339,0.011119753122329712,-0.15055322647094727,-0.006472860506733014,0.04339119791984558,-0.18640583753585815,-0.009516941427250458,0.06698212027549744,-0.20370161533355713,-0.01249489378835733,0.014812439680099487,-0.16446655988693237,-0.02597377174254234,0.05714818835258484,-0.23859477043151855,-0.035160931802352025,0.0807284414768219,-0.27635741233825684,-0.03705922797973926,0.09792259335517883,-0.3030793368816376,-0.03650774345453556,0.037756264209747314,-0.12644356489181519,-0.029119691855271412,0.07945612072944641,-0.21144527196884155,-0.03737745717819507,0.10070446133613586,-0.2569494843482971,-0.03888387516792591,0.11608150601387024,-0.2911466360092163,-0.039206570989449574,0.058409184217453,-0.09340709447860718,-0.03051437348779018,0.09406939148902893,-0.17857486009597778,-0.03648276910837467,0.10846427083015442,-0.22672122716903687,-0.036327625668604924,0.11700335144996643,-0.2610931992530823,-0.035528498745520665,0.07380327582359314,-0.06862229108810425,-0.03140653208549793,0.09257027506828308,-0.14580750465393066,-0.03352691516931827,0.09606263041496277,-0.18686848878860474,-0.029875994703729702,0.09787705540657043,-0.2155442237854004,-0.02635885127540405
0.0,0.0,0.0,-0.008198976516723633,-0.0824044942855835,-0.0015007312292425468,0.012743383646011353,-0.14904356002807617,-0.005861630325597389,0.04460805654525757,-0.18208825588226318,-0.008825313893538578,0.06793266534805298,-0.19739234447479248,-0.011690674011987312,0.019020766019821167,-0.1620311737060547,-0.024909579788726433,0.06136119365692139,-0.23587524890899658,-0.03373920138685094,0.08466541767120361,-0.2722681760787964,-0.035398129036110504,0.10161495208740234,-0.29740703105926514,-0.034722111781519516,0.041486889123916626,-0.12452316284179688,-0.027940349315684898,0.08331942558288574,-0.20670056343078613,-0.03581410612670766,0.10492146015167236,-0.25044119358062744,-0.03696174885837422,0.1205739974975586,-0.28327232599258423,-0.03690898384658681,0.060865163803100586,-0.09100526571273804,-0.029257654806059463,0.09512734413146973,-0.17242175340652466,-0.034625023265761,0.11042946577072144,-0.21917885541915894,-0.03444446589557515,0.11981898546218872,-0.25382184982299805,-0.03373587842790471,0.07489699125289917,-0.0648849606513977,-0.03007397953180657,0.09307479858398438,-0.1364462971687317,-0.03198533098904477,0.09736716747283936,-0.1756851077079773,-0.028408683498781784,0.09963101148605347,-0.20438700914382935,-0.02490796115009175
0.0,0.0,0.0,-0.007913142442703247,-0.08308202028274536,-0.0005539580187701176,0.01260840892791748,-0.14876419305801392,-0.0043718101978242885,0.04389446973800659,-0.18140828609466553,-0.006814176641398717,0.0678204894065857,-0.19577288627624512,-0.009189909283065845,0.021256953477859497,-0.16386061906814575,-0.023377124179148723,0.06500852108001709,-0.23507386445999146,-0.031101403716945697,0.0889464020729065,-0.26901209354400635,-0.03209900293126111,0.10640156269073486,-0.292142778635025,-0.030964583117508937,0.04357254505157471,-0.12598693370819092,-0.026236591819667865,0.08666086196899414,-0.20463800430297852,-0.03281475785746579,0.10881245136260986,-0.245733380317688,-0.033216157887125064,0.1246265172958374,-0.2762855887413025,-0.03265574011578565,0.062423110008239746,-0.09164661169052124,-0.027274751994752933,0.09688383340835571,-0.1688472032546997,-0.031131638173008014,0.11287963390350342,-0.21347516775131226,-0.030391069088125278,0.12278681993484497,-0.2463657259941101,-0.029522517655038882,0.07577258348464966,-0.06447017192840576,-0.027740649837994624,0.09381479024887085,-0.1326422095298767,-0.0283087919987679,0.09879803657531738,-0.16951733827590942,-0.024090232286596347,0.10173022747039795,-0.19643253087997437,-0.020223265472793628
0.0,0.0,0.0,-0.007017850875854492,-0.08582895994186401,-0.0015776940574312448,0.014810919761657715,-0.15129053592681885,-0.0058457142160648345,0.04708936810493469,-0.1828811764717102,-0.00866171563504281,0.07130381464958191,-0.19664877653121948,-0.01132431565312686,0.024481475353240967,-0.16032779216766357,-0.0243406336241776,0.06887820363044739,-0.23152339458465576,-0.03272169488010945,0.09310773015022278,-0.265547513961792,-0.034193802946191454,0.1106475293636322,-0.2896518111228943,-0.033308618091922426,0.046906888484954834,-0.1217038631439209,-0.026820043423157358,0.09081688523292542,-0.1994991898536682,-0.034120191209893846,0.11267063021659851,-0.24081838130950928,-0.03468410702882352,0.1276913583278656,-0.27224093675613403,-0.03409280660090985,0.06545576453208923,-0.0870714783668518,-0.027524397098403597,0.10035732388496399,-0.16378700733184814,-0.0316222276025826,0.11525949835777283,-0.20803141593933105,-0.030142400735002184,0.12398722767829895,-0.24147909879684448,-0.02860243464348855,0.07815483212471008,-0.06074398756027222,-0.027845304780584,0.09799954295158386,-0.1283268928527832,-0.028596397810559893,0.10428699851036072,-0.1666731834411621,-0.02409978243051114,0.10792228579521179,-0.19530779123306274,-0.019880913519244814
0.0,0.0,0.0,-0.007592737674713135,-0.084808349609375,-0.0015797207823595727,0.013739049434661865,-0.15309476852416992,-0.0052018099457598055,0.04524824023246765,-0.1893155574798584,-0.0070569588795876825,0.0691041648387909,-0.20731467008590698,-0.008536133821365866,0.026631444692611694,-0.15878266096115112,-0.024531331750807794,0.07123914361000061,-0.23302894830703735,-0.032108678388652834,0.09578713774681091,-0.2656586766242981,-0.0324270081699467,0.11331978440284729,-0.2868683934211731,-0.030426894220767053,0.04864659905433655,-0.11943089962005615,-0.02616347270017627,0.09329220652580261,-0.2002604603767395,-0.032042118626890215,0.11444982886314392,-0.24041002988815308,-0.030746086406765016,0.12870612740516663,-0.2689806818962097,-0.028687267470417055,0.06636437773704529,-0.08488267660140991,-0.0259786014438248,0.10141745209693909,-0.1631818413734436,-0.028619591984210047,0.11544725298881531,-0.20651525259017944,-0.025316991749463114,0.12333270907402039,-0.23680460453033447,-0.022505235764441522,0.07791051268577576,-0.0587763786315918,-0.025418636295256647,0.09727290272712708,-0.1276184320449829,-0.024742777365503343,0.10295292735099792,-0.16505658626556396,-0.01885875770753387,0.10583677887916565,-0.19121712446212769,-0.013583342450914415
0.0,0.0,0.0,-0.007192403078079224,-0.08299839496612549,-0.0019907665768528204,0.013084322214126587,-0.15241432189941406,-0.005519243269588969,0.04388105869293213,-0.19317227602005005,-0.006951246257301591,0.06526166200637817,-0.21834659576416016,-0.007861978221114896,0.03184393048286438,-0.1552007794380188,-0.025707161832031034,0.07661783695220947,-0.22977524995803833,-0.032044350016292356,0.09968096017837524,-0.26229792833328247,-0.03162284086960199,0.11567789316177368,-0.28366732597351074,-0.029255823078926824,0.052833735942840576,-0.11428850889205933,-0.026057946342405103,0.09811210632324219,-0.194552481174469,-0.02995115223842504,0.11776906251907349,-0.2342228889465332,-0.027031495082553647,0.1293792724609375,-0.260314404964447,-0.024232935938414357,0.06861388683319092,-0.07862532138824463,-0.024362203511770986,0.10136479139328003,-0.15418493747711182,-0.02481462511735799,0.10660827159881592,-0.19206953048706055,-0.018681083652552388,0.10567688941955566,-0.21473336219787598,-0.01423809475767257,0.07767271995544434,-0.051418185234069824,-0.02241720895784738,0.09365302324295044,-0.11728352308273315,-0.02060416791158559,0.09287428855895996,-0.15036487579345703,-0.013203070345696233,0.08964818716049194,-0.170052170753479,-0.006899114544864915
0.0,0.0,0.0,-0.00851556658744812,-0.08129888772964478,-0.002490631665352794,0.011893689632415771,-0.15520846843719482,-0.005429685010824414,0.042392611503601074,-0.20281124114990234,-0.00616837235844514,0.062189072370529175,-0.2369878888130188,-0.006230316951189252,0.03402641415596008,-0.15333294868469238,-0.0249994181909301,0.07887992262840271,-0.2245141863822937,-0.029831620759580346,0.10224917531013489,-0.25695329904556274,-0.028426098532293054,0.11826124787330627,-0.2798248529434204,-0.02577671863815567,0.05477270483970642,-0.11358219385147095,-0.024559100053522798,0.09889557957649231,-0.19098633527755737,-0.026436128548596116,0.11773446202278137,-0.23182356357574463,-0.022358544997189256,0.12777575850486755,-0.2598652243614197,-0.0193782550164201,0.06927230954170227,-0.07748293876647949,-0.022138376615259858,0.09869763255119324,-0.1486639380455017,-0.022077065787527772,0.0986393392086029,-0.17955106496810913,-0.01540247712961218,0.09265139698982239,-0.19439399242401123,-0.010661296441469403,0.07744577527046204,-0.05058765411376953,-0.019500146514985772,0.0904645025730133,-0.1138232946395874,-0.01855485596439621,0.08608898520469666,-0.14291852712631226,-0.01209246822378418,0.0793483555316925,-0.15769022703170776,-0.006544898624781581
0.0,0.0,0.0,-0.008720308542251587,-0.08298200368881226,-0.004595337802555832,0.012332051992416382,-0.15687334537506104,-0.008479959698405537,0.04286092519760132,-0.2054957151412964,-0.009759419964638028,0.06219634413719177,-0.24520576000213623,-0.010282094025996003,0.03646749258041382,-0.15001243352890015,-0.02589773516544369,0.08024659752845764,-0.21980440616607666,-0.0314373796749976,0.10313883423805237,-0.25256597995758057,-0.03079922813364533,0.11910822987556458,-0.27615976333618164,-0.02856015730091599,0.05742970108985901,-0.10908365249633789,-0.024351532937970433,0.09958454966545105,-0.18736910820007324,-0.025818373443570408,0.11760970950126648,-0.2276778221130371,-0.021862720506277356,0.12720122933387756,-0.2553122043609619,-0.019143651606526646,0.0715084969997406,-0.07370007038116455,-0.021072994353261265,0.09969571232795715,-0.1477227807044983,-0.02065762448498276,0.10222861170768738,-0.1846669316291809,-0.014234677324083123,0.0989404022693634,-0.20623540878295898,-0.009918702201929364,0.07887193560600281,-0.049209654331207275,-0.01776800248214272,0.09267446398735046,-0.11460566520690918,-0.01671509760805634,0.0903143584728241,-0.1475582718849182,-0.01057378611901072,0.08551844954490662,-0.1672174334526062,-0.005410303263005289
0.0,0.0,0.0,-0.008967548608779907,-0.08323848247528076,-0.005271665235426326,0.014241337776184082,-0.1583358645439148,-0.009153711093034644,0.046984702348709106,-0.2073349952697754,-0.010287397024598022,0.06654930114746094,-0.2501492500305176,-0.010773425405290027,0.03587421774864197,-0.14832520484924316,-0.02627800632771482,0.08069133758544922,-0.2160436511039734,-0.031391505566801925,0.1033867597579956,-0.24858123064041138,-0.03034733463582029,0.119290292263031,-0.27276378870010376,-0.027948061419095893,0.05667990446090698,-0.10596275329589844,-0.024460643944706817,0.09816616773605347,-0.18340831995010376,-0.025326928538646598,0.11423099040985107,-0.22372376918792725,-0.0208374508148097,0.12227433919906616,-0.25159788131713867,-0.0178961329584979,0.07073831558227539,-0.07051092386245728,-0.021064242762889762,0.09967094659805298,-0.14611512422561646,-0.020919684735503097,0.10356879234313965,-0.18456512689590454,-0.014880083916153808,0.10181766748428345,-0.20836925506591797,-0.010914490973021884,0.07874220609664917,-0.04721897840499878,-0.017598400307264228,0.09329462051391602,-0.11519438028335571,-0.016859766510691543,0.0919731855392456,-0.14905965328216553,-0.011235081074204345,0.0884472131729126,-0.17033451795578003,-0.0066176987675987675
0.0,0.0,0.0,-0.009200036525726318,-0.08269000053405762,-0.006097545853521069,0.014832168817520142,-0.15772467851638794,-0.009927886544431885,0.04738849401473999,-0.20737415552139282,-0.010653448297347268,0.06668603420257568,-0.25113803148269653,-0.010851902893449505,0.03560635447502136,-0.14526134729385376,-0.02766935527947112,0.07984226942062378,-0.2139894962310791,-0.03221190348889991,0.10176390409469604,-0.24602138996124268,-0.030558576813604077,0.11731499433517456,-0.270585298538208,-0.02788372524705096,0.05655556917190552,-0.10334956645965576,-0.025203622883822163,0.09736782312393188,-0.1831086277961731,-0.025465121498967846,0.11194014549255371,-0.22409754991531372,-0.020344175404574116,0.11855089664459229,-0.2526847720146179,-0.017149860045577725,0.07053709030151367,-0.0684400200843811,-0.021162370226051053,0.10028696060180664,-0.1452488899230957,-0.020737374207641324,0.10335350036621094,-0.18426638841629028,-0.014675844466950139,0.10056108236312866,-0.2080554962158203,-0.010842140770222386,0.07835108041763306,-0.045687317848205566,-0.017074050388004025,0.093722403049469,-0.114124596118927,-0.0165359396549718,0.09196591377258301,-0.14836585521697998,-0.011352470150853833,0.08757907152175903,-0.169408917427063,-0.007162386092062434
0.0,0.0,0.0,-0.007832080125808716,-0.08359801769256592,-0.006852452991850555,0.01708504557609558,-0.15682661533355713,-0.01144795946250099,0.05012059211730957,-0.2061549425125122,-0.012742198886670053,0.07008710503578186,-0.24968016147613525,-0.013449519755639017,0.03644615411758423,-0.14212197065353394,-0.03012860182145971,0.08006671071052551,-0.21093308925628662,-0.035281797753967226,0.10138306021690369,-0.24279922246932983,-0.034044870989717424,0.11686971783638,-0.2674332857131958,-0.03178064327160257,0.05711185932159424,-0.09975230693817139,-0.02761836524526018,0.0971321165561676,-0.17955458164215088,-0.028705278294481218,0.11141547560691833,-0.22166669368743896,-0.024057846399344385,0.11781194806098938,-0.2503741383552551,-0.021344933541811884,0.07116290926933289,-0.06422501802444458,-0.02342180523494619,0.10039964318275452,-0.14057040214538574,-0.02339300874093908,0.1013118326663971,-0.17757809162139893,-0.017057232441700876,0.09669789671897888,-0.19766342639923096,-0.013075348804093778,0.07919338345527649,-0.04070758819580078,-0.01927483256379503,0.09346863627433777,-0.10888040065765381,-0.019094347836769998,0.0896666944026947,-0.14144796133041382,-0.01379272609422344,0.08357331156730652,-0.15891295671463013,-0.009482785942353189
0.0,0.0,0.0,-0.008532613515853882,-0.08315742015838623,-0.009489959946741067,0.01789754629135132,-0.15765607357025146,-0.014955988063384495,0.05215713381767273,-0.20677369832992554,-0.01623406065898081,0.0727558434009552,-0.250118613243103,-0.016923865212966405,0.03628695011138916,-0.13379454612731934,-0.03597835256056925,0.07950320839881897,-0.20799696445465088,-0.04267260609464785,0.10070189833641052,-0.24162989854812622,-0.04214393897252222,0.11644449830055237,-0.2674219608306885,-0.040315369053651295,0.057505279779434204,-0.09197181463241577,-0.031965395345260106,0.0957547128200531,-0.176114022731781,-0.03449196918206354,0.10697641968727112,-0.2205716371536255,-0.029230730517674886,0.11114165186882019,-0.2502416968345642,-0.02589989444511076,0.07125362753868103,-0.05817115306854248,-0.026291888116766415,0.09841731190681458,-0.13536405563354492,-0.027411149724294148,0.09741935133934021,-0.17154204845428467,-0.020463060497213803,0.09140399098396301,-0.18896597623825073,-0.015724597408343755,0.07899937033653259,-0.03749394416809082,-0.02080234689908167,0.09206393361091614,-0.10487496852874756,-0.02141557997362753,0.0864359438419342,-0.13655602931976318,-0.0159741993089213,0.07905170321464539,-0.15133237838745117,-0.011389692223538361
0.0,0.0,0.0,-0.005720734596252441,-0.08427327871322632,-0.008575874478339074,0.020603656768798828,-0.15559226274490356,-0.014161872775076745,0.05414050817489624,-0.20429939031600952,-0.016200700872360585,0.07240355014801025,-0.2508009076118469,-0.017505521052299855,0.03428918123245239,-0.13600194454193115,-0.0327427648983587,0.07699459791183472,-0.20599836111068726,-0.040624283351718304,0.09776085615158081,-0.23971247673034668,-0.0413714983544935,0.11353898048400879,-0.2647106647491455,-0.04037857810479295,0.05505186319351196,-0.09413391351699829,-0.030513979592143414,0.09524500370025635,-0.17616909742355347,-0.03486451143842828,0.10893195867538452,-0.22081208229064941,-0.031755436309396146,0.11607897281646729,-0.25035417079925537,-0.02963563995879781,0.06957882642745972,-0.05873143672943115,-0.026697170086919186,0.09888994693756104,-0.13628047704696655,-0.028760023512660382,0.09884977340698242,-0.17567676305770874,-0.021950788893519757,0.09409832954406738,-0.19627147912979126,-0.01724719638448846,0.07773303985595703,-0.03481090068817139,-0.023189688198982594,0.09235501289367676,-0.10252225399017334,-0.024190571256696103,0.08851635456085205,-0.13642585277557373,-0.01825195560675752,0.08289128541946411,-0.15318864583969116,-0.013157260701774476
0.0,0.0,0.0,-0.005183786153793335,-0.08378708362579346,-0.00851476051197153,0.02003839612007141,-0.15618747472763062,-0.013922241034961758,0.053898781538009644,-0.20576488971710205,-0.015712444189048824,0.07147511839866638,-0.2518376111984253,-0.016616559105969486,0.031158417463302612,-0.13329100608825684,-0.032934187430001316,0.07351592183113098,-0.2057148814201355,-0.04061783336386782,0.09428712725639343,-0.24039214849472046,-0.040789222794629154,0.11005023121833801,-0.2660127878189087,-0.0394586981116305,0.05285152792930603,-0.09296208620071411,-0.030966561737514553,0.09325030446052551,-0.17769616842269897,-0.035678251165009556,0.10613521933555603,-0.2221737504005432,-0.03231985725746256,0.11337396502494812,-0.25080668926239014,-0.02986570492670637,0.06833115220069885,-0.05898565053939819,-0.027350586357570705,0.09712496399879456,-0.13791018724441528,-0.030144492614127216,0.09207537770271301,-0.17250841856002808,-0.022705112102485714,0.08369991183280945,-0.1871415376663208,-0.01717313424036604,0.0770813524723053,-0.0358123779296875,-0.024006797450638828,0.08967682719230652,-0.10312396287918091,-0.02532731041596037,0.08254793286323547,-0.1329483985900879,-0.01884869158551794,0.07457521557807922,-0.1444273591041565,-0.013171471173919258
0.0,0.0,0.0,-0.005720555782318115,-0.07997995615005493,-0.006070615006805724,0.018286466598510742,-0.14411944150924683,-0.010802911808909244,0.05335161089897156,-0.17317920923233032,-0.013056830717445678,0.07634404301643372,-0.18397313356399536,-0.014680503150643176,0.02875208854675293,-0.13513845205307007,-0.028729620604039496,0.06998994946479797,-0.21009474992752075,-0.03558222877812511,0.09077885746955872,-0.24467343091964722,-0.0358794436140073,0.10733368992805481,-0.26934611797332764,-0.035012345044137305,0.05112096667289734,-0.09736782312393188,-0.02820740195942051,0.089986652135849,-0.18125760555267334,-0.03249134424162037,0.1056031882762909,-0.22586143016815186,-0.030224590776683158,0.11627534031867981,-0.25456100702285767,-0.028796718670250243,0.06748321652412415,-0.06432509422302246,-0.02616671401095516,0.09667274355888367,-0.1427915096282959,-0.029356829105140037,0.08947744965553284,-0.17446404695510864,-0.02414693425428993,0.07956436276435852,-0.1854114532470703,-0.020015011755944556,0.07704362273216248,-0.04197734594345093,-0.02429804692995674,0.08873769640922546,-0.10713523626327515,-0.026557083456040687,0.07996425032615662,-0.13604587316513062,-0.02199847552013523,0.07093408703804016,-0.14506220817565918,-0.017669762699128455
0.0,0.0,0.0,-0.0061299800872802734,-0.07905280590057373,-0.006832175024655385,0.017902761697769165,-0.14217251539230347,-0.012550767113324923,0.05363887548446655,-0.1703212857246399,-0.015458329182919783,0.07862034440040588,-0.17956167459487915,-0.017610821475145144,0.025894761085510254,-0.13381284475326538,-0.03117235896444015,0.06743040680885315,-0.2096785306930542,-0.03862969537532024,0.08871015906333923,-0.24558991193771362,-0.03898568784153156,0.10507187247276306,-0.2712005376815796,-0.03793775995528392,0.04845917224884033,-0.09622591733932495,-0.03029325564658336,0.0876530110836029,-0.18094784021377563,-0.03520035703932933,0.10459098219871521,-0.22558367252349854,-0.032918389488813204,0.11579850316047668,-0.2548457384109497,-0.031362570424434466,0.06580960750579834,-0.06450974941253662,-0.027823194463607592,0.09624549746513367,-0.14688390493392944,-0.030729049418923182,0.09418204426765442,-0.18431001901626587,-0.02547201288199119,0.08842244744300842,-0.2016964554786682,-0.021597046007272525,0.07647624611854553,-0.04371851682662964,-0.025575933580157084,0.08902350068092346,-0.1125713586807251,-0.027362590257880015,0.08300086855888367,-0.14634251594543457,-0.02273996320819549,0.07627764344215393,-0.16118675470352173,-0.018549887065645976
0.0,0.0,0.0,-0.007655113935470581,-0.07667690515518188,-0.007517003955115342,0.015261441469192505,-0.14051812887191772,-0.01395701247992065,0.05153381824493408,-0.16956168413162231,-0.017617597279866004,0.07786396145820618,-0.1795482635498047,-0.020352338475902343,0.02062314748764038,-0.13299357891082764,-0.03230384461375024,0.06189599633216858,-0.21157032251358032,-0.04067720569463518,0.08359977602958679,-0.24818915128707886,-0.041419249994476104,0.10039445757865906,-0.27355867624282837,-0.04055842108817842,0.04375404119491577,-0.09655439853668213,-0.031559717876632476,0.08280840516090393,-0.18255281448364258,-0.03785652018876817,0.10077521204948425,-0.22845888137817383,-0.03674237526746538,0.11313918232917786,-0.25889331102371216,-0.03605223916264322,0.06231874227523804,-0.0662350058555603,-0.029275133309681678,0.09251978993415833,-0.1500486135482788,-0.03388812117071893,0.08783641457557678,-0.18651598691940308,-0.029652711970527434,0.0795067846775055,-0.20237106084823608,-0.026115990279038215,0.07469561696052551,-0.04776108264923096,-0.027164774982054496,0.08790436387062073,-0.1191067099571228,-0.0303917536863878,0.0815911591053009,-0.15380126237869263,-0.026855553535540366,0.07438811659812927,-0.16924959421157837,-0.023319707287271285
0.0,0.0,0.0,-0.010009407997131348,-0.07447671890258789,-0.006456395092982348,0.010464400053024292,-0.14255493879318237,-0.01189913828261524,0.04480364918708801,-0.17632293701171875,-0.014703051600235995,0.07015296816825867,-0.19051218032836914,-0.016791101958233412,0.01606050133705139,-0.13419640064239502,-0.03012145165689617,0.05546870827674866,-0.21335464715957642,-0.03793071065433651,0.07693049311637878,-0.25153928995132446,-0.038647564541179236,0.09323063492774963,-0.27833789587020874,-0.0378047921169582,0.03977802395820618,-0.09802734851837158,-0.029831668775159415,0.0777028501033783,-0.1842813491821289,-0.036140816699344214,0.09611973166465759,-0.2313898205757141,-0.03575773019679218,0.10880658030509949,-0.2646617293357849,-0.03553718556054264,0.059162139892578125,-0.0689460039138794,-0.027940158214050825,0.08926621079444885,-0.15623050928115845,-0.033210447471219595,0.08754363656044006,-0.19411051273345947,-0.030073356296497877,0.08164355158805847,-0.21297824382781982,-0.02720702294595867,0.07238736748695374,-0.05261868238449097,-0.025985394086319502,0.08493295311927795,-0.12805408239364624,-0.030296307470280226,0.0795888602733612,-0.1634279489517212,-0.027434949244934614,0.0732862651348114,-0.1806054711341858,-0.024252066801864203
0.0,0.0,0.0,-0.011928737163543701,-0.0716891884803772,-0.0057490879243573545,0.00646287202835083,-0.14006173610687256,-0.011601782547529638,0.039667218923568726,-0.17404818534851074,-0.015358870061334073,0.0640144944190979,-0.18837159872055054,-0.018374672303195894,0.011063635349273682,-0.13626837730407715,-0.02966669402479738,0.04908764362335205,-0.21462762355804443,-0.038406064877506196,0.07053202390670776,-0.25293833017349243,-0.04001774466991037,0.08753162622451782,-0.27943623065948486,-0.03989425129651636,0.03573960065841675,-0.10214781761169434,-0.03032694212555498,0.07309615612030029,-0.1857776641845703,-0.038457075277563035,0.09222763776779175,-0.23309862613677979,-0.03967111013292879,0.10670411586761475,-0.2673734426498413,-0.04048338733076662,0.05610555410385132,-0.07339173555374146,-0.029247749740477502,0.08443742990493774,-0.15994513034820557,-0.03669008813261598,0.0747881531715393,-0.18615037202835083,-0.0333638770079574,0.06268668174743652,-0.1940861940383911,-0.029487496385570466,0.0705108642578125,-0.056297898292541504,-0.028014907757039964,0.08298975229263306,-0.1319798231124878,-0.033723460654016435,0.07491743564605713,-0.1617525815963745,-0.03068750924825281,0.06634372472763062,-0.17315298318862915,-0.026891254032250345
0.0,0.0,0.0,-0.012382030487060547,-0.06980425119400024,-0.0054008987008273834,0.004116415977478027,-0.13802528381347656,-0.011097492484623217,0.03586837649345398,-0.17485475540161133,-0.014746895825737738,0.05942001938819885,-0.19117367267608643,-0.017860334201031947,0.009091287851333618,-0.13615137338638306,-0.029523698447519564,0.04618781805038452,-0.2158907651901245,-0.038911240009838366,0.0671987533569336,-0.2560310959815979,-0.0409759300036967,0.08394187688827515,-0.2838219404220581,-0.040968922732645296,0.03445592522621155,-0.10341519117355347,-0.03061417473691108,0.07092440128326416,-0.18993240594863892,-0.03930283135014179,0.08941102027893066,-0.23715710639953613,-0.040951462297016406,0.10321855545043945,-0.27114343643188477,-0.041827121583992266,0.05538904666900635,-0.07589775323867798,-0.029970828278237605,0.08297210931777954,-0.16531658172607422,-0.03771792521911266,0.07794255018234253,-0.19624489545822144,-0.03523975407915714,0.07003754377365112,-0.2103501558303833,-0.032098026780658984,0.06987571716308594,-0.05913734436035156,-0.02910474857526424,0.08210211992263794,-0.13597959280014038,-0.034807840196663165,0.07573562860488892,-0.16890066862106323,-0.031966315416866564,0.06920129060745239,-0.18487995862960815,-0.02839278599458339
0.0,0.0,0.0,-0.012525767087936401,-0.07176756858825684,-0.004312728136198984,0.004154801368713379,-0.1390162706375122,-0.009878394264148938,0.035363078117370605,-0.17528760433197021,-0.013351925718950497,0.05891013145446777,-0.19192785024642944,-0.016849217075275646,0.00645524263381958,-0.14246422052383423,-0.02962546523230003,0.04442739486694336,-0.22008579969406128,-0.03962777468876766,0.06653091311454773,-0.2607990503311157,-0.04217618990259098,0.0836995542049408,-0.2894964814186096,-0.04229760083870815,0.03160196542739868,-0.10823816061019897,-0.03152967158274578,0.06853684782981873,-0.1951848864555359,-0.040762114408778416,0.08800002932548523,-0.24204671382904053,-0.042958366754817234,0.1020565927028656,-0.2768179774284363,-0.04394619825797008,0.05303993821144104,-0.07948678731918335,-0.03165469232516216,0.08416572213172913,-0.17145150899887085,-0.03918943095521854,0.09429571032524109,-0.21720445156097412,-0.03935925948934482,0.09959253668785095,-0.2479095458984375,-0.03875629890279697,0.06796827912330627,-0.06090950965881348,-0.031285903486775624,0.08369424939155579,-0.13827353715896606,-0.03574759799556659,0.08602496981620789,-0.17510133981704712,-0.03323632020072864,0.08742806315422058,-0.19848120212554932,-0.030440180632638203
0.0,0.0,0.0,-0.012709468603134155,-0.07395827770233154,-0.0035310997375290754,0.006017565727233887,-0.14215761423110962,-0.008781272659916795,0.037909239530563354,-0.1783829927444458,-0.01197998758675567,0.06072649359703064,-0.1969277262687683,-0.015195831398386872,0.006699800491333008,-0.14777135848999023,-0.029270004223008073,0.04490986466407776,-0.22542476654052734,-0.0381355320316743,0.06689950823783875,-0.26664072275161743,-0.039647500703949845,0.08382508158683777,-0.2960081696510315,-0.03921313930572978,0.031816840171813965,-0.11227148771286011,-0.031590305010695374,0.0683421790599823,-0.20162147283554077,-0.040213577191252625,0.0872248113155365,-0.24984586238861084,-0.04224172953786365,0.10057714581489563,-0.28470468521118164,-0.04328954939069263,0.05399399995803833,-0.08289843797683716,-0.03202201772751323,0.0865948498249054,-0.17559880018234253,-0.039471689353604233,0.09809467196464539,-0.22448009252548218,-0.040938250462431824,0.10411050915718079,-0.25644850730895996,-0.04141056511821262,0.07027485966682434,-0.06399935483932495,-0.031754102299828446,0.08459070324897766,-0.14244627952575684,-0.03594436843218318,0.08478870987892151,-0.1795285940170288,-0.034096792082209504,0.08427700400352478,-0.20269662141799927,-0.03205637980522624
0.0,0.0,0.0,-0.013028383255004883,-0.07509958744049072,-0.0032282308364415258,0.006671309471130371,-0.14413273334503174,-0.008000988249307284,0.038596779108047485,-0.18199050426483154,-0.010467060577695975,0.06127899885177612,-0.2027416229248047,-0.012900635336166033,0.00954580307006836,-0.14983320236206055,-0.02968663416487516,0.04753744602203369,-0.22918981313705444,-0.03789619795662702,0.06889551877975464,-0.2715799808502197,-0.038604457598751196,0.08517909049987793,-0.30222243070602417,-0.03759108923060239,0.03462758660316467,-0.11404001712799072,-0.03157488695961774,0.07076442241668701,-0.20517867803573608,-0.04003384031040014,0.08883559703826904,-0.2546433210372925,-0.04145587302429021,0.101565420627594,-0.29128938913345337,-0.04202767155749143,0.05641975998878479,-0.08557635545730591,-0.03140527449232877,0.08890235424041748,-0.177981436252594,-0.03848197377902807,0.09948456287384033,-0.2276235818862915,-0.03906255282146276,0.10472577810287476,-0.26124101877212524,-0.03890586711150945,0.07168781757354736,-0.06829816102981567,-0.030478668135231146,0.08475708961486816,-0.14703583717346191,-0.03380574725252927,0.08400052785873413,-0.18553704023361206,-0.031201214265649924,0.08310770988464355,-0.21108555793762207,-0.02872046149951757
0.0,0.0,0.0,-0.012302994728088379,-0.0766373872756958,-0.003121343988254921,0.007401019334793091,-0.14463108777999878,-0.007937740382999436,0.03949347138404846,-0.18205326795578003,-0.010546672937721269,0.06248307228088379,-0.20264804363250732,-0.013036960584372537,0.012941360473632812,-0.15054750442504883,-0.029418531653732316,0.05078989267349243,-0.2323082685470581,-0.03825876474127199,0.0720590353012085,-0.2747875452041626,-0.03931181490168001,0.0882914662361145,-0.305183470249176,-0.038276355562061326,0.037468552589416504,-0.11532658338546753,-0.031289137748331086,0.07365155220031738,-0.20866608619689941,-0.04003696128472711,0.09191304445266724,-0.25823915004730225,-0.04114329799756433,0.10535454750061035,-0.29457205533981323,-0.04114396109923746,0.05850273370742798,-0.08658009767532349,-0.031185122055262582,0.0903933048248291,-0.17945337295532227,-0.03805106490597154,0.10165566205978394,-0.2284223437309265,-0.037668473867029206,0.10812008380889893,-0.26124662160873413,-0.03655917927369501,0.073325514793396,-0.06773048639297485,-0.030422873643487947,0.0877498984336853,-0.14654594659805298,-0.03323970719918634,0.08868718147277832,-0.18637371063232422,-0.02979413218542959,0.08941030502319336,-0.21297258138656616,-0.02643370799466993
0.0,0.0,0.0,-0.010755389928817749,-0.07810908555984497,-0.0024818704949609582,0.01007610559463501,-0.14628303050994873,-0.006754032012253219,0.042295098304748535,-0.18351387977600098,-0.009089349910794908,0.065239816904068,-0.20313137769699097,-0.01133202496188801,0.016952604055404663,-0.15326207876205444,-0.027597293399452383,0.055361807346343994,-0.23369723558425903,-0.03627916067111414,0.0769319236278534,-0.2746981382369995,-0.03740122555959147,0.09302160143852234,-0.30465033650398254,-0.03642673059570711,0.04056417942047119,-0.1173052191734314,-0.029863504834651167,0.07729718089103699,-0.20832312107086182,-0.0381909647511236,0.09575536847114563,-0.2563287019729614,-0.03896727799642008,0.10910305380821228,-0.29189032316207886,-0.03865342601406496,0.06075355410575867,-0.08704018592834473,-0.030265109755276853,0.09287860989570618,-0.17690157890319824,-0.0362804756985895,0.10572764277458191,-0.225266695022583,-0.035040114216684515,0.11359509825706482,-0.2589606046676636,-0.03341501220333498,0.07481762766838074,-0.06633621454238892,-0.030150562666534597,0.09188207983970642,-0.1437220573425293,-0.03244697316753786,0.0962662398815155,-0.18462896347045898,-0.028519313924192602,0.09956684708595276,-0.21333783864974976,-0.024757625676869566
0.0,0.0,0.0,-0.010126084089279175,-0.07871764898300171,-0.0020920715024601577,0.01067081093788147,-0.14561551809310913,-0.005919656177042043,0.04230296611785889,-0.18224912881851196,-0.007962290589688337,0.0653882622718811,-0.20136845111846924,-0.009928471800861871,0.020279735326766968,-0.15448546409606934,-0.025946115535674608,0.05885404348373413,-0.23438185453414917,-0.03464204577821306,0.0808904767036438,-0.27502596378326416,-0.0358294708849769,0.09783399105072021,-0.3034488558769226,-0.034788326752362764,0.04385554790496826,-0.11963808536529541,-0.028178866413412607,0.08185040950775146,-0.20824790000915527,-0.036022224855599916,0.10091614723205566,-0.25521570444107056,-0.036499877852378404,0.11532241106033325,-0.28910160064697266,-0.03586599363106302,0.06311172246932983,-0.08897596597671509,-0.02862397899943403,0.09618133306503296,-0.1749618649482727,-0.034163636547503984,0.10890817642211914,-0.22319257259368896,-0.03254163025039247,0.11715799570083618,-0.2567700147628784,-0.030653779787002122,0.07564747333526611,-0.06644827127456665,-0.028584557977495706,0.09334218502044678,-0.13980180025100708,-0.03065826689916662,0.09780985116958618,-0.18039309978485107,-0.026383445990262544,0.1010248064994812,-0.20902496576309204,-0.022246661988077676
0.0,0.0,0.0,-0.009402692317962646,-0.08157259225845337,-0.0024199243925409064,0.012341856956481934,-0.14948046207427979,-0.006201454001654838,0.04490691423416138,-0.1849731206893921,-0.00807944874389932,0.06897073984146118,-0.20213013887405396,-0.009833891905088876,0.023044109344482422,-0.1548585295677185,-0.0263607958622174,0.0638343095779419,-0.23299890756607056,-0.03440408690943286,0.08677959442138672,-0.27217715978622437,-0.0352163380302386,0.10426133871078491,-0.2992454767227173,-0.033852755121131395,0.0465717613697052,-0.11799520254135132,-0.028140691138048624,0.08708983659744263,-0.20518887042999268,-0.03477623595966861,0.10713350772857666,-0.25135737657546997,-0.03468911632074878,0.12168335914611816,-0.28431087732315063,-0.03383937760366962,0.06535571813583374,-0.08627766370773315,-0.028056080482144807,0.09903329610824585,-0.1699732542037964,-0.03225851341261432,0.11141949892044067,-0.2177843451499939,-0.03050607538892791,0.11871147155761719,-0.25055134296417236,-0.02885280459298656,0.07704329490661621,-0.06429213285446167,-0.027533817134042238,0.09345871210098267,-0.13534539937973022,-0.02845147348119781,0.09648191928863525,-0.17485463619232178,-0.023861763096590494,0.09826254844665527,-0.20202714204788208,-0.019721413991589998
0.0,0.0,0.0,-0.008226960897445679,-0.08331912755966187,-0.002458897469011845,0.015006721019744873,-0.15115493535995483,-0.006060920006973447,0.04864192008972168,-0.18501657247543335,-0.007700652632308902,0.07266148924827576,-0.20016145706176758,-0.00917858472411126,0.025798410177230835,-0.1557159423828125,-0.02582063088510722,0.0685015618801117,-0.23038232326507568,-0.033335279024584,0.09227445721626282,-0.26689374446868896,-0.03385761315320224,0.11020830273628235,-0.2912670969963074,-0.032321787721855344,0.04869186878204346,-0.11606675386428833,-0.02741629379187316,0.09154942631721497,-0.19958460330963135,-0.03341594273541659,0.11237785220146179,-0.24390804767608643,-0.03303781831954211,0.12731102108955383,-0.2757495641708374,-0.032009824461681546,0.06707146763801575,-0.08286893367767334,-0.02714858325515479,0.10173436999320984,-0.16514867544174194,-0.030805568493349256,0.11421725153923035,-0.21175819635391235,-0.028610601372463407,0.1214684545993805,-0.2440032958984375,-0.02673645066414565,0.07825407385826111,-0.06049603223800659,-0.02646104181502551,0.0945524275302887,-0.13162004947662354,-0.02697284268532485,0.09676375985145569,-0.16894590854644775,-0.021863415188533963,0.09802386164665222,-0.19383329153060913,-0.017370722539169492
0.0,0.0,0.0,-0.007764935493469238,-0.08336788415908813,-0.002707163966334747,0.015395045280456543,-0.1503380537033081,-0.006144761270917343,0.04868203401565552,-0.1815929412841797,-0.007282130117602037,0.07210123538970947,-0.19374489784240723,-0.008293143170959638,0.029908806085586548,-0.15265637636184692,-0.02680545083720176,0.07257884740829468,-0.22679120302200317,-0.03307270414669006,0.09627532958984375,-0.2623699903488159,-0.03282589993912666,0.11399424076080322,-0.2861212491989136,-0.030940018291659044,0.05290275812149048,-0.11324417591094971,-0.027418458531684564,0.09591889381408691,-0.19477945566177368,-0.0315813549562165,0.11615794897079468,-0.23768967390060425,-0.029888979788012193,0.12991732358932495,-0.2675447463989258,-0.02816620066303699,0.07012128829956055,-0.07964742183685303,-0.025996021623797105,0.10356038808822632,-0.15897136926651,-0.02757955498535125,0.11446070671081543,-0.2041953206062317,-0.02455531030435054,0.11983531713485718,-0.23326563835144043,-0.022542627225703882,0.07956790924072266,-0.05613505840301514,-0.02422823912937133,0.09321343898773193,-0.12229293584823608,-0.023447265545911478,0.09228783845901489,-0.1580384373664856,-0.018022406543678926,0.09037518501281738,-0.17982500791549683,-0.013492180663234876
0.0,0.0,0.0,-0.006282895803451538,-0.08400219678878784,-0.002470215003256726,0.017550647258758545,-0.1499071717262268,-0.006411843386729288,0.0503501296043396,-0.17980074882507324,-0.008394966286857652,0.07336670160293579,-0.18982011079788208,-0.010300003377039957,0.03206011652946472,-0.15188723802566528,-0.028200128500600385,0.07591331005096436,-0.22308671474456787,-0.03530221750332885,0.10011851787567139,-0.2590866684913635,-0.036091539462347555,0.11847972869873047,-0.2832092046737671,-0.03509047945334487,0.05384215712547302,-0.11248576641082764,-0.02901883368684821,0.09759443998336792,-0.19038856029510498,-0.0330723630387979,0.11900627613067627,-0.23483967781066895,-0.031182592188258695,0.13257306814193726,-0.26375824213027954,-0.029738438700576353,0.07010793685913086,-0.0757976770401001,-0.027652022813697386,0.10119903087615967,-0.14588594436645508,-0.028855656658549833,0.09923303127288818,-0.17752963304519653,-0.023212178995152044,0.09228336811065674,-0.19018250703811646,-0.019049876754422712,0.07892405986785889,-0.04947865009307861,-0.026120889385481405,0.09104645252227783,-0.1120709776878357,-0.025663684507151174,0.08243954181671143,-0.13913166522979736,-0.019022579689760732,0.07320940494537354,-0.14828354120254517,-0.013255740900774526
0.0,0.0,0.0,-0.006785213947296143,-0.08384674787521362,-0.0027620580335394607,0.01830008625984192,-0.15019869804382324,-0.00603723221544783,0.05253145098686218,-0.17975324392318726,-0.007103793538107084,0.07546165585517883,-0.19065797328948975,-0.007969175680472063,0.03373920917510986,-0.1512731909751892,-0.027053822978331254,0.0774584710597992,-0.22392404079437256,-0.033258964522673296,0.10218331217765808,-0.25836461782455444,-0.033322424842907594,0.12064781785011292,-0.28080230951309204,-0.03179055566985767,0.0550711452960968,-0.11137533187866211,-0.027446211530758546,0.09933057427406311,-0.18891113996505737,-0.030653395905090974,0.11991485953330994,-0.23180758953094482,-0.02797727960248153,0.13287821412086487,-0.26000815629959106,-0.02584175135095279,0.0707036554813385,-0.07526826858520508,-0.025846223561956094,0.1035136878490448,-0.14731085300445557,-0.026209307118250535,0.10644444823265076,-0.18289273977279663,-0.020749637140824007,0.1037159264087677,-0.19948244094848633,-0.016966617881251977,0.079169362783432,-0.04946577548980713,-0.02415376643736522,0.09238496422767639,-0.11170589923858643,-0.022871635137988733,0.08607438206672668,-0.14023268222808838,-0.016277148603393243,0.0784696638584137,-0.15146297216415405,-0.010726035787655519
0.0,0.0,0.0,-0.0062944889068603516,-0.08455336093902588,-0.004556526814766926,0.019751429557800293,-0.15533185005187988,-0.008089064539589685,0.05375424027442932,-0.19585567712783813,-0.0089447925921462,0.07457566261291504,-0.22355300188064575,-0.009312184446670813,0.0360964834690094,-0.14850497245788574,-0.028347004124142927,0.0802420973777771,-0.22000813484191895,-0.034297378652908606,0.10451602935791016,-0.25335538387298584,-0.03410963892302732,0.1225232481956482,-0.27656275033950806,-0.03247992127499799,0.05745136737823486,-0.10691022872924805,-0.027620550164201063,0.10007244348526001,-0.18516278266906738,-0.030462965288378996,0.1194499135017395,-0.2283582091331482,-0.027524847456433577,0.13123518228530884,-0.257074773311615,-0.025466758676984114,0.07260817289352417,-0.07121080160140991,-0.025037739345052046,0.10310965776443481,-0.1443800926208496,-0.025636546232917112,0.10512983798980713,-0.18045037984848022,-0.02011393188796262,0.10164731740951538,-0.19747275114059448,-0.016369640746333403,0.08083122968673706,-0.04699873924255371,-0.022447846749045652,0.09399592876434326,-0.11019378900527954,-0.022115444683649343,0.08895301818847656,-0.1397697925567627,-0.01626925162337045,0.08222359418869019,-0.15232610702514648,-0.011239638471224112
0.0,0.0,0.0,-0.004950881004333496,-0.08751022815704346,-0.007012926588302548,0.022926121950149536,-0.15845942497253418,-0.011414977802431281,0.057589441537857056,-0.2056179642677307,-0.01287760966131657,0.0764569640159607,-0.24800491333007812,-0.01353928268561333,0.03751876950263977,-0.14781808853149414,-0.02959446058282822,0.08091658353805542,-0.21867889165878296,-0.036667451343035395,0.10456353425979614,-0.25139856338500977,-0.03739977263519734,0.12291568517684937,-0.2745091915130615,-0.036550398996567424,0.05903300642967224,-0.10595500469207764,-0.02848459043214291,0.09965085983276367,-0.18329352140426636,-0.03238049157569378,0.11974906921386719,-0.22714674472808838,-0.031142463988160785,0.1326744556427002,-0.2556532025337219,-0.030763603827452357,0.07403451204299927,-0.0684165358543396,-0.025713436386084254,0.10060268640518188,-0.13621878623962402,-0.028218858024573024,0.09495311975479126,-0.16493558883666992,-0.02346822627494305,0.08461886644363403,-0.17427057027816772,-0.020051764404868777,0.0822485089302063,-0.04187417030334473,-0.0231341087133643,0.09097230434417725,-0.1012122631072998,-0.02496445745835274,0.08161932229995728,-0.12501245737075806,-0.020077277055477794,0.07095885276794434,-0.13117694854736328,-0.01555294644693106
0.0,0.0,0.0,-0.005366802215576172,-0.08608657121658325,-0.007263009938498044,0.021901100873947144,-0.15763050317764282,-0.011817990372975373,0.057462453842163086,-0.2052174210548401,-0.013311172406275773,0.07560986280441284,-0.2485748529434204,-0.013950930479069257,0.037415504455566406,-0.14448076486587524,-0.03052341708828976,0.08127474784851074,-0.21515774726867676,-0.03718770066191723,0.10488533973693848,-0.24762874841690063,-0.03729938859035542,0.12317860126495361,-0.2717975974082947,-0.03608362892558148,0.058195650577545166,-0.10322552919387817,-0.02904193619181683,0.09951406717300415,-0.18008089065551758,-0.0327973715393739,0.11912178993225098,-0.22370994091033936,-0.03079224334945252,0.13154202699661255,-0.2534523606300354,-0.02982345739295056,0.0728675127029419,-0.06671756505966187,-0.025864129456778073,0.09878993034362793,-0.13375365734100342,-0.028967128637333417,0.09056621789932251,-0.15738993883132935,-0.02387373851527741,0.07771939039230347,-0.16282755136489868,-0.019760492759843373,0.08119440078735352,-0.04086887836456299,-0.0228186003296571,0.09121882915496826,-0.09985977411270142,-0.025143084618349576,0.08105164766311646,-0.12089437246322632,-0.02033065030266812,0.06930306553840637,-0.12461233139038086,-0.015659039410849118
0.0,0.0,0.0,-0.005243062973022461,-0.08512896299362183,-0.007210440321031797,0.021033257246017456,-0.1568375825881958,-0.01210999846658467,0.0550042986869812,-0.20273077487945557,-0.013570532987031925,0.0725381076335907,-0.24374687671661377,-0.014160856457564819,0.035607486963272095,-0.14027339220046997,-0.032944516131792057,0.07920905947685242,-0.2125876545906067,-0.039733541051063526,0.1023930013179779,-0.24612033367156982,-0.03975986395231246,0.12018457055091858,-0.27041858434677124,-0.038554520199213016,0.05706968903541565,-0.09944552183151245,-0.03133113760701178,0.09873732924461365,-0.17962646484375,-0.034652241358671176,0.11701354384422302,-0.2233719825744629,-0.03167836819044112,0.12852761149406433,-0.2521325945854187,-0.03005882803550719,0.07248818874359131,-0.06406158208847046,-0.02773694772473334,0.09956768155097961,-0.135478675365448,-0.0288747948055601,0.09250953793525696,-0.16368287801742554,-0.021829507166657436,0.08112642168998718,-0.17236030101776123,-0.017093569824609745,0.08125314116477966,-0.039422571659088135,-0.02444054264775275,0.09010902047157288,-0.09962248802185059,-0.025093638191137302,0.08053359389305115,-0.12195801734924316,-0.019023992905530918,0.07028883695602417,-0.1265348196029663,-0.013813903408262718
0.0,0.0,0.0,-0.004260390996932983,-0.08489561080932617,-0.004465761270068924,0.02017340064048767,-0.15221667289733887,-0.008959616675667803,0.05451288819313049,-0.18612349033355713,-0.01108142933964018,0.07647243142127991,-0.20168745517730713,-0.01251686099141125,0.03202429413795471,-0.14310956001281738,-0.028407062545113604,0.07567372918128967,-0.21424776315689087,-0.03476303550570492,0.09810313582420349,-0.24794000387191772,-0.03493323656886105,0.11534157395362854,-0.2720755934715271,-0.03400338920920376,0.05369371175765991,-0.1013953685760498,-0.028628456547551195,0.09504607319831848,-0.18214678764343262,-0.032058731794052164,0.11390259861946106,-0.22682404518127441,-0.02949524219303612,0.12623581290245056,-0.256092369556427,-0.028047871917181055,0.06986436247825623,-0.06512027978897095,-0.027003125428848307,0.10104873776435852,-0.14164865016937256,-0.028044426023654978,0.0983974039554596,-0.17956691980361938,-0.02173960688679699,0.09076699614524841,-0.1968027949333191,-0.017638695567541163,0.07939580082893372,-0.03989732265472412,-0.025524775638871233,0.09141698479652405,-0.10557007789611816,-0.02586655984788422,0.08452525734901428,-0.13779175281524658,-0.020023518383197825,0.07642772793769836,-0.15097296237945557,-0.015116235382549803
0.0,0.0,0.0,-0.0054093897342681885,-0.08098477125167847,-0.005791905248713647,0.019743531942367554,-0.1457146406173706,-0.011058335570794497,0.05685433745384216,-0.1726086139678955,-0.01396741942147628,0.08235582709312439,-0.17994284629821777,-0.016035533888441478,0.027891218662261963,-0.1391977071762085,-0.02897069175372735,0.07057306170463562,-0.21256756782531738,-0.035880566952926074,0.09260007739067078,-0.24708974361419678,-0.03628339004347936,0.10975721478462219,-0.27179408073425293,-0.035619930742484485,0.05043080449104309,-0.10059612989425659,-0.028806369198662196,0.0906268060207367,-0.18137061595916748,-0.0337399108393015,0.10958090424537659,-0.22563397884368896,-0.032440823881131564,0.12248608469963074,-0.25493621826171875,-0.03191562127898351,0.06813377141952515,-0.06732815504074097,-0.026994522107941066,0.09894868731498718,-0.14674925804138184,-0.030631679488521968,0.0927521288394928,-0.1796368956565857,-0.026054175017577563,0.08251228928565979,-0.1925538182258606,-0.022506452543836986,0.07956311106681824,-0.04500657320022583,-0.025309325574141894,0.09142187237739563,-0.11200648546218872,-0.027834200678569232,0.08335080742835999,-0.1420014500617981,-0.023821807844740306,0.0746929943561554,-0.15261828899383545,-0.020020538387996112
0.0,0.0,0.0,-0.007227808237075806,-0.07620704174041748,-0.008213808801542655,0.018962442874908447,-0.13997727632522583,-0.015018948395322695,0.05905690789222717,-0.1662387251853943,-0.018831522245477572,0.08763805031776428,-0.17296093702316284,-0.021646886174153224,0.02257484197616577,-0.13408207893371582,-0.034237490077089205,0.06420263648033142,-0.21309012174606323,-0.04280161582357778,0.08727940917015076,-0.2508125305175781,-0.043742531020711795,0.10530945658683777,-0.2775641083717346,-0.04329020254738225,0.04576191306114197,-0.09821057319641113,-0.03348323427564992,0.08454564213752747,-0.18285542726516724,-0.04045162819750203,0.10500112175941467,-0.2293795347213745,-0.04017334901220693,0.11971721053123474,-0.2608143091201782,-0.04037179522640599,0.06451299786567688,-0.06664669513702393,-0.031092359725903407,0.09348097443580627,-0.1451413631439209,-0.03704141922719373,0.08606758713722229,-0.17426812648773193,-0.033673231531452075,0.07497221231460571,-0.1837446093559265,-0.030547912274073497,0.07716676592826843,-0.04605215787887573,-0.028863080818723574,0.08857622742652893,-0.11302441358566284,-0.03320421748287572,0.08016964793205261,-0.14079630374908447,-0.03034401409752263,0.07143354415893555,-0.1489458680152893,-0.0272833677423705
0.0,0.0,0.0,-0.007352262735366821,-0.07420748472213745,-0.008343580262021533,0.01883840560913086,-0.1388338804244995,-0.015467029147998801,0.05902290344238281,-0.16317152976989746,-0.019693540492312422,0.08810961246490479,-0.1690956950187683,-0.022829216056720725,0.017743468284606934,-0.13484305143356323,-0.03400290765728187,0.05867892503738403,-0.21058064699172974,-0.0429473892685337,0.08188647031784058,-0.24843835830688477,-0.04467724644507598,0.10022246837615967,-0.27593380212783813,-0.04506473996605109,0.04101383686065674,-0.09813767671585083,-0.033887960099832526,0.07981491088867188,-0.1794835329055786,-0.041790973478214255,0.10117191076278687,-0.22717565298080444,-0.04296197005476188,0.11687445640563965,-0.26150524616241455,-0.04441145815815162,0.060717374086380005,-0.06593674421310425,-0.03216148176159095,0.09188848733901978,-0.14568758010864258,-0.039024166845933905,0.08478057384490967,-0.1766730546951294,-0.03648036726679038,0.07371130585670471,-0.1892271637916565,-0.03395792105163764,0.07501253485679626,-0.045631349086761475,-0.030594725244895926,0.08734577894210815,-0.11646074056625366,-0.03589624547328185,0.07896152138710022,-0.14788466691970825,-0.0338432230886383,0.07024380564689636,-0.15975552797317505,-0.03142673530544471
0.0,0.0,0.0,-0.009205669164657593,-0.07132142782211304,-0.006698197784061222,0.011807143688201904,-0.13641053438186646,-0.013941086927587776,0.046844691038131714,-0.1649196743965149,-0.018330006027753143,0.07349148392677307,-0.17666202783584595,-0.022010058263475685,0.012831062078475952,-0.13994497060775757,-0.03452000218086937,0.054205894470214844,-0.21582788228988647,-0.04454486268215874,0.07753029465675354,-0.2550511360168457,-0.046827362949187545,0.09541025757789612,-0.28287404775619507,-0.04698301302843788,0.035965919494628906,-0.10220634937286377,-0.03493213849716881,0.07682952284812927,-0.18528318405151367,-0.044081529701287536,0.0983407199382782,-0.23248273134231567,-0.04521969901972511,0.11389234662055969,-0.2671307325363159,-0.04574669348650673,0.0563579797744751,-0.07001465559005737,-0.03340056362205246,0.08955135941505432,-0.15420550107955933,-0.03969188603215912,0.08895739912986755,-0.19251877069473267,-0.035784216696555404,0.08399394154548645,-0.21419739723205566,-0.03222781243377426,0.07146519422531128,-0.04953581094741821,-0.03185164379530647,0.08564123511314392,-0.1234176754951477,-0.03561342703753212,0.0817461907863617,-0.15971261262893677,-0.03143794658237198,0.07754060626029968,-0.17929714918136597,-0.027231268683607368
0.0,0.0,0.0,-0.010938763618469238,-0.07241636514663696,-0.00477232299527941,0.007558107376098633,-0.14037364721298218,-0.010523429883335211,0.04070773720741272,-0.17498630285263062,-0.013802550544653513,0.06559506058692932,-0.19063061475753784,-0.016804179919574835,0.010131865739822388,-0.14260995388031006,-0.03155423402569113,0.04933866858482361,-0.22134500741958618,-0.041317713258479216,0.07174032926559448,-0.26169854402542114,-0.04319964051029501,0.08886027336120605,-0.28975188732147217,-0.04288172423622427,0.034983694553375244,-0.10761278867721558,-0.03298754319331465,0.0745357871055603,-0.196136474609375,-0.04198592230460463,0.09466564655303955,-0.24338704347610474,-0.04359315410039244,0.10921347141265869,-0.2782982587814331,-0.044076722858164885,0.056060194969177246,-0.07810944318771362,-0.0325025252976161,0.08750122785568237,-0.1689671277999878,-0.0393408879616004,0.09632325172424316,-0.21401172876358032,-0.03865961804768858,0.10091155767440796,-0.2446475625038147,-0.037582293895695784,0.0706782341003418,-0.05885195732116699,-0.031596169618580916,0.084164559841156,-0.13280367851257324,-0.03561220019838629,0.08379495143890381,-0.17056196928024292,-0.03288717642209349,0.08351051807403564,-0.19474446773529053,-0.02994569279036341
0.0,0.0,0.0,-0.013353109359741211,-0.07321733236312866,-0.005054865731437985,0.004500448703765869,-0.14368832111358643,-0.0107908931100269,0.036958783864974976,-0.182167649269104,-0.013891585404564921,0.06110292673110962,-0.20029336214065552,-0.016711975681175772,0.006762653589248657,-0.1429465413093567,-0.03181977313994366,0.04632154107093811,-0.22483783960342407,-0.04115106281875569,0.06868875026702881,-0.2670455574989319,-0.04226207104562718,0.08570128679275513,-0.29630881547927856,-0.04120187577842671,0.0329839289188385,-0.10754019021987915,-0.03295816225050885,0.07120072841644287,-0.20056402683258057,-0.04202459123968083,0.09052735567092896,-0.24994975328445435,-0.04335247469185788,0.10433924198150635,-0.2861199975013733,-0.04354661447047192,0.05515989661216736,-0.07993805408477783,-0.032202230068435256,0.08640319108963013,-0.177026629447937,-0.03968070191382367,0.09704393148422241,-0.22584420442581177,-0.039829422953118865,0.10306721925735474,-0.2590983510017395,-0.0391184662008186,0.07025721669197083,-0.06453168392181396,-0.030869105132808272,0.0845867395401001,-0.14554351568222046,-0.03508031112193066,0.08616489171981812,-0.18548303842544556,-0.032720134826888625,0.08754152059555054,-0.212116539478302,-0.030076151015748565
0.0,0.0,0.0,-0.012712687253952026,-0.07580649852752686,-0.0031215678218075027,0.006766021251678467,-0.1440240740776062,-0.008030632442540764,0.03888693451881409,-0.18186676502227783,-0.010654455913908123,0.062211811542510986,-0.20132297277450562,-0.013199279947883724,0.01054227352142334,-0.14640140533447266,-0.030372966943986057,0.049024373292922974,-0.2262607216835022,-0.0392892089921304,0.07083567976951599,-0.2692335247993469,-0.04003983636081898,0.08759912848472595,-0.29914599657058716,-0.03858926419795239,0.03540712594985962,-0.11113607883453369,-0.03218451042354786,0.07393315434455872,-0.20307880640029907,-0.04089834813655102,0.09296545386314392,-0.2524228096008301,-0.04140955109775746,0.10684242844581604,-0.28743094205856323,-0.04078343038142407,0.05671468377113342,-0.08226239681243896,-0.03188127179325306,0.09010449051856995,-0.17607182264328003,-0.03857894886911595,0.1001909077167511,-0.22628438472747803,-0.03740813483179295,0.10560712218284607,-0.2596561312675476,-0.035599979503757595,0.07125070691108704,-0.06339788436889648,-0.030894075452096104,0.08757969737052917,-0.14404243230819702,-0.03349882636845791,0.08861806988716125,-0.1849614977836609,-0.029427234946496128,0.08892640471458435,-0.21179217100143433,-0.025480636327273487
0.0,0.0,0.0,-0.011677205562591553,-0.07817989587783813,-0.004189036533119861,0.009336680173873901,-0.1463489532470703,-0.009169472128036205,0.04162690043449402,-0.1832450032234192,-0.011912482537212554,0.06503039598464966,-0.2025476098060608,-0.014367799021187011,0.015355587005615234,-0.14692175388336182,-0.02894601200509328,0.05371174216270447,-0.22711074352264404,-0.03780954678344983,0.07539460062980652,-0.2701822519302368,-0.038955013945582095,0.09202554821968079,-0.30008363723754883,-0.03783946086454648,0.03932756185531616,-0.11214613914489746,-0.030429340645554248,0.07865610718727112,-0.20105421543121338,-0.03852288027096051,0.0976356565952301,-0.24895429611206055,-0.0392458808867957,0.11151263117790222,-0.2831685543060303,-0.038859370842459384,0.059105098247528076,-0.08393114805221558,-0.03003260467934865,0.09249356389045715,-0.17542016506195068,-0.036220807328703586,0.10126510262489319,-0.22413015365600586,-0.034942198291304294,0.1056261956691742,-0.25645387172698975,-0.03321900565910596,0.07202759385108948,-0.06580895185470581,-0.029180045917513553,0.08716258406639099,-0.14356988668441772,-0.03164029841113347,0.0865541398525238,-0.18248003721237183,-0.027360012501361552,0.08505156636238098,-0.2068922519683838,-0.02326359201956052
0.0,0.0,0.0,-0.009041547775268555,-0.07848268747329712,-0.005090427429450983,0.013459652662277222,-0.1465439796447754,-0.01065294848106646,0.046941161155700684,-0.18114429712295532,-0.013554440190119976,0.07066190242767334,-0.19724911451339722,-0.015950817924959892,0.020399510860443115,-0.1426648497581482,-0.03229574890158915,0.06108558177947998,-0.22329843044281006,-0.040448896897061104,0.08289730548858643,-0.26519984006881714,-0.0407313186051681,0.09903872013092041,-0.29397690296173096,-0.039050076467020745,0.043847084045410156,-0.10415911674499512,-0.03280907527826571,0.0857129693031311,-0.192532479763031,-0.039627414506895775,0.10467684268951416,-0.24024522304534912,-0.039038911771996254,0.11722582578659058,-0.2731481194496155,-0.03801553354881548,0.06306073069572449,-0.07371866703033447,-0.03119687021992945,0.09570389986038208,-0.16115611791610718,-0.035422869336827034,0.09984803199768066,-0.20762687921524048,-0.032233923983795876,0.0995740294456482,-0.23749572038650513,-0.029517093983514542,0.07524049282073975,-0.05584436655044556,-0.029272856500966782,0.08917301893234253,-0.13132363557815552,-0.030579202187283272,0.08575689792633057,-0.1681564450263977,-0.025286117878778214,0.08200454711914062,-0.18993544578552246,-0.02055558407030844
0.0,0.0,0.0,-0.007914453744888306,-0.07879072427749634,-0.0030003725342595544,0.014957606792449951,-0.1445990800857544,-0.00705075680987477,0.04779776930809021,-0.1808837652206421,-0.008754759074761864,0.07114970684051514,-0.19915318489074707,-0.010141468586041924,0.024620741605758667,-0.14253771305084229,-0.028734028318538662,0.0657927393913269,-0.22011488676071167,-0.03617281092108726,0.08796751499176025,-0.25979477167129517,-0.03581024331749916,0.10417062044143677,-0.28729522228240967,-0.03350201992095947,0.047058939933776855,-0.10491037368774414,-0.02964818475545883,0.08905690908432007,-0.19159537553787231,-0.03619747606815338,0.10862797498703003,-0.23800235986709595,-0.03509619457425117,0.12185382843017578,-0.2717231512069702,-0.03325279799999237,0.06503283977508545,-0.07428538799285889,-0.028469359481348988,0.09919166564941406,-0.1581575870513916,-0.0324456915050888,0.11050653457641602,-0.20461028814315796,-0.029477536657466885,0.11676043272018433,-0.23712658882141113,-0.026725767159476277,0.0757949948310852,-0.055270373821258545,-0.026793567442908284,0.09373754262924194,-0.1265968680381775,-0.027533318826570508,0.09672904014587402,-0.16417676210403442,-0.02231441622377872,0.09819835424423218,-0.18934780359268188,-0.01752371711434364
0.0,0.0,0.0,-0.006797969341278076,-0.0774378776550293,-0.0023141556618497816,0.016809552907943726,-0.1430814266204834,-0.005474253530962869,0.05002164840698242,-0.17697370052337646,-0.006516545984311506,0.07330337166786194,-0.18949061632156372,-0.007219811409129306,0.029496431350708008,-0.13842719793319702,-0.02668665626214306,0.07064381241798401,-0.216427743434906,-0.03314649962948124,0.0922408401966095,-0.25418829917907715,-0.032166651423438,0.10763868689537048,-0.2796856164932251,-0.029449169497354433,0.05182385444641113,-0.1011509895324707,-0.027384039919240877,0.09303447604179382,-0.18830227851867676,-0.03297641032503407,0.11069831252098083,-0.23351120948791504,-0.030837428729398653,0.12195107340812683,-0.26518529653549194,-0.028118018965585634,0.06904396414756775,-0.07143175601959229,-0.026064955602748796,0.10337647795677185,-0.15410757064819336,-0.028953765492303773,0.1149129569530487,-0.1986827850341797,-0.025122816647751733,0.12117251753807068,-0.2290205955505371,-0.02176277057395737,0.0787455141544342,-0.05369126796722412,-0.024338825579150125,0.09912499785423279,-0.1221587061882019,-0.02451012746558945,0.10364964604377747,-0.16013717651367188,-0.019214180271490022,0.10594448447227478,-0.18632608652114868,-0.014347617487771913
0.0,0.0,0.0,-0.0065270960330963135,-0.08248370885848999,-0.0019532086870839294,0.019571036100387573,-0.14730453491210938,-0.004402546080129355,0.05451327562332153,-0.176710844039917,-0.004901477003770083,0.07814979553222656,-0.18605929613113403,-0.0049310362509658034,0.03323808312416077,-0.14151841402053833,-0.02386469287641546,0.07472509145736694,-0.21506083011627197,-0.029057036022024363,0.09617626667022705,-0.2505343556404114,-0.027350013012366503,0.11099189519882202,-0.27529633045196533,-0.024326764846520632,0.05476906895637512,-0.10210621356964111,-0.02453802233405611,0.0955202579498291,-0.18453317880630493,-0.02917073188193342,0.11235308647155762,-0.22845548391342163,-0.02638844666846296,0.12208825349807739,-0.25953614711761475,-0.023223115930633753,0.07086306810379028,-0.0708131194114685,-0.023428522849755495,0.10528057813644409,-0.15080899000167847,-0.02595784036286375,0.11739355325698853,-0.19549816846847534,-0.02218438578613302,0.12347614765167236,-0.2263970971107483,-0.018765150437431544,0.079867422580719,-0.05225867033004761,-0.021937480995731562,0.10317528247833252,-0.11787313222885132,-0.02205502321787378,0.10992598533630371,-0.15623772144317627,-0.017156311178879946,0.11326634883880615,-0.18343281745910645,-0.0125443943388035
0.0,0.0,0.0,-0.007001221179962158,-0.08065271377563477,-0.003005408483232941,0.0184040367603302,-0.14536643028259277,-0.005072944831709947,0.05202287435531616,-0.1752822995185852,-0.004578874480586137,0.07288622856140137,-0.18451881408691406,-0.0037910330916304247,0.03647118806838989,-0.14065319299697876,-0.02532785063297638,0.07859146595001221,-0.21151036024093628,-0.02942427670271286,0.1002039909362793,-0.2454562783241272,-0.02751128611774334,0.11487722396850586,-0.26992368698120117,-0.02457254057438263,0.05680468678474426,-0.10051792860031128,-0.02438890238911995,0.09818702936172485,-0.17906451225280762,-0.026588459067653503,0.11455565690994263,-0.22085195779800415,-0.02253575486750492,0.12349140644073486,-0.24892795085906982,-0.01904139717728981,0.07106375694274902,-0.0675654411315918,-0.02159489741237053,0.10306870937347412,-0.14052486419677734,-0.021446530275653686,0.11412763595581055,-0.18388015031814575,-0.016997559495877113,0.11933940649032593,-0.21031934022903442,-0.013939579517256107,0.07833528518676758,-0.04747217893600464,-0.01858648707778343,0.09544414281845093,-0.10751533508300781,-0.01672738840491661,0.09802550077438354,-0.142961323261261,-0.011367526405166473,0.09864121675491333,-0.1647268533706665,-0.007006823119382943
0.0,0.0,0.0,-0.00578618049621582,-0.08084690570831299,-0.0033966403714345006,0.020348668098449707,-0.14542239904403687,-0.005429237920694163,0.05387714505195618,-0.1744542121887207,-0.004722934521637967,0.07352223992347717,-0.18405193090438843,-0.0039052456411496905,0.038717836141586304,-0.13940322399139404,-0.02658558760573726,0.08114787936210632,-0.20710402727127075,-0.03128248018016677,0.10321351885795593,-0.2421444058418274,-0.03014335718741279,0.11812278628349304,-0.26805609464645386,-0.027885238945387414,0.058940738439559937,-0.09830683469772339,-0.025580234199665597,0.10070005059242249,-0.17362499237060547,-0.02829251562049251,0.11808964610099792,-0.21645528078079224,-0.025109985217355302,0.12788984179496765,-0.24651938676834106,-0.022328521430395654,0.07267853617668152,-0.06387436389923096,-0.022634997337959817,0.10385087132453918,-0.13320517539978027,-0.0231658269911037,0.11492231488227844,-0.1761377453804016,-0.019533447295330575,0.1198451817035675,-0.2026045322418213,-0.01702108916630607,0.07928994297981262,-0.04196804761886597,-0.019410991415284684,0.09439149498939514,-0.10052543878555298,-0.01847408835580211,0.09537884593009949,-0.1356755495071411,-0.01363226801892381,0.09439733624458313,-0.15675735473632812,-0.009545103020869306
0.0,0.0,0.0,-0.004264563322067261,-0.07910722494125366,-0.004715082987544861,0.022801727056503296,-0.14425402879714966,-0.006487475994376268,0.056307315826416016,-0.17431360483169556,-0.005223326205609169,0.07588902115821838,-0.18335700035095215,-0.0036793472779521608,0.04175969958305359,-0.13831555843353271,-0.02704487490221652,0.08515682816505432,-0.20381063222885132,-0.031195185433475103,0.1076403558254242,-0.23827505111694336,-0.02997187274262103,0.12273821234703064,-0.2643391489982605,-0.02793259854182395,0.05978187918663025,-0.09665483236312866,-0.025147353585211363,0.10043665766716003,-0.16730177402496338,-0.026002324472514715,0.11729183793067932,-0.2101057767868042,-0.022140157695261564,0.12644651532173157,-0.24072086811065674,-0.019667848299590673,0.07162776589393616,-0.05981433391571045,-0.021529521148053732,0.10017356276512146,-0.12102246284484863,-0.021164682980028715,0.10577848553657532,-0.15528148412704468,-0.017003366078583326,0.10450425744056702,-0.17284470796585083,-0.014370591665951338,0.07755622267723083,-0.034524500370025635,-0.01785545545384082,0.09065118432044983,-0.08869069814682007,-0.01749701733454856,0.08817335963249207,-0.11826837062835693,-0.013262322458771791,0.08290407061576843,-0.1334097981452942,-0.009629988397804823
0.0,0.0,0.0,-0.004237651824951172,-0.07877457141876221,-0.0043888676902810175,0.021531224250793457,-0.14291000366210938,-0.0063667737870076735,0.05294200778007507,-0.17587774991989136,-0.005397045797721489,0.06776285171508789,-0.1943569779396057,-0.0042522543101171095,0.043244242668151855,-0.13661497831344604,-0.02809036923484598,0.08658814430236816,-0.20157629251480103,-0.033349434192345484,0.10952943563461304,-0.23573750257492065,-0.03315364411012922,0.1254051923751831,-0.2620793581008911,-0.0317363164378861,0.06165921688079834,-0.09615659713745117,-0.02649948028759752,0.10263955593109131,-0.16677284240722656,-0.028177699352667673,0.12016177177429199,-0.209631085395813,-0.024968339408800944,0.13029122352600098,-0.24090391397476196,-0.022909350971744402,0.07372894883155823,-0.06027567386627197,-0.022919321711228235,0.09980535507202148,-0.12158077955245972,-0.023250878135726794,0.09880310297012329,-0.1498892903327942,-0.01851293845014368,0.09187668561935425,-0.16056227684020996,-0.015136827993259772,0.07968753576278687,-0.03536534309387207,-0.019297741632030352,0.08985257148742676,-0.08833014965057373,-0.019363371933863505,0.0823965072631836,-0.11215853691101074,-0.014555030780897482,0.07291918992996216,-0.1197044849395752,-0.01022671190933977
0.0,0.0,0.0,-0.003905653953552246,-0.07929080724716187,-0.00505048867789526,0.02337518334388733,-0.1430445909500122,-0.008227926143533182,0.05846703052520752,-0.17088854312896729,-0.008943207957869959,0.07931628823280334,-0.1792358160018921,-0.009507204801863622,0.04200911521911621,-0.1368865966796875,-0.028107528039342355,0.08603072166442871,-0.1994953751564026,-0.03465675043416638,0.11018133163452148,-0.2322777509689331,-0.03570654469085355,0.1280127763748169,-0.25807052850723267,-0.035511022829538774,0.06125211715698242,-0.09758788347244263,-0.027393617131835413,0.10187703371047974,-0.16583150625228882,-0.031194037222391557,0.12049651145935059,-0.209458589553833,-0.02974076049876828,0.13161778450012207,-0.24119985103607178,-0.02892890053344388,0.07413798570632935,-0.06148266792297363,-0.024856310733682108,0.09966707229614258,-0.1202094554901123,-0.02863074506176133,0.0926893949508667,-0.1407349705696106,-0.025418440275913667,0.07969692349433899,-0.14376968145370483,-0.02217143254829068,0.08065694570541382,-0.03545576333999634,-0.022235218831426096,0.0900658369064331,-0.08840590715408325,-0.025408123084432077,0.0798865556716919,-0.10883110761642456,-0.022080688201910448,0.06807351112365723,-0.11155539751052856,-0.018238719948655557
0.0,0.0,0.0,-0.0037838518619537354,-0.08102661371231079,-0.004484298690599076,0.023431777954101562,-0.14365774393081665,-0.008123596250456444,0.058257728815078735,-0.17130804061889648,-0.009323818660718075,0.07916674017906189,-0.18240880966186523,-0.010227182931643597,0.039540380239486694,-0.13766169548034668,-0.028024426713031403,0.08347049355506897,-0.19844889640808105,-0.03403705084268438,0.10776481032371521,-0.2300781011581421,-0.0347204963261305,0.12597092986106873,-0.2548993229866028,-0.034349818765562645,0.059345543384552,-0.09877908229827881,-0.02777368114833223,0.10143384337425232,-0.1681998372077942,-0.030397751420181862,0.12078514695167542,-0.21176737546920776,-0.028027619286817185,0.1327323019504547,-0.24338066577911377,-0.02681637094859468,0.07291993498802185,-0.0632474422454834,-0.025576162203591934,0.10111507773399353,-0.12495028972625732,-0.026803108915132157,0.0956706702709198,-0.1512848138809204,-0.021342446147841088,0.08428880572319031,-0.15947824716567993,-0.017377200588029496,0.07975509762763977,-0.03756368160247803,-0.02350841747168886,0.09101042151451111,-0.09127312898635864,-0.024239274724763504,0.08235982060432434,-0.11298376321792603,-0.019049924849909416,0.07178810238838196,-0.11755406856536865,-0.014353175699156395
0.0,0.0,0.0,-0.0040204524993896484,-0.08221852779388428,-0.0054864655686657215,0.022939711809158325,-0.14379602670669556,-0.01057029054221914,0.05861613154411316,-0.1715337038040161,-0.01284478609171913,0.08216682076454163,-0.1839543581008911,-0.014725984117959001,0.03734830021858215,-0.13658785820007324,-0.03139533293155239,0.08250430226325989,-0.19968903064727783,-0.03862721291092441,0.10731631517410278,-0.23186880350112915,-0.03978416886833713,0.12578177452087402,-0.2560603618621826,-0.0393962469389777,0.0575217604637146,-0.09712731838226318,-0.030774215280089834,0.10131943225860596,-0.17003542184829712,-0.03368526515272663,0.12080967426300049,-0.21402770280838013,-0.030560659288440206,0.13257211446762085,-0.2451087236404419,-0.02874093134609268,0.07170629501342773,-0.062003374099731445,-0.028174959166918256,0.10453426837921143,-0.13040149211883545,-0.027744997336540678,0.10448378324508667,-0.16702067852020264,-0.020369922786031225,0.09827131032943726,-0.18472468852996826,-0.01583366286662624,0.07866135239601135,-0.03661555051803589,-0.02593510229793594,0.09236186742782593,-0.09399181604385376,-0.02481738854852722,0.0870925784111023,-0.12405699491500854,-0.01813347642031715,0.07968828082084656,-0.13679486513137817,-0.012738110541377523
0.0,0.0,0.0,-0.004676252603530884,-0.083415687084198,-0.005456015378030088,0.02298945188522339,-0.1460508108139038,-0.010428897015543726,0.06051841378211975,-0.1691952347755432,-0.012701431199701574,0.08532357215881348,-0.1739506721496582,-0.014516808934303072,0.0347118079662323,-0.13896292448043823,-0.030462168067487028,0.08062642812728882,-0.2049407958984375,-0.03706696061769321,0.10521742701530457,-0.23794996738433838,-0.037565598174722936,0.12376949191093445,-0.2618575096130371,-0.03686101539412334,0.05484357476234436,-0.09836018085479736,-0.03016512832024887,0.09954836964607239,-0.1738792061805725,-0.03359515024700954,0.12017956376075745,-0.2183375358581543,-0.03107834970930412,0.13352563977241516,-0.24887460470199585,-0.02970666243115261,0.06965214014053345,-0.06287497282028198,-0.027989955529363897,0.10513678193092346,-0.1363844871520996,-0.028683049514683034,0.10714027285575867,-0.17575007677078247,-0.022741027086766508,0.10308220982551575,-0.19531238079071045,-0.019118688910992887,0.0778447687625885,-0.038264453411102295,-0.026057178064974096,0.0933174192905426,-0.10115313529968262,-0.02614806583503082,0.08932670950889587,-0.13509303331375122,-0.020605452269109037,0.08322003483772278,-0.1509770154953003,-0.016083160325678136
0.0,0.0,0.0,-0.004752635955810547,-0.08291107416152954,-0.005851139557108809,0.02262154221534729,-0.14473402500152588,-0.011628264803931643,0.06120854616165161,-0.16465288400650024,-0.01493640268270724,0.08769005537033081,-0.16628044843673706,-0.01770197438125365,0.03254812955856323,-0.13986676931381226,-0.030816363413379122,0.07832571864128113,-0.20704883337020874,-0.038599765170857836,0.10296076536178589,-0.24156928062438965,-0.03996579932098143,0.12186169624328613,-0.26609402894973755,-0.03991383152131789,0.05397865176200867,-0.10028547048568726,-0.03095285059933417,0.09872931241989136,-0.17624962329864502,-0.036258725692079,0.12026000022888184,-0.22025412321090698,-0.03535149456982367,0.13510435819625854,-0.2505832314491272,-0.035025576372191836,0.06989359855651855,-0.06479460000991821,-0.029217889775082995,0.1051567792892456,-0.1389947533607483,-0.03238816769842856,0.09972202777862549,-0.17139321565628052,-0.026904022563741137,0.08939105272293091,-0.18473732471466064,-0.02286322439138644,0.07877528667449951,-0.03975808620452881,-0.027668707315370966,0.093741774559021,-0.10259854793548584,-0.02969208383981936,0.08610418438911438,-0.13294070959091187,-0.024682872239992548,0.07713642716407776,-0.14499562978744507,-0.02014184953694098
0.0,0.0,0.0,-0.005406618118286133,-0.08162391185760498,-0.005576412545764242,0.02127140760421753,-0.1440565586090088,-0.011280516980463062,0.0597282350063324,-0.1656835675239563,-0.014547415895634686,0.0864517092704773,-0.16869348287582397,-0.01723170827912668,0.0305386483669281,-0.1410449743270874,-0.030734460687511955,0.07575032114982605,-0.21015310287475586,-0.03847380343663076,0.0997144877910614,-0.24639421701431274,-0.039499472713345085,0.11784014105796814,-0.2723321318626404,-0.03913206223236898,0.05240368843078613,-0.10251688957214355,-0.0309851522355018,0.09732064604759216,-0.1789913773536682,-0.03666916850792745,0.11947378516197205,-0.22284185886383057,-0.035853177195662056,0.1348419487476349,-0.25340646505355835,-0.0354800707458196,0.06873095035552979,-0.06812536716461182,-0.029343884324902092,0.10403206944465637,-0.14259833097457886,-0.03300052497374395,0.09976723790168762,-0.1749158501625061,-0.02790922287690023,0.09038576483726501,-0.18926358222961426,-0.023988915493958984,0.07794731855392456,-0.04412281513214111,-0.027787798902267014,0.09393790364265442,-0.10774403810501099,-0.030090512594455276,0.08739790320396423,-0.13898444175720215,-0.025319632029408012,0.07895553112030029,-0.1526622176170349,-0.020900804436081444
0.0,0.0,0.0,-0.005567401647567749,-0.08147341012954712,-0.004361706886186312,0.020691007375717163,-0.14511346817016602,-0.009589171603067825,0.05826765298843384,-0.16763854026794434,-0.012804184674962471,0.08419159054756165,-0.17156654596328735,-0.015539151251061867,0.02996155619621277,-0.14418619871139526,-0.029064818851395557,0.07432758808135986,-0.21509212255477905,-0.036655760936184834,0.0978841781616211,-0.25191032886505127,-0.03765667193357558,0.11593365669250488,-0.2782260775566101,-0.037289991609497974,0.05155903100967407,-0.10549867153167725,-0.03014988415662856,0.09612363576889038,-0.1833396553993225,-0.03605137356345267,0.11815840005874634,-0.22719228267669678,-0.03563776948277564,0.1338059902191162,-0.25744563341140747,-0.03548975252334685,0.06783831119537354,-0.07018661499023438,-0.029304463051005314,0.10307753086090088,-0.14588916301727295,-0.033410209797068546,0.0974271297454834,-0.1774454116821289,-0.028490824259563396,0.0871300995349884,-0.19081294536590576,-0.024468805275603245,0.07741722464561462,-0.04512125253677368,-0.02841994874899001,0.09398901462554932,-0.110470712184906,-0.030958657718940685,0.08733177185058594,-0.1416240930557251,-0.026074617735787342,0.07864958047866821,-0.15514332056045532,-0.02145268359009833
0.0,0.0,0.0,-0.0062988996505737305,-0.08271282911300659,-0.004593072685253219,0.018793493509292603,-0.1479806900024414,-0.009465473464530305,0.055326610803604126,-0.17269450426101685,-0.01224770745525916,0.08063703775405884,-0.17884713411331177,-0.014573979883294896,0.028317511081695557,-0.1458849310874939,-0.028557535952728585,0.07095775008201599,-0.219970703125,-0.03660535136501153,0.09369984269142151,-0.2589266300201416,-0.037643757409256295,0.11109533905982971,-0.28602612018585205,-0.037036993301313714,0.050046950578689575,-0.10695528984069824,-0.029713927528661088,0.09361597895622253,-0.18941611051559448,-0.036873456782501535,0.11441168189048767,-0.2345867156982422,-0.03686379710475762,0.12931475043296814,-0.2650755047798157,-0.036275406128567056,0.06633758544921875,-0.07242554426193237,-0.02904001692573388,0.10145696997642517,-0.15345263481140137,-0.03386506134907563,0.10249063372612,-0.1934404969215393,-0.029715250006717042,0.09910973906517029,-0.21560412645339966,-0.025962193257015542,0.07560569047927856,-0.048129141330718994,-0.02828991854826768,0.0930987298488617,-0.11749613285064697,-0.0305716625813659,0.09061726927757263,-0.15445303916931152,-0.025503697565596894,0.08612897992134094,-0.17394226789474487,-0.020655858090918855
0.0,0.0,0.0,-0.008986026048660278,-0.08330321311950684,-0.004356304757948237,0.014676392078399658,-0.1502726674079895,-0.008876733124907332,0.05016684532165527,-0.1785517930984497,-0.011096578665728885,0.07579141855239868,-0.1864827275276184,-0.012843073920066672,0.02492538094520569,-0.14744776487350464,-0.028661783427651244,0.0679246187210083,-0.22458773851394653,-0.03621306979721339,0.0904242992401123,-0.2639939785003662,-0.03631070593064578,0.10712248086929321,-0.2911440134048462,-0.034784502924139815,0.04760712385177612,-0.10972243547439575,-0.02945481018787177,0.09164279699325562,-0.194047749042511,-0.03643966430490764,0.11149483919143677,-0.2391345500946045,-0.035818151772673446,0.12491685152053833,-0.27050119638442993,-0.034460339338238555,0.06476405262947083,-0.07730740308761597,-0.028315800816471892,0.09916776418685913,-0.15954190492630005,-0.03281053492491992,0.1031683087348938,-0.20133787393569946,-0.028739971683080512,0.10242366790771484,-0.22709697484970093,-0.025019988060648757,0.07452806830406189,-0.05562525987625122,-0.026982659117038565,0.09115618467330933,-0.12594252824783325,-0.028666596502716857,0.09004145860671997,-0.16271662712097168,-0.023235007763560134,0.08672851324081421,-0.1839350461959839,-0.01812353880768569
0.0,0.0,0.0,-0.009558796882629395,-0.08327281475067139,-0.004393272686883165,0.012802660465240479,-0.15324252843856812,-0.008715812701865389,0.04619690775871277,-0.19092416763305664,-0.010547199871524526,0.06904596090316772,-0.21242433786392212,-0.01185760426162119,0.02515357732772827,-0.15019875764846802,-0.02899027208624716,0.06837812066078186,-0.22544175386428833,-0.03666987980543013,0.09151506423950195,-0.264171302318573,-0.03705904225645895,0.10841667652130127,-0.2908579111099243,-0.03550875524817343,0.048081785440444946,-0.11147809028625488,-0.029357656490191175,0.0914115309715271,-0.19458860158920288,-0.0356323492044055,0.11091136932373047,-0.24005883932113647,-0.03492095659314032,0.12339568138122559,-0.27142947912216187,-0.03365602682171698,0.06594112515449524,-0.07932919263839722,-0.02769831533370848,0.09898531436920166,-0.1600460410118103,-0.03139951417981024,0.1034805178642273,-0.20306628942489624,-0.027259261932357504,0.10264503955841064,-0.2297084927558899,-0.023684583258017256,0.07648313045501709,-0.05842107534408569,-0.025833649214490606,0.09290069341659546,-0.12814027070999146,-0.027143509712203695,0.09312790632247925,-0.16530835628509521,-0.021725773465021803,0.09098875522613525,-0.18758362531661987,-0.01654403622089262
0.0,0.0,0.0,-0.012982279062271118,-0.07872819900512695,-0.006120746273438726,0.0041620731353759766,-0.15174883604049683,-0.010539546392749344,0.03631320595741272,-0.19704276323318481,-0.012026528611670528,0.05846044421195984,-0.22466254234313965,-0.012740216933082138,0.026111721992492676,-0.14578580856323242,-0.02854987025995115,0.06791061162948608,-0.22694861888885498,-0.035766247443746124,0.09022679924964905,-0.26741039752960205,-0.035792134486030136,0.10626909136772156,-0.29406678676605225,-0.03377452098567346,0.05048057436943054,-0.10855305194854736,-0.02745578416426042,0.09214136004447937,-0.19705909490585327,-0.033022887788604294,0.11091688275337219,-0.2434319257736206,-0.03176736064989427,0.12234404683113098,-0.27427029609680176,-0.029882961667965446,0.06757685542106628,-0.0784195065498352,-0.024630354501198326,0.09917917847633362,-0.1607087254524231,-0.0285978203340278,0.10427668690681458,-0.2034103274345398,-0.025173503689359222,0.10315623879432678,-0.22939562797546387,-0.021718805439661537,0.07640489935874939,-0.059585511684417725,-0.021619075693081413,0.09311792254447937,-0.12917113304138184,-0.02401160985965589,0.09419283270835876,-0.16633814573287964,-0.01962180414039949,0.09148761630058289,-0.1886523962020874,-0.014817522622536217
0.0,0.0,0.0,-0.015108197927474976,-0.07773047685623169,-0.006408729841496097,0.0007607638835906982,-0.15177935361862183,-0.010765366972918855,0.032315611839294434,-0.20139867067337036,-0.011792762921686517,0.05443692207336426,-0.23249733448028564,-0.011925415852601873,0.02639615535736084,-0.14599967002868652,-0.02910372686528717,0.06774750351905823,-0.2277469038963318,-0.03506919627034222,0.08957168459892273,-0.26687926054000854,-0.033772299782867776,0.10551699995994568,-0.29283589124679565,-0.030768169806833612,0.05117860436439514,-0.11050105094909668,-0.026644562156434404,0.09118667244911194,-0.20057201385498047,-0.029924229504104005,0.10863783955574036,-0.24553543329238892,-0.02631999437653576,0.11969193816184998,-0.2758067846298218,-0.023042474658723222,0.0683300793170929,-0.08178800344467163,-0.022504539014335023,0.09879264235496521,-0.1640346646308899,-0.02395022918426548,0.10782155394554138,-0.20708823204040527,-0.019774424628849374,0.11124375462532043,-0.23424619436264038,-0.0164992946847633,0.07682612538337708,-0.06433999538421631,-0.01827437874817406,0.09258374571800232,-0.13085836172103882,-0.018158110575313913,0.09423735737800598,-0.16537946462631226,-0.013311329083080636,0.0929347574710846,-0.18667542934417725,-0.008802635380561696
0.0,0.0,0.0,-0.015604227781295776,-0.07964062690734863,-0.005363328696091685,0.0006691515445709229,-0.15429365634918213,-0.009514804311891112,0.03169021010398865,-0.20426517724990845,-0.010518913471003088,0.05252426862716675,-0.24017643928527832,-0.010662931331296477,0.029928117990493774,-0.15010976791381836,-0.027267483376760993,0.07041114568710327,-0.22838109731674194,-0.03253324268092683,0.09180331230163574,-0.26701462268829346,-0.03086616968442968,0.10713475942611694,-0.2926345467567444,-0.02755198007156423,0.054531872272491455,-0.11290872097015381,-0.024939452611704382,0.09303909540176392,-0.20116883516311646,-0.026878628262181792,0.10918772220611572,-0.24506860971450806,-0.022125187643666777,0.11957865953445435,-0.2744852304458618,-0.01815484029879144,0.07123982906341553,-0.08294260501861572,-0.0209958603017526,0.10253220796585083,-0.16439521312713623,-0.02143075814177564,0.11408871412277222,-0.20869988203048706,-0.016618726157446417,0.11946123838424683,-0.23768967390060425,-0.01299954050858787,0.07978469133377075,-0.06543141603469849,-0.016873558365603003,0.09929567575454712,-0.13146841526031494,-0.01598349151839784,0.10601186752319336,-0.16872811317443848,-0.011034894117017302,0.10881763696670532,-0.19490563869476318,-0.0065107879572110505
0.0,0.0,0.0,-0.017364442348480225,-0.07705622911453247,-0.006324195400452481,-0.003190934658050537,-0.15329229831695557,-0.010064998273378478,0.027930408716201782,-0.20327526330947876,-0.010508786518698798,0.05043664574623108,-0.23509913682937622,-0.009597696927016841,0.03374943137168884,-0.15145879983901978,-0.02509724870753871,0.0742572546005249,-0.22940117120742798,-0.02947865762246238,0.0942375659942627,-0.2673755884170532,-0.02728545442653285,0.10832804441452026,-0.29268425703048706,-0.023857716102725135,0.05839231610298157,-0.11594212055206299,-0.022095959265357124,0.09654229879379272,-0.205041766166687,-0.02413652614188777,0.1092180609703064,-0.24843192100524902,-0.01876928620470153,0.11622148752212524,-0.27654027938842773,-0.013970087845450507,0.07412660121917725,-0.08773839473724365,-0.017843860764628516,0.10518956184387207,-0.16784685850143433,-0.018807097901230918,0.11368590593338013,-0.21017110347747803,-0.013483003344958888,0.11634653806686401,-0.23768621683120728,-0.009029722404306995,0.08145266771316528,-0.07123422622680664,-0.013588348035341369,0.10368835926055908,-0.13374698162078857,-0.013290525045817958,0.1099124550819397,-0.1694381833076477,-0.008665480282729732,0.11171889305114746,-0.19501864910125732,-0.004108270262008773
0.0,0.0,0.0,-0.01958465576171875,-0.07833635807037354,-0.009012022382329121,-0.006095677614212036,-0.15411376953125,-0.013239607541571274,0.02635335922241211,-0.20521223545074463,-0.014046849078248158,0.04991146922111511,-0.23955166339874268,-0.013228264963935032,0.03636044263839722,-0.15667766332626343,-0.021792987688193932,0.07515507936477661,-0.2339850664138794,-0.025323547749529496,0.09373009204864502,-0.27276676893234253,-0.023881612672219887,0.10726386308670044,-0.30127644538879395,-0.021572267963300362,0.061025798320770264,-0.12320798635482788,-0.01781025934101166,0.09631353616714478,-0.20901942253112793,-0.01898392508805813,0.10696190595626831,-0.25379055738449097,-0.01454921099425377,0.11228501796722412,-0.2835744619369507,-0.010904413043270722,0.07557064294815063,-0.09612107276916504,-0.01327230162055315,0.1044626235961914,-0.1736885905265808,-0.014203399746428147,0.1108894944190979,-0.21506470441818237,-0.009496922931383267,0.11183291673660278,-0.2415863275527954,-0.005694020866165772,0.08230775594711304,-0.08066654205322266,-0.009177326551387921,0.10473477840423584,-0.13975906372070312,-0.00957600805045189,0.11042821407318115,-0.174943745136261,-0.005836813571612254,0.1119127869606018,-0.20045888423919678,-0.0020361112903160006
0.0,0.0,0.0,-0.017970174551010132,-0.07920604944229126,-0.007297562636637167,-0.004328489303588867,-0.1545899510383606,-0.010972792949729637,0.027723580598831177,-0.20473164319992065,-0.011213105838947968,0.051118403673172,-0.23837167024612427,-0.009931780133598522,0.037107259035110474,-0.1564684510231018,-0.02270531534796305,0.07677152752876282,-0.23396098613739014,-0.025683802288227753,0.09517768025398254,-0.2740125060081482,-0.023089808147602753,0.1082904040813446,-0.30313336849212646,-0.019762056615405754,0.06098100543022156,-0.12225687503814697,-0.019011073481493668,0.09901413321495056,-0.20792782306671143,-0.020639355030112938,0.10895314812660217,-0.252377986907959,-0.014967783089929299,0.1131385862827301,-0.28102296590805054,-0.009839473027938084,0.0746624767780304,-0.0942530632019043,-0.014329856928640083,0.10556480288505554,-0.1712052822113037,-0.015047275196963028,0.11132565140724182,-0.21233373880386353,-0.00897249366735764,0.11094698309898376,-0.23777341842651367,-0.0038270218914533416,0.08048030734062195,-0.07712334394454956,-0.009832742359691338,0.10315385460853577,-0.13623011112213135,-0.008842784647100643,0.10748526453971863,-0.17140835523605347,-0.0034934025874520103,0.10729029774665833,-0.19576722383499146,0.0015447574283768972
0.0,0.0,0.0,-0.01758977770805359,-0.07995957136154175,-0.007807510887666069,-0.003587782382965088,-0.15666115283966064,-0.011263563280387245,0.028589457273483276,-0.20724469423294067,-0.011423946340961777,0.05237114429473877,-0.2394532561302185,-0.010018940997703396,0.03924122452735901,-0.15808147192001343,-0.020774759334905468,0.0776425302028656,-0.2345176339149475,-0.024114472774250828,0.09602656960487366,-0.2748992443084717,-0.02257083913443836,0.10901549458503723,-0.3045159578323364,-0.020111318660362087,0.0633249282836914,-0.12411552667617798,-0.01707473768053802,0.09954437613487244,-0.20867758989334106,-0.018695617077334248,0.11006966233253479,-0.2541359066963196,-0.014298626204414688,0.11465159058570862,-0.2843058705329895,-0.010309965332432114,0.07703647017478943,-0.09641927480697632,-0.012617428769750916,0.10577943921089172,-0.17234647274017334,-0.013683420588655792,0.11160978674888611,-0.21343296766281128,-0.008657325041873776,0.1112428605556488,-0.23912066221237183,-0.004307036736442171,0.08241698145866394,-0.07986319065093994,-0.008448009361906372,0.1037161648273468,-0.13836586475372314,-0.008286213484986149,0.10817679762840271,-0.17346441745758057,-0.0037007345644965994,0.10822489857673645,-0.19798904657363892,0.0008566210335843039
0.0,0.0,0.0,-0.01609322428703308,-0.08178013563156128,-0.008024697444952267,-0.0002124309539794922,-0.16031861305236816,-0.011162499218798416,0.033697038888931274,-0.21117562055587769,-0.010654756120956677,0.05784597992897034,-0.24429738521575928,-0.008332136340058582,0.04034838080406189,-0.15687257051467896,-0.022006520323074596,0.08086901903152466,-0.2362920045852661,-0.024165858767545956,0.09825479984283447,-0.2771296501159668,-0.021001673556483524,0.11007583141326904,-0.30691611766815186,-0.017302315003789204,0.06341743469238281,-0.12139499187469482,-0.0174371127705939,0.10024189949035645,-0.20977729558944702,-0.01780765994600131,0.11028397083282471,-0.25659412145614624,-0.01181818197629525,0.1144818663597107,-0.28756237030029297,-0.006763739298648375,0.07652157545089722,-0.09310364723205566,-0.01201851970664336,0.1029173731803894,-0.16999715566635132,-0.011893317356324928,0.10519307851791382,-0.2067091464996338,-0.005725535817063587,0.10217452049255371,-0.22825300693511963,-0.0005889971708796793,0.08192622661590576,-0.07645303010940552,-0.006899577818430203,0.09997773170471191,-0.1359161138534546,-0.005790499757594603,0.10093992948532104,-0.1691063642501831,-0.0007115274403162175,0.09808546304702759,-0.19098132848739624,0.004129835617177946
0.0,0.0,0.0,-0.014261335134506226,-0.08295959234237671,-0.007410812404344824,0.0030473172664642334,-0.16088831424713135,-0.010052945211867836,0.036937862634658813,-0.21077430248260498,-0.00933812160823777,0.06063026189804077,-0.24333781003952026,-0.007067982785741833,0.04300028085708618,-0.1560230255126953,-0.019995618358592537,0.0828218162059784,-0.23356670141220093,-0.02219524768028691,0.09997275471687317,-0.27462565898895264,-0.019945537418465165,0.111182302236557,-0.30456435680389404,-0.01713831697438195,0.06539499759674072,-0.12035578489303589,-0.016149470329622773,0.10185864567756653,-0.20655733346939087,-0.016223076477984932,0.11213257908821106,-0.2527836561203003,-0.011368500747124699,0.11629614233970642,-0.28338396549224854,-0.007495644715021399,0.0779934823513031,-0.0914117693901062,-0.011559858665208367,0.10585048794746399,-0.16726082563400269,-0.011206963777880219,0.11119988560676575,-0.2067265510559082,-0.006246236831287888,0.11098214983940125,-0.23118895292282104,-0.002505295424128917,0.08287975192070007,-0.0736573338508606,-0.0072727498862548146,0.10149142146110535,-0.13273882865905762,-0.006476731717924622,0.10410121083259583,-0.16644030809402466,-0.0021118626262648377,0.10307696461677551,-0.1893513798713684,0.001917614854534122
0.0,0.0,0.0,-0.013838797807693481,-0.08391356468200684,-0.008631867757628697,0.004888445138931274,-0.16165685653686523,-0.011361069446991223,0.03904616832733154,-0.21000421047210693,-0.010762366867254514,0.06201356649398804,-0.24519437551498413,-0.008808087958584565,0.04437053203582764,-0.1558564305305481,-0.020369303813765782,0.08352667093276978,-0.2324608564376831,-0.023140241792987126,0.10179442167282104,-0.27244865894317627,-0.02173841132838561,0.11449706554412842,-0.3026920557022095,-0.01959980412442519,0.06617721915245056,-0.11836999654769897,-0.01621845684070422,0.10164159536361694,-0.2019243836402893,-0.016627333527992505,0.11252331733703613,-0.24942666292190552,-0.012689629039357442,0.11657917499542236,-0.2814972996711731,-0.009653948648463029,0.07787173986434937,-0.08761286735534668,-0.01153192802388503,0.10295212268829346,-0.1599859595298767,-0.011894862568567532,0.10579371452331543,-0.1987076997756958,-0.008080389751683015,0.10344171524047852,-0.22196757793426514,-0.004989452129791516,0.08232146501541138,-0.06834125518798828,-0.007248778762857455,0.09872877597808838,-0.12714320421218872,-0.007263374450246829,0.09873253107070923,-0.16040223836898804,-0.003624878293464917,0.0953173041343689,-0.18171024322509766,-4.0425476015570894e-05
0.0,0.0,0.0,-0.012514650821685791,-0.08295851945877075,-0.00913212212440584,0.007055908441543579,-0.15977293252944946,-0.012663852858217695,0.041868120431900024,-0.2067960500717163,-0.012461278091045358,0.06501761078834534,-0.24039411544799805,-0.01099583550062988,0.042060673236846924,-0.15175354480743408,-0.025874346929462888,0.08324635028839111,-0.23058569431304932,-0.02959455406931255,0.10272687673568726,-0.2691650390625,-0.027880132633121946,0.11612355709075928,-0.29741883277893066,-0.025322296160133817,0.06394046545028687,-0.11248129606246948,-0.021341808575066068,0.10031050443649292,-0.19803732633590698,-0.021975683483155706,0.1117737889289856,-0.24323517084121704,-0.01719237907496307,0.11631512641906738,-0.2727378010749817,-0.01370475670960758,0.07588696479797363,-0.08058053255081177,-0.015922276737960317,0.09906673431396484,-0.1549484133720398,-0.016098527672561147,0.10081326961517334,-0.193464994430542,-0.011672470222087838,0.09785151481628418,-0.21579110622406006,-0.008455955858202913,0.08048194646835327,-0.06114614009857178,-0.010861485699983575,0.09360569715499878,-0.12239515781402588,-0.01123263730374191,0.09212654829025269,-0.15621155500411987,-0.007844535137387254,0.08776432275772095,-0.17720180749893188,-0.004544964494975545
0.0,0.0,0.0,-0.011622071266174316,-0.08191901445388794,-0.008669222403916876,0.007737517356872559,-0.15933525562286377,-0.01225509091899113,0.04218757152557373,-0.20612329244613647,-0.011749311980459254,0.06589210033416748,-0.23189818859100342,-0.010196295265707533,0.04109835624694824,-0.14627808332443237,-0.030910715159627955,0.08366268873214722,-0.22828811407089233,-0.0351429746268721,0.10375553369522095,-0.2662990093231201,-0.03288829110250191,0.1178629994392395,-0.2928035259246826,-0.029734335538599055,0.06276312470436096,-0.10688835382461548,-0.02571833103582577,0.10083061456680298,-0.19234639406204224,-0.026042431291791956,0.11324411630630493,-0.23805516958236694,-0.019928114187571566,0.11855119466781616,-0.26779913902282715,-0.015432211269292395,0.0752679705619812,-0.07426011562347412,-0.019104990807029765,0.09474092721939087,-0.1450626254081726,-0.01816498458072857,0.09159564971923828,-0.1757962703704834,-0.01261958077237324,0.08437758684158325,-0.18809694051742554,-0.008476074483844798,0.08037930727005005,-0.0530129075050354,-0.012758936431858103,0.08781087398529053,-0.11065500974655151,-0.01201267976001219,0.08136385679244995,-0.13886070251464844,-0.0080193930088015,0.07310345768928528,-0.1518568992614746,-0.004176110659393828
0.0,0.0,0.0,-0.010404080152511597,-0.08303093910217285,-0.008156647934583816,0.010365098714828491,-0.1602332592010498,-0.012048021919099483,0.04610922932624817,-0.2060697078704834,-0.012322389549581203,0.06909570097923279,-0.23585808277130127,-0.011745521827606353,0.03978738188743591,-0.14528697729110718,-0.031064036331144962,0.08097085356712341,-0.22577130794525146,-0.036105820006696376,0.10122343897819519,-0.263888955116272,-0.03471725530084768,0.11593744158744812,-0.291467547416687,-0.03226966134366194,0.06140279769897461,-0.10676121711730957,-0.02714527308103243,0.09901091456413269,-0.19154149293899536,-0.02888612731453577,0.11603012681007385,-0.2391289472579956,-0.025035644910303745,0.12596914172172546,-0.27091360092163086,-0.022449250361887607,0.07459339499473572,-0.0735357403755188,-0.021630293718544635,0.09246239066123962,-0.1404132843017578,-0.022873523673979435,0.08651313185691833,-0.16341477632522583,-0.01885190329608122,0.07608819007873535,-0.16759800910949707,-0.015352251037029419,0.08078715205192566,-0.05087077617645264,-0.01624526365753809,0.086920827627182,-0.10724258422851562,-0.017117400682536754,0.07810965180397034,-0.1286238431930542,-0.01353666748013893,0.06776443123817444,-0.13305282592773438,-0.009789717412559185
0.0,0.0,0.0,-0.011121243238449097,-0.08039629459381104,-0.011557612382816274,0.010568082332611084,-0.15705060958862305,-0.016592105665253598,0.04630565643310547,-0.20467793941497803,-0.016624741070913274,0.06886181235313416,-0.2387911081314087,-0.015674428829001386,0.03959935903549194,-0.13915973901748657,-0.036356843822645146,0.08320033550262451,-0.2245417833328247,-0.04106765966956516,0.10426807403564453,-0.2625514268875122,-0.03902198728268047,0.11974304914474487,-0.28956538438796997,-0.03603941183631321,0.06022331118583679,-0.10101217031478882,-0.029729759135292966,0.10023552179336548,-0.18861061334609985,-0.030187183805750806,0.11523699760437012,-0.23496341705322266,-0.02463095989172359,0.1226913332939148,-0.2656681537628174,-0.02105944212620159,0.07273229956626892,-0.06885284185409546,-0.02153926510457893,0.09852856397628784,-0.14134424924850464,-0.020339460858153302,0.09815645217895508,-0.1736358404159546,-0.015193164163278539,0.09167146682739258,-0.1875295639038086,-0.011987613328741986,0.0785052478313446,-0.046793222427368164,-0.013776682131933171,0.08970189094543457,-0.10468077659606934,-0.0131858808929195,0.0846366286277771,-0.13243967294692993,-0.009468368069278199,0.07666343450546265,-0.14445620775222778,-0.006135108229713637
0.0,0.0,0.0,-0.008059501647949219,-0.08311241865158081,-0.011427610747517747,0.015437990427017212,-0.15881407260894775,-0.015942721262575787,0.050849080085754395,-0.20553243160247803,-0.015538263700904054,0.07333448529243469,-0.23811137676239014,-0.014010330297054452,0.038204342126846313,-0.13937020301818848,-0.03638006244599978,0.08255401253700256,-0.22285383939743042,-0.040727316036822,0.10311713814735413,-0.2606087327003479,-0.038133150532843274,0.11884322762489319,-0.28822505474090576,-0.03476711978018443,0.05765447020530701,-0.10262918472290039,-0.029746305763723058,0.09884020686149597,-0.1901993751525879,-0.03037910033762614,0.11671337485313416,-0.2382853627204895,-0.025102235943080586,0.12706241011619568,-0.26981979608535767,-0.02174674962461154,0.07054594159126282,-0.07002800703048706,-0.021434177279473943,0.09673371911048889,-0.1387057900428772,-0.020363726288081807,0.09210988879203796,-0.16379809379577637,-0.014996835596861047,0.08156600594520569,-0.16963553428649902,-0.011317027367653054,0.07758140563964844,-0.045068204402923584,-0.01360212416201989,0.08977118134498596,-0.09938347339630127,-0.012810161903502149,0.0819905698299408,-0.12228250503540039,-0.00873589199781577,0.07121133804321289,-0.1279725432395935,-0.004978338822724027
0.0,0.0,0.0,-0.008800983428955078,-0.08137822151184082,-0.011728512571380634,0.01805436611175537,-0.1560388207435608,-0.01669476319216301,0.05553925037384033,-0.19849908351898193,-0.016570936405287284,0.07943224906921387,-0.22533857822418213,-0.015461939835176963,0.03782010078430176,-0.1364251971244812,-0.03887251157425453,0.08344858884811401,-0.22239547967910767,-0.04313247416280319,0.10470575094223022,-0.25837796926498413,-0.039946523943171997,0.12147390842437744,-0.28398704528808594,-0.036238615849242706,0.058666229248046875,-0.10033226013183594,-0.03221229974292328,0.10082852840423584,-0.19115859270095825,-0.033269980439172286,0.1189987063407898,-0.23778152465820312,-0.02777295697592308,0.13016891479492188,-0.2668924927711487,-0.02411823857687523,0.07300665974617004,-0.06863850355148315,-0.023660091200099487,0.10159343481063843,-0.1465768814086914,-0.0226590311910968,0.09675371646881104,-0.17637157440185547,-0.01674574565254261,0.0868329107761383,-0.18502849340438843,-0.012931134999917049,0.0808970034122467,-0.04516148567199707,-0.015604877361283798,0.09232842922210693,-0.1045382022857666,-0.015662447997556228,0.0841934084892273,-0.13090050220489502,-0.011867685691640872,0.07425865530967712,-0.13903534412384033,-0.008288024441526431
0.0,0.0,0.0,-0.008819401264190674,-0.08308273553848267,-0.0078335212292302,0.016329556703567505,-0.15454912185668945,-0.011818250988625323,0.05355328321456909,-0.18388468027114868,-0.01245294918587092,0.0782993733882904,-0.1872539520263672,-0.012520561342142855,0.03635212779045105,-0.13721197843551636,-0.03277307411005381,0.08046728372573853,-0.22009676694869995,-0.03761045669486407,0.10208934545516968,-0.2557030916213989,-0.03545919095446948,0.11958342790603638,-0.2802736163139343,-0.03285211359431628,0.05919826030731201,-0.1019127368927002,-0.02958345634212378,0.09934628009796143,-0.1915416121482849,-0.03293356706669215,0.1184990406036377,-0.23801696300506592,-0.02997462113668803,0.13118964433670044,-0.26620960235595703,-0.02783998881747607,0.07496684789657593,-0.0703359842300415,-0.024460541431807314,0.09972423315048218,-0.14662659168243408,-0.027525209237836634,0.08914452791213989,-0.16778773069381714,-0.024040755231879984,0.07450959086418152,-0.16785705089569092,-0.020629439850353037,0.08334660530090332,-0.048689067363739014,-0.01944077049662951,0.09097909927368164,-0.10930418968200684,-0.022828603510760104,0.07929462194442749,-0.13158661127090454,-0.020564483826063906,0.06683456897735596,-0.1344587802886963,-0.017459899534486567
0.0,0.0,0.0,-0.007586568593978882,-0.08399057388305664,-0.0066718427476928355,0.017948508262634277,-0.15218454599380493,-0.011467152835194838,0.054824262857437134,-0.17714405059814453,-0.013091700711612475,0.07871761918067932,-0.17999261617660522,-0.014270728082721007,0.03452983498573303,-0.1368776559829712,-0.03426966592795111,0.07888823747634888,-0.21784687042236328,-0.04017850160724379,0.10138270258903503,-0.25305330753326416,-0.03885207846886374,0.119402676820755,-0.2767510414123535,-0.03681471347934462,0.05835556983947754,-0.10116595029830933,-0.03218168541914679,0.09907367825508118,-0.1901887059211731,-0.03576395437247015,0.11835095286369324,-0.23541927337646484,-0.03268942758566595,0.1317351758480072,-0.26257991790771484,-0.03071904517835833,0.0751330554485321,-0.06939780712127686,-0.02786485254890181,0.10184040665626526,-0.14742857217788696,-0.03005271554118849,0.09056836366653442,-0.171228289604187,-0.02466219999021746,0.0755140483379364,-0.1734265685081482,-0.020457230137054694,0.08375388383865356,-0.04771298170089722,-0.023690806330506575,0.09042739868164062,-0.10925376415252686,-0.026041069628064406,0.07904013991355896,-0.1321396827697754,-0.022136548162762892,0.067363440990448,-0.13520783185958862,-0.018086352945630324
0.0,0.0,0.0,-0.005635708570480347,-0.08463180065155029,-0.006013469158091311,0.021294116973876953,-0.1488247513771057,-0.011219495760627751,0.05915272235870361,-0.1716015338897705,-0.014086629117258553,0.08480632305145264,-0.17416393756866455,-0.016219207870193486,0.03348207473754883,-0.1413382887840271,-0.030333295317717557,0.07788011431694031,-0.2166845202445984,-0.03675594911200619,0.10027647018432617,-0.2509186267852783,-0.036182839276619916,0.11785578727722168,-0.27469170093536377,-0.03474722042901135,0.05627167224884033,-0.1027950644493103,-0.03008241564256764,0.09764456748962402,-0.18694782257080078,-0.034565776439734464,0.11769044399261475,-0.2319180965423584,-0.03269117683393574,0.13185644149780273,-0.2602475881576538,-0.03168958410842038,0.07289856672286987,-0.06804323196411133,-0.02802601628226853,0.10262781381607056,-0.14418894052505493,-0.03161124497873402,0.09294959902763367,-0.17070114612579346,-0.026700273009367947,0.0797012448310852,-0.1767204999923706,-0.022659394743271832,0.08236700296401978,-0.04440772533416748,-0.026113424303360944,0.0928228497505188,-0.10870403051376343,-0.028911053987570767,0.08299881219863892,-0.13362878561019897,-0.024606462421246533,0.0724608302116394,-0.1388041377067566,-0.020327165576048856
0.0,0.0,0.0,-0.00525897741317749,-0.08314430713653564,-0.0060139557148062295,0.021007299423217773,-0.14566802978515625,-0.011864380239202887,0.05877736210823059,-0.1677832007408142,-0.015336210167660624,0.08471411466598511,-0.1692943572998047,-0.01799376055474511,0.031900495290756226,-0.13853758573532104,-0.031067709698035628,0.07647639513015747,-0.2138400673866272,-0.03808943115051022,0.0992879867553711,-0.24807971715927124,-0.037912785335137755,0.11670863628387451,-0.2717209458351135,-0.036596584393336684,0.0547579824924469,-0.09940868616104126,-0.030885380952312858,0.09710586071014404,-0.18313592672348022,-0.03567134894306889,0.11717349290847778,-0.22757327556610107,-0.03356636993463269,0.1309298276901245,-0.255901575088501,-0.03222402490551701,0.07160767912864685,-0.06516456604003906,-0.02892127938444844,0.10153365135192871,-0.14234697818756104,-0.032402205540492446,0.09304937720298767,-0.17197394371032715,-0.027080961762621314,0.08100071549415588,-0.1812097430229187,-0.02272415466482869,0.08131015300750732,-0.042233407497406006,-0.027100869713976294,0.09210410714149475,-0.10704922676086426,-0.029641741214945228,0.08289077877998352,-0.13336092233657837,-0.024974539204194457,0.07313337922096252,-0.1406216025352478,-0.020403367726757438
0.0,0.0,0.0,-0.005551785230636597,-0.08245104551315308,-0.006573910315779585,0.02084881067276001,-0.14462101459503174,-0.012880922251639504,0.059192389249801636,-0.16606855392456055,-0.01665914240598454,0.08588939905166626,-0.16788828372955322,-0.019623542160985608,0.030228525400161743,-0.13866424560546875,-0.03226737859964146,0.07507321238517761,-0.21271395683288574,-0.039846921296117443,0.09864160418510437,-0.24666929244995117,-0.040011485995052,0.11660739779472351,-0.26967859268188477,-0.03883088562011494,0.052660346031188965,-0.09805679321289062,-0.03191989842176213,0.09521391987800598,-0.17957019805908203,-0.03751673731326832,0.11638721823692322,-0.22399991750717163,-0.035937869877813,0.1309032142162323,-0.2523843050003052,-0.034886455119846005,0.06961685419082642,-0.06296801567077637,-0.029773810834882397,0.0986691415309906,-0.13847941160202026,-0.034234939099548,0.0892535150051117,-0.16562378406524658,-0.029307354198095936,0.0763014554977417,-0.17233753204345703,-0.02490312788009419,0.0798431932926178,-0.040004074573516846,-0.027724215717313427,0.08964887261390686,-0.10494327545166016,-0.03087721201896443,0.07964345812797546,-0.12897735834121704,-0.02630219045400395,0.06944578886032104,-0.13356441259384155,-0.021657353223559994
0.0,0.0,0.0,-0.005278050899505615,-0.08029407262802124,-0.005767494122437711,0.019997864961624146,-0.14077728986740112,-0.011981354708723302,0.05740863084793091,-0.16280436515808105,-0.01576086101954388,0.08306345343589783,-0.16723287105560303,-0.01889986699347901,0.029943853616714478,-0.137864887714386,-0.03184876931732106,0.07377776503562927,-0.21021074056625366,-0.0397873554927628,0.09765839576721191,-0.24415576457977295,-0.040587532947711225,0.11593177914619446,-0.2674674987792969,-0.039830669443063016,0.05225694179534912,-0.09853345155715942,-0.03184901146119046,0.09439530968666077,-0.17853796482086182,-0.03704067660396504,0.1155376136302948,-0.22159522771835327,-0.03546000985329556,0.13000497221946716,-0.24929404258728027,-0.03447623519127774,0.06921559572219849,-0.06369286775588989,-0.029959693233422513,0.09913858771324158,-0.13762414455413818,-0.03309874949877667,0.09196659922599792,-0.16967779397964478,-0.027547999898843045,0.08105048537254333,-0.1819455623626709,-0.023218501041583295,0.07944384217262268,-0.03980809450149536,-0.028185508827618833,0.08977067470550537,-0.10344815254211426,-0.02998314579849648,0.08077609539031982,-0.1320725679397583,-0.02472971347992825,0.07171088457107544,-0.14229321479797363,-0.01986646806722092
0.0,0.0,0.0,-0.0057220458984375,-0.07949644327163696,-0.006530567112633889,0.02040475606918335,-0.1402648687362671,-0.01337605718828172,0.059239596128463745,-0.16215872764587402,-0.01751986336267919,0.08640420436859131,-0.16657042503356934,-0.02088408362425298,0.028615474700927734,-0.1368313431739807,-0.033677792216906255,0.0733318030834198,-0.20892661809921265,-0.041833659674296086,0.0979815125465393,-0.2427729368209839,-0.042714266146788304,0.11676046252250671,-0.2657719850540161,-0.04208678569949598,0.05072620511054993,-0.09726768732070923,-0.033334931398997014,0.09392568469047546,-0.1761680245399475,-0.03865539472855062,0.11636373400688171,-0.21874171495437622,-0.037044996436009114,0.13171795010566711,-0.24584972858428955,-0.03629839610613317,0.06790882349014282,-0.062383830547332764,-0.03108761091090173,0.09998580813407898,-0.1361485719680786,-0.0342168342725131,0.09366664290428162,-0.16936004161834717,-0.02867667753554315,0.08293595910072327,-0.18232941627502441,-0.024629265110263532,0.07862469553947449,-0.038923561573028564,-0.02901360210336179,0.09049516916275024,-0.10238093137741089,-0.031176585744390195,0.08187997341156006,-0.13192850351333618,-0.026368107687005704,0.07283580303192139,-0.1427895426750183,-0.021955000276932424
0.0,0.0,0.0,-0.005528569221496582,-0.08016228675842285,-0.005569925180196833,0.01932111382484436,-0.14087581634521484,-0.012091950627535653,0.056492388248443604,-0.16350048780441284,-0.016020026172071766,0.0823143720626831,-0.16873210668563843,-0.019239805752903294,0.028022080659866333,-0.13724690675735474,-0.03296606067803509,0.07256287336349487,-0.20795369148254395,-0.04130808834221966,0.09711232781410217,-0.24158602952957153,-0.04232698504117138,0.11589235067367554,-0.26412755250930786,-0.04166250128534443,0.04978993535041809,-0.09720754623413086,-0.033018296698600125,0.0930594801902771,-0.17578566074371338,-0.03890648681905873,0.1154642105102539,-0.21775543689727783,-0.03741381142523892,0.13114207983016968,-0.24461716413497925,-0.036440866182118725,0.06678545475006104,-0.0622936487197876,-0.031037056932717633,0.09931308031082153,-0.13773596286773682,-0.03419846866515286,0.09463232755661011,-0.1723717451095581,-0.028063960487514805,0.08546742796897888,-0.18706876039505005,-0.023456914464503598,0.07749620079994202,-0.03873687982559204,-0.02914981741693623,0.09079807996749878,-0.103870689868927,-0.030702404791981053,0.0834384560585022,-0.13568592071533203,-0.02494170714405186,0.07505571842193604,-0.14903831481933594,-0.01976690080252297
0.0,0.0,0.0,-0.00467371940612793,-0.07976961135864258,-0.005771377378863463,0.020371347665786743,-0.14051663875579834,-0.012449282010805973,0.05722171068191528,-0.16315853595733643,-0.016271560242188343,0.08243107795715332,-0.16870653629302979,-0.019410983448636898,0.027827441692352295,-0.13643217086791992,-0.03424262141228951,0.07251977920532227,-0.20663875341415405,-0.0426749389374379,0.09682893753051758,-0.24018365144729614,-0.04376991724015511,0.11570966243743896,-0.26290827989578247,-0.043225432535422215,0.04943019151687622,-0.09647142887115479,-0.03387180601598061,0.09310552477836609,-0.17402207851409912,-0.03976378475667275,0.11611789464950562,-0.21513402462005615,-0.038378319492352375,0.1326339840888977,-0.24176591634750366,-0.03761788343430794,0.06666445732116699,-0.06194949150085449,-0.03134269153119362,0.09897544980049133,-0.13806140422821045,-0.03386292492390908,0.09515920281410217,-0.17314308881759644,-0.027609684293878445,0.0870322585105896,-0.1888003945350647,-0.02324575257839001,0.07775351405143738,-0.03879827260971069,-0.02896465433181561,0.09069105982780457,-0.10391855239868164,-0.030081338038456806,0.08345270156860352,-0.13657665252685547,-0.024445299779785046,0.07555359601974487,-0.1509653925895691,-0.01956083325089253
0.0,0.0,0.0,-0.004697293043136597,-0.07960641384124756,-0.005025662076832305,0.020344555377960205,-0.14061248302459717,-0.011369817485274325,0.05692863464355469,-0.1631631851196289,-0.014892935347916136,0.08204418420791626,-0.16806107759475708,-0.017733559538783084,0.027824759483337402,-0.13669145107269287,-0.034044595961631785,0.07288309931755066,-0.20746588706970215,-0.0422695340264454,0.09725794196128845,-0.24034255743026733,-0.043032141928733836,0.11617612838745117,-0.2614937424659729,-0.042167308335365306,0.04899302124977112,-0.0961107611656189,-0.033810431664051066,0.09351623058319092,-0.1738002896308899,-0.03990550950652505,0.11674702167510986,-0.2141135334968567,-0.03845228493696595,0.13327956199645996,-0.2390173077583313,-0.03746057168132211,0.06585189700126648,-0.06087690591812134,-0.03124909714347268,0.09844398498535156,-0.13627082109451294,-0.03392534941917802,0.09305122494697571,-0.16969281435012817,-0.02734742925053979,0.08355137705802917,-0.18339663743972778,-0.022489065830768595,0.07649025321006775,-0.03671783208847046,-0.02871107735222722,0.09035587310791016,-0.10166734457015991,-0.029653957639993678,0.08279725909233093,-0.13380253314971924,-0.023540519704283724,0.07445067167282104,-0.14681744575500488,-0.018160684560598384
0.0,0.0,0.0,-0.004785686731338501,-0.08017396926879883,-0.004960310949257973,0.0197199285030365,-0.14192473888397217,-0.011305035395793084,0.056347429752349854,-0.16475790739059448,-0.014835053427390221,0.08159229159355164,-0.16928362846374512,-0.01772007842200196,0.027118921279907227,-0.1372312307357788,-0.03398268234568036,0.07274112105369568,-0.20823872089385986,-0.041968371091655854,0.09696954488754272,-0.24076366424560547,-0.04255516019301808,0.11567088961601257,-0.261432945728302,-0.04158989649849332,0.048658519983291626,-0.09617406129837036,-0.033720801888279084,0.09330633282661438,-0.17407143115997314,-0.03935070273118413,0.11630645394325256,-0.21430188417434692,-0.03760654416518605,0.1323011815547943,-0.23905491828918457,-0.036490681885055665,0.06576895713806152,-0.06032967567443848,-0.0311221660359422,0.09788715839385986,-0.13680481910705566,-0.033282409725956086,0.09261590242385864,-0.1699344515800476,-0.026534366725257996,0.08308911323547363,-0.18363243341445923,-0.021761953203252915,0.07659006118774414,-0.035309016704559326,-0.028554509697727326,0.0890779197216034,-0.0997968316078186,-0.02926548693912423,0.08102467656135559,-0.13115298748016357,-0.02306753893034852,0.07242453098297119,-0.1438993215560913,-0.017705750955514077
0.0,0.0,0.0,-0.005647093057632446,-0.08056551218032837,-0.005469532287548873,0.018480360507965088,-0.1418970823287964,-0.0119617479619194,0.05525955557823181,-0.16335058212280273,-0.015741149964611623,0.08073979616165161,-0.16562533378601074,-0.018761993455569836,0.025500178337097168,-0.1376703381538391,-0.03281993146507034,0.07082802057266235,-0.2091541886329651,-0.040572305279653165,0.09502297639846802,-0.24130576848983765,-0.041207508253734204,0.11374202370643616,-0.26205265522003174,-0.04037201132146606,0.047440677881240845,-0.09850531816482544,-0.032312017935197446,0.09129464626312256,-0.1748790740966797,-0.03787331010667572,0.11489030718803406,-0.21531188488006592,-0.036797185498159024,0.13145169615745544,-0.24084222316741943,-0.036260315286796185,0.06519255042076111,-0.06440329551696777,-0.0296223453011919,0.09628531336784363,-0.13926953077316284,-0.0322641665813137,0.0903443992137909,-0.16973739862442017,-0.026723579573314282,0.0800083577632904,-0.1812536120414734,-0.022631696495096776,0.07709816098213196,-0.041117727756500244,-0.026992739247958752,0.08880531787872314,-0.10473853349685669,-0.028401088970582578,0.08052295446395874,-0.13377565145492554,-0.023212988930623624,0.07153013348579407,-0.14450931549072266,-0.01849318582085857
0.0,0.0,0.0,-0.0041196346282958984,-0.07917952537536621,-0.004841389152147713,0.020080119371414185,-0.14134180545806885,-0.011036958563067856,0.0564003586769104,-0.16494524478912354,-0.014513840916492882,0.08196163177490234,-0.17128002643585205,-0.0171576868918919,0.02426585555076599,-0.13911712169647217,-0.03223647178981537,0.07091450691223145,-0.20900142192840576,-0.04013732077453369,0.09555047750473022,-0.23996329307556152,-0.04067022727701897,0.11441972851753235,-0.25965988636016846,-0.03967992590639824,0.045531630516052246,-0.09922993183135986,-0.032024189847447815,0.09046971797943115,-0.17663472890853882,-0.03766621651027435,0.1139279305934906,-0.2147999405860901,-0.0361184254464888,0.13015338778495789,-0.23870909214019775,-0.035188473778703155,0.0635618269443512,-0.06440490484237671,-0.02964583786103958,0.09750035405158997,-0.14281171560287476,-0.03189842032168144,0.09497219324111938,-0.1744557023048401,-0.025435563194491806,0.08738800883293152,-0.18855679035186768,-0.021010426822044792,0.07625541090965271,-0.03989368677139282,-0.02735130490634674,0.08904564380645752,-0.10496640205383301,-0.028233421984054985,0.0823604166507721,-0.13531392812728882,-0.022546591254808845,0.07491511106491089,-0.14875072240829468,-0.01766224393520588
0.0,0.0,0.0,-0.0034487545490264893,-0.0798487663269043,-0.004326166721028812,0.02067318558692932,-0.14212822914123535,-0.009752426898074873,0.05655357241630554,-0.16409766674041748,-0.012729829778862722,0.08183607459068298,-0.17006397247314453,-0.014946574015510805,0.024344563484191895,-0.14269483089447021,-0.029308246118915804,0.0713936984539032,-0.209306538105011,-0.03667214293588472,0.09599414467811584,-0.2384132742881775,-0.03720162589658571,0.11441084742546082,-0.2567399740219116,-0.03628803570379091,0.04543536901473999,-0.1008712649345398,-0.029617514131558664,0.09073290228843689,-0.17569422721862793,-0.03507917900194002,0.1140809953212738,-0.2124362587928772,-0.034269774002922304,0.12957945466041565,-0.23571401834487915,-0.033756130976570375,0.06335541605949402,-0.0644153356552124,-0.02792670917321516,0.09709081053733826,-0.1438758373260498,-0.030893683103812464,0.09697732329368591,-0.17653769254684448,-0.026181371552837618,0.0913415253162384,-0.19203519821166992,-0.0228678375910647,0.07614576816558838,-0.03859812021255493,-0.026172076953542955,0.08674713969230652,-0.10360085964202881,-0.027938956065071352,0.07894712686538696,-0.13249468803405762,-0.023198473868859537,0.071046382188797,-0.14442473649978638,-0.018882997004283197
0.0,0.0,0.0,-0.0029174387454986572,-0.07957154512405396,-0.003618869286754034,0.021193891763687134,-0.14166390895843506,-0.009239697883629105,0.05649685859680176,-0.16550278663635254,-0.012662146295213006,0.08199900388717651,-0.17319738864898682,-0.015265318619810841,0.02348199486732483,-0.14402127265930176,-0.02961083972712686,0.07133936882019043,-0.21091681718826294,-0.03749021613856485,0.09598705172538757,-0.2391279935836792,-0.03814248094221284,0.11440771818161011,-0.25685691833496094,-0.037211031707727216,0.04367494583129883,-0.10233068466186523,-0.03044527122636964,0.08989915251731873,-0.17577683925628662,-0.036583990844690106,0.11454451084136963,-0.2108933925628662,-0.03575777733584573,0.13091188669204712,-0.23283636569976807,-0.035155066343747876,0.06136143207550049,-0.06505709886550903,-0.029195562991105817,0.09591406583786011,-0.1424759030342102,-0.03243550011774232,0.09477177262306213,-0.17170345783233643,-0.026911079006993077,0.087750643491745,-0.1844472885131836,-0.022880031781994603,0.07433885335922241,-0.03800410032272339,-0.027875558527910016,0.08742064237594604,-0.10277575254440308,-0.029593211653434537,0.08008593320846558,-0.12984347343444824,-0.024213719236456654,0.07189375162124634,-0.14004671573638916,-0.0193240149494045
0.0,0.0,0.0,-0.001630932092666626,-0.08087295293807983,-0.002201551077860131,0.022890537977218628,-0.1419086456298828,-0.007112983586239352,0.05751040577888489,-0.16417282819747925,-0.010648628668832316,0.08265545964241028,-0.17101752758026123,-0.013566198730813994,0.0241013765335083,-0.15089517831802368,-0.024793026940869822,0.07149603962898254,-0.21091586351394653,-0.03263706338589145,0.09663987159729004,-0.23815488815307617,-0.03406851363365604,0.11529111862182617,-0.2559140920639038,-0.033688265802311435,0.042966216802597046,-0.10844665765762329,-0.027248207451748385,0.0895148515701294,-0.17672836780548096,-0.03322981295173122,0.11447840929031372,-0.21132957935333252,-0.033331017913269534,0.13123565912246704,-0.2337580919265747,-0.03329039362256481,0.059927910566329956,-0.06905913352966309,-0.02786319513802482,0.09684634208679199,-0.1387733817100525,-0.031323175849365725,0.10039451718330383,-0.16885191202163696,-0.02678604607467605,0.09709993004798889,-0.18425273895263672,-0.02331295792942001,0.07280275225639343,-0.03928482532501221,-0.028389420332359805,0.0891450047492981,-0.10083132982254028,-0.029851630302118792,0.08465525507926941,-0.12782084941864014,-0.02422131222670032,0.07819464802742004,-0.13963168859481812,-0.019098907681154742
0.0,0.0,0.0,-0.0018524527549743652,-0.08036011457443237,-0.0019005075976110675,0.02313697338104248,-0.14158731698989868,-0.006825395156056402,0.05845540761947632,-0.16439878940582275,-0.01057855248859596,0.08420029282569885,-0.17339736223220825,-0.013681433391184328,0.02173018455505371,-0.1576939821243286,-0.02336915046385002,0.07072949409484863,-0.21492749452590942,-0.031541839469582555,0.09709829092025757,-0.24049079418182373,-0.03364222892037105,0.1166209876537323,-0.2570710778236389,-0.033604096848876,0.03986397385597229,-0.11366993188858032,-0.026159117225915907,0.08813834190368652,-0.18040943145751953,-0.032175827999026296,0.11391669511795044,-0.2129436731338501,-0.03256626822462749,0.13122090697288513,-0.23434656858444214,-0.03272080071678829,0.05693367123603821,-0.07345950603485107,-0.02723746955803108,0.09556436538696289,-0.14205306768417358,-0.030348921422273634,0.10116812586784363,-0.17069131135940552,-0.02563309319725704,0.09963282942771912,-0.18660515546798706,-0.02214996725729179,0.07056108117103577,-0.04312950372695923,-0.02828691177478504,0.08868828415870667,-0.1048356294631958,-0.028662748862416265,0.08530786633491516,-0.13083040714263916,-0.022254010890037534,0.08005398511886597,-0.1431659460067749,-0.016736790765435217
0.0,0.0,0.0,-0.00037872791290283203,-0.08252227306365967,-0.0014909983846109753,0.024965107440948486,-0.14413219690322876,-0.006382822594673598,0.05924654006958008,-0.1697481870651245,-0.010295147611827815,0.08490940928459167,-0.18086755275726318,-0.013633412844569648,0.02048105001449585,-0.16206961870193481,-0.021487452625365222,0.06951454281806946,-0.21783453226089478,-0.02963107505354401,0.0963258147239685,-0.2431393265724182,-0.03187849612447735,0.11597070097923279,-0.25968414545059204,-0.03188959003898617,0.03850492835044861,-0.11845630407333374,-0.024711708142490352,0.08689373731613159,-0.18384456634521484,-0.030316152214140857,0.11311167478561401,-0.21515047550201416,-0.030720808147520984,0.13146501779556274,-0.23556286096572876,-0.030922154500217403,0.055899083614349365,-0.07850724458694458,-0.02641783894512173,0.0960938036441803,-0.1479308009147644,-0.028810533299179042,0.1094963550567627,-0.1819465160369873,-0.02505912499043461,0.11544275283813477,-0.20260566473007202,-0.022630883916349376,0.07022720575332642,-0.047610700130462646,-0.02813917824539658,0.0898684561252594,-0.10989296436309814,-0.027528731687993968,0.09198731184005737,-0.14119714498519897,-0.02163292707416531,0.09179675579071045,-0.15907305479049683,-0.016840348555774654
0.0,0.0,0.0,-0.0009727776050567627,-0.08300000429153442,-0.0015872098814497804,0.024701595306396484,-0.14596396684646606,-0.006516429486850939,0.05969738960266113,-0.17266303300857544,-0.010744436535219393,0.08585616946220398,-0.1846504807472229,-0.014300249408165655,0.01788383722305298,-0.16757822036743164,-0.019923825639466486,0.06682929396629333,-0.2224290370941162,-0.027835824418048105,0.09354981780052185,-0.2468377947807312,-0.030503746944646082,0.11340451240539551,-0.2632007598876953,-0.03112486087081834,0.03610214591026306,-0.12261545658111572,-0.02353525616524621,0.0841296911239624,-0.18602252006530762,-0.02915395133493348,0.11086365580558777,-0.21721798181533813,-0.030309733825902185,0.12973159551620483,-0.238197922706604,-0.03149506159422799,0.05361360311508179,-0.08184856176376343,-0.025842253941277704,0.0935177206993103,-0.15003162622451782,-0.028527405935506067,0.10392525792121887,-0.18231123685836792,-0.025623272064308367,0.10677149891853333,-0.20111030340194702,-0.023967436405996523,0.06842631101608276,-0.05074715614318848,-0.028233031633476458,0.08780831098556519,-0.11286848783493042,-0.028077420669774256,0.08792436122894287,-0.14242655038833618,-0.022978885921816072,0.08585003018379211,-0.15828150510787964,-0.018989316079000673
0.0,0.0,0.0,-0.0017281174659729004,-0.08178657293319702,-0.0009517864674251086,0.022493839263916016,-0.1453205943107605,-0.006336638587612242,0.056087881326675415,-0.17193490266799927,-0.011407249956477017,0.0813603401184082,-0.18482691049575806,-0.015797267085957856,0.015666484832763672,-0.16991335153579712,-0.020942049450326294,0.06529444456100464,-0.22733741998672485,-0.02915000391666922,0.09173783659934998,-0.251478910446167,-0.032000452629375786,0.11131560802459717,-0.26742154359817505,-0.032837555161762566,0.033789634704589844,-0.12497574090957642,-0.025114596239376397,0.08206155896186829,-0.18981897830963135,-0.031065592891621918,0.10876095294952393,-0.22031140327453613,-0.03192313050394091,0.1268005073070526,-0.2400454878807068,-0.03304329176907572,0.05160173773765564,-0.08373308181762695,-0.02781473880176577,0.09222796559333801,-0.15246039628982544,-0.030444935313511223,0.0954560935497284,-0.17694449424743652,-0.025781147531318993,0.0908033549785614,-0.18812233209609985,-0.022805139771747918,0.06712985038757324,-0.05183732509613037,-0.030646581552076668,0.08682093024253845,-0.11436468362808228,-0.03053434228067431,0.08364072442054749,-0.1370353102684021,-0.02437727188234362,0.0778363049030304,-0.14566802978515625,-0.01943086122636828
0.0,0.0,0.0,-0.001805126667022705,-0.08196187019348145,0.0006782338409720978,0.02116498351097107,-0.1457502245903015,-0.003688565533138899,0.053130149841308594,-0.17369556427001953,-0.007911339479960589,0.07770952582359314,-0.1866927146911621,-0.011649210083760408,0.014287382364273071,-0.17270004749298096,-0.017338669005312113,0.06201201677322388,-0.23126870393753052,-0.024779960590876726,0.08786162734031677,-0.2554317116737366,-0.027244644317306665,0.10664799809455872,-0.2707784175872803,-0.02771050863293567,0.033391088247299194,-0.12953919172286987,-0.02187298618582645,0.07974216341972351,-0.19586318731307983,-0.02687732883123317,0.10363203287124634,-0.22454655170440674,-0.027261547822035936,0.1198740303516388,-0.2439110279083252,-0.027677387076892046,0.05236828327178955,-0.08976161479949951,-0.02499563441006103,0.09029579162597656,-0.1603946089744568,-0.026351522732056765,0.10034915804862976,-0.19233345985412598,-0.022058762687720446,0.10336071252822876,-0.2121914029121399,-0.01957772121158996,0.06861987709999084,-0.058429598808288574,-0.028106503266371874,0.08733460307121277,-0.12394440174102783,-0.02609993711439529,0.0884130597114563,-0.15255707502365112,-0.019230976778544573,0.08745023608207703,-0.1690915822982788,-0.014078001569487242
0.0,0.0,0.0,-0.00442737340927124,-0.08181357383728027,0.0007594868607156968,0.017514318227767944,-0.14937865734100342,-0.003957395446832379,0.049788832664489746,-0.18215692043304443,-0.008153084204877814,0.07486209273338318,-0.19869297742843628,-0.011504658037210902,0.013360589742660522,-0.16698342561721802,-0.019699935340668162,0.06031292676925659,-0.2336750030517578,-0.026521087163473567,0.08400973677635193,-0.2587897777557373,-0.02684855880715986,0.10028615593910217,-0.2728196978569031,-0.025322543927813967,0.033622533082962036,-0.1261942982673645,-0.02355639497318407,0.0799928605556488,-0.20287489891052246,-0.02847400727250715,0.09805458784103394,-0.23319584131240845,-0.026026826822544535,0.10847854614257812,-0.25239551067352295,-0.023317639255310496,0.05317425727844238,-0.08942896127700806,-0.02572641009965082,0.08952575922012329,-0.1669664978981018,-0.025669357278729876,0.09860771894454956,-0.20290255546569824,-0.018195307352925738,0.1012166440486908,-0.22591406106948853,-0.013197013647641143,0.06930515170097351,-0.059770822525024414,-0.027897142344500026,0.08686786890029907,-0.12701493501663208,-0.023969365754510363,0.08847495913505554,-0.15926355123519897,-0.015005970844413241,0.08839651942253113,-0.18017494678497314,-0.00817372790106674
0.0,0.0,0.0,-0.007620096206665039,-0.0839691162109375,0.00018594519447390212,0.013296365737915039,-0.15435880422592163,-0.005052686167388742,0.04615965485572815,-0.1898893117904663,-0.009587165863692348,0.07138583064079285,-0.20903021097183228,-0.013155921326458042,0.011081963777542114,-0.16459912061691284,-0.022405671851217335,0.056966423988342285,-0.23812413215637207,-0.02986277356880862,0.07858482003211975,-0.26414167881011963,-0.029914964885890072,0.09202048182487488,-0.277172327041626,-0.02773366771775443,0.03270027041435242,-0.12334275245666504,-0.025966982321321552,0.07859146595001221,-0.20604193210601807,-0.031279991344987934,0.0942961573600769,-0.23900562524795532,-0.02791529238361079,0.10134053230285645,-0.25706934928894043,-0.024290229157983845,0.052936166524887085,-0.08755481243133545,-0.027788688392817562,0.08917400240898132,-0.17015278339385986,-0.02821250163155753,0.09491431713104248,-0.2048974633216858,-0.019723943398773258,0.09376630187034607,-0.223530113697052,-0.013694569432615822,0.0692700743675232,-0.05938756465911865,-0.029569425584256237,0.08687123656272888,-0.13177287578582764,-0.026069241540014332,0.08552441000938416,-0.16273170709609985,-0.016450255142032688,0.08251386880874634,-0.1798115372657776,-0.008929256313919609
0.0,0.0,0.0,-0.007433027029037476,-0.08570349216461182,0.0003658951312104364,0.012603908777236938,-0.1552441120147705,-0.004701431084583874,0.04586231708526611,-0.1910279393196106,-0.008785590239028807,0.0703997015953064,-0.20847982168197632,-0.012099862739603395,0.010526508092880249,-0.16134464740753174,-0.023753042042415018,0.056047677993774414,-0.23642712831497192,-0.031311114028255815,0.0782139003276825,-0.2664085626602173,-0.03146427933887708,0.09267321228981018,-0.2842164635658264,-0.029577596753995294,0.03298574686050415,-0.11993014812469482,-0.02739155542866456,0.07802090048789978,-0.20590585470199585,-0.03322198306040036,0.09408202767372131,-0.24399924278259277,-0.03080814395860898,0.10195857286453247,-0.26823633909225464,-0.02794644486920106,0.05379101634025574,-0.08488446474075317,-0.029013410851518984,0.08974364399909973,-0.1691828966140747,-0.03002534125761258,0.09935349225997925,-0.21054941415786743,-0.02269603748635518,0.10188025236129761,-0.23681753873825073,-0.017547347292463655,0.06995841860771179,-0.05803573131561279,-0.030466844037334795,0.08846497535705566,-0.1287696361541748,-0.027771652385752077,0.09096124768257141,-0.16521084308624268,-0.019063316926519747,0.09115546941757202,-0.18966275453567505,-0.012179881043891783
0.0,0.0,0.0,-0.00796574354171753,-0.08726435899734497,-0.002889904382925579,0.014798402786254883,-0.15627014636993408,-0.009090355088289925,0.05152502655982971,-0.18645185232162476,-0.013478096996720978,0.07762876152992249,-0.19877201318740845,-0.016919646834310242,0.012001007795333862,-0.15828537940979004,-0.027949689378317544,0.05917671322822571,-0.231218159198761,-0.0355182741333806,0.08129370212554932,-0.2652586102485657,-0.035647985016282746,0.09577542543411255,-0.2882521152496338,-0.03405520362156267,0.03544241189956665,-0.11172884702682495,-0.030462414448436448,0.08259943127632141,-0.1987106204032898,-0.0379034955550992,0.09848207235336304,-0.24104678630828857,-0.0366566371669137,0.1062321662902832,-0.2687242031097412,-0.034575123762067506,0.05686908960342407,-0.07611435651779175,-0.03093574238317842,0.09455305337905884,-0.16314786672592163,-0.03406440136330957,0.10180521011352539,-0.20899081230163574,-0.028262401421841332,0.10192984342575073,-0.23743313550949097,-0.023678822865065285,0.07392141222953796,-0.053900837898254395,-0.03127320525544519,0.09028619527816772,-0.13269799947738647,-0.02984733735519285,0.08879256248474121,-0.1715388298034668,-0.021726781924542138,0.08571621775627136,-0.19492250680923462,-0.01517387894290323
0.0,0.0,0.0,-0.007427394390106201,-0.0880730152130127,-0.006617174777801438,0.01482883095741272,-0.16394561529159546,-0.01180861500617425,0.0463641881942749,-0.21499371528625488,-0.014564857646490736,0.06477096676826477,-0.2529142498970032,-0.016657333649362727,0.020594686269760132,-0.15244567394256592,-0.027045203201140566,0.061417341232299805,-0.2256944179534912,-0.034979706458415194,0.08332204818725586,-0.26605355739593506,-0.03697357495840947,0.0998472273349762,-0.29679960012435913,-0.03720830177482526,0.043856650590896606,-0.10815012454986572,-0.027585832230414553,0.08445420861244202,-0.1917019486427307,-0.033510112963284655,0.10175749659538269,-0.23817718029022217,-0.034447679124440356,0.11179402470588684,-0.27092814445495605,-0.03552574088391225,0.0632486343383789,-0.07261115312576294,-0.026699706740345164,0.09808555245399475,-0.16074544191360474,-0.03156307508763234,0.10213270783424377,-0.2076892852783203,-0.029707524753774806,0.09885385632514954,-0.23478162288665771,-0.028349151663149996,0.07741761207580566,-0.050909459590911865,-0.025784831322397395,0.0916685163974762,-0.12932109832763672,-0.028572037644352122,0.08773943781852722,-0.16745227575302124,-0.02505150420185487,0.08170941472053528,-0.18806779384613037,-0.021916387430991335
0.0,0.0,0.0,-0.005639761686325073,-0.08393716812133789,-0.008071821217072284,0.01652553677558899,-0.15748071670532227,-0.01471602640731362,0.04361376166343689,-0.20742547512054443,-0.01834053549600867,0.051831215620040894,-0.2513313293457031,-0.02135974172188071,0.024530798196792603,-0.14450210332870483,-0.035276856307518756,0.06532344222068787,-0.21827906370162964,-0.045047938857806,0.08802133798599243,-0.2604559659957886,-0.047799114171994006,0.1046220064163208,-0.2925102114677429,-0.04805278408957747,0.04662492871284485,-0.10126852989196777,-0.035012468729746615,0.09008026123046875,-0.18284785747528076,-0.04104071486426619,0.10977822542190552,-0.23105883598327637,-0.039786268059742724,0.12152683734893799,-0.2652202844619751,-0.039185181294215,0.06366625428199768,-0.0631151795387268,-0.03283476460410384,0.09915411472320557,-0.14361923933029175,-0.036677345667612826,0.09624350070953369,-0.1803486943244934,-0.030514864285123622,0.08764642477035522,-0.19792389869689941,-0.025930577923190867,0.0749329924583435,-0.036080121994018555,-0.030862219665777957,0.09474927186965942,-0.10509037971496582,-0.03261484954191474,0.0863695740699768,-0.13246846199035645,-0.02569139752222327,0.0752459168434143,-0.14203965663909912,-0.01968677345348624
0.0,0.0,0.0,-0.009494781494140625,-0.08214259147644043,-0.010806170508402602,0.013530373573303223,-0.15589559078216553,-0.017575181305545584,0.045607417821884155,-0.20512807369232178,-0.021112815693157927,0.06399041414260864,-0.24244844913482666,-0.02376132014407517,0.026987165212631226,-0.13896936178207397,-0.034312349960345045,0.06702667474746704,-0.20954668521881104,-0.044992340013521925,0.09030473232269287,-0.25467759370803833,-0.04871400187923314,0.10770630836486816,-0.29071223735809326,-0.04991636540009381,0.05176025629043579,-0.10171407461166382,-0.032614314213532225,0.08974182605743408,-0.17900842428207397,-0.040621136531370894,0.11292046308517456,-0.23019230365753174,-0.04166648651673199,0.12946784496307373,-0.27051132917404175,-0.04250726963593365,0.06984061002731323,-0.0680854320526123,-0.029601476371425406,0.09459376335144043,-0.1399545669555664,-0.03755069638802411,0.0882493257522583,-0.16323328018188477,-0.03412533666207196,0.07756894826889038,-0.17047691345214844,-0.029748476326602713,0.08102691173553467,-0.04577714204788208,-0.0267989628316343,0.09455233812332153,-0.11418944597244263,-0.033359472856062666,0.08781611919403076,-0.13996285200119019,-0.029975543946164862,0.07787561416625977,-0.14839494228363037,-0.025376278191941992
0.0,0.0,0.0,-0.014493882656097412,-0.07604575157165527,-0.0120451514835338,0.0035770833492279053,-0.14799892902374268,-0.019246011901913107,0.03493186831474304,-0.19524270296096802,-0.021795341674504698,0.05554693937301636,-0.23044627904891968,-0.02361205213171047,0.028398901224136353,-0.13279777765274048,-0.03951919816833538,0.06972801685333252,-0.2182459831237793,-0.04870690398317379,0.0923728346824646,-0.2618113160133362,-0.04964984573823017,0.10781735181808472,-0.2940100431442261,-0.048171598393736303,0.05403149127960205,-0.09549367427825928,-0.03530993305545849,0.09533488750457764,-0.183921217918396,-0.04119342185956043,0.11333471536636353,-0.2344411015510559,-0.03895208232503933,0.12247335910797119,-0.2706668972969055,-0.036436133016167105,0.07074981927871704,-0.06552505493164062,-0.029344750497756422,0.09914183616638184,-0.14357435703277588,-0.03172246732216877,0.10767978429794312,-0.1905418038368225,-0.02637311995428604,0.11088770627975464,-0.22080707550048828,-0.0222032050828318,0.07862246036529541,-0.048661768436431885,-0.023700924519715727,0.09400534629821777,-0.11490458250045776,-0.02490105845433277,0.09748166799545288,-0.15255099534988403,-0.018891412694273413,0.0975150465965271,-0.1758924126625061,-0.013090276088831843
0.0,0.0,0.0,-0.014886349439620972,-0.07741022109985352,-0.011642299741453144,0.002007126808166504,-0.1500985026359558,-0.018739794529921028,0.03505575656890869,-0.20045393705368042,-0.021626130826717826,0.05957072973251343,-0.23731374740600586,-0.02337981682265422,0.03465878963470459,-0.13688331842422485,-0.03400892313564441,0.07476133108139038,-0.22061240673065186,-0.0417359538003268,0.0937393307685852,-0.2658294439315796,-0.04187930297101161,0.10608381032943726,-0.29861927032470703,-0.04014011394227168,0.06058073043823242,-0.10032492876052856,-0.030364432521110984,0.10194551944732666,-0.1923317313194275,-0.03476297777140758,0.11548739671707153,-0.24628305435180664,-0.031455292515403244,0.12000608444213867,-0.2851518392562866,-0.028471146859175178,0.07622718811035156,-0.07220858335494995,-0.02565758783364913,0.11203092336654663,-0.1557103395462036,-0.028331726007110092,0.12134379148483276,-0.20548588037490845,-0.02406215030694625,0.12251216173171997,-0.23988664150238037,-0.020708765052205536,0.08224964141845703,-0.05839431285858154,-0.021319293565994712,0.10604995489120483,-0.12470084428787231,-0.02351337034249923,0.11399179697036743,-0.16554206609725952,-0.019904065094834777,0.11599910259246826,-0.19587117433547974,-0.01603460047388694
0.0,0.0,0.0,-0.013094305992126465,-0.08271294832229614,-0.011904062426140172,0.003245621919631958,-0.15612608194351196,-0.01869613835816608,0.03535512089729309,-0.20430338382720947,-0.021527481919576985,0.05994683504104614,-0.23922979831695557,-0.023032534590413434,0.0409543514251709,-0.1427517533302307,-0.031276905632068974,0.07803529500961304,-0.2245938777923584,-0.039102045542051656,0.09437638521194458,-0.27009671926498413,-0.040121501034548146,0.10588288307189941,-0.3036315441131592,-0.0393143572867416,0.06562274694442749,-0.10610002279281616,-0.02770447144513355,0.10412722826004028,-0.195354163646698,-0.0328981482446693,0.11559605598449707,-0.24783861637115479,-0.03037751810853706,0.1193590760231018,-0.28353822231292725,-0.028075195571830136,0.07936978340148926,-0.07846134901046753,-0.023456584385087353,0.11328035593032837,-0.15979915857315063,-0.027441406345417363,0.12138217687606812,-0.20898568630218506,-0.02412357153599487,0.12201619148254395,-0.24193310737609863,-0.02114268364613281,0.0841180682182312,-0.06494081020355225,-0.019713774046351773,0.10974043607711792,-0.12990319728851318,-0.02301144758467899,0.11783802509307861,-0.1719226837158203,-0.020577011352827412,0.11972653865814209,-0.20256316661834717,-0.017495603954841954
0.0,0.0,0.0,-0.014811038970947266,-0.08355587720870972,-0.00985472742607385,-0.000368267297744751,-0.15806293487548828,-0.014341762290797533,0.029945194721221924,-0.20416277647018433,-0.015498661437533201,0.05286702513694763,-0.2337380051612854,-0.01531349960853845,0.04051375389099121,-0.14922189712524414,-0.024517378771207632,0.07583215832710266,-0.22940099239349365,-0.03009262774278909,0.09151557087898254,-0.2734765410423279,-0.03015003446628839,0.10276743769645691,-0.3059241771697998,-0.028976765462658705,0.06502112746238708,-0.11501586437225342,-0.021234189161560835,0.1016627848148346,-0.20122790336608887,-0.024783619680903257,0.11244538426399231,-0.2511938214302063,-0.022370840424201788,0.11625352501869202,-0.2833230495452881,-0.02016983833303243,0.07869002223014832,-0.0880700945854187,-0.017393301242492498,0.11106738448143005,-0.16528016328811646,-0.02033919003000051,0.11847248673439026,-0.21137356758117676,-0.01771639753272325,0.11909016966819763,-0.24067085981369019,-0.015275517479977907,0.08360216021537781,-0.07321339845657349,-0.013993169182441534,0.10821262001991272,-0.1336740255355835,-0.0160513715832451,0.11618605256080627,-0.17241281270980835,-0.013883762994311155,0.11880788207054138,-0.19979768991470337,-0.011218024419150652
0.0,0.0,0.0,-0.015298515558242798,-0.08131051063537598,-0.009274972197395925,-0.0009284913539886475,-0.15579748153686523,-0.013331010532361631,0.029970645904541016,-0.2027168869972229,-0.013664907370490198,0.053152233362197876,-0.23105508089065552,-0.012579802949709062,0.03823232650756836,-0.14791017770767212,-0.026647385735792284,0.07648962736129761,-0.22932565212249756,-0.031544266794604425,0.09249764680862427,-0.27246296405792236,-0.03011547267882264,0.10300713777542114,-0.3039354681968689,-0.02769960143117345,0.06291872262954712,-0.11348748207092285,-0.022847733055037622,0.10060763359069824,-0.20286649465560913,-0.0269485288902942,0.11139321327209473,-0.2525341510772705,-0.02390164003221429,0.11493945121765137,-0.2859973907470703,-0.020882631246728067,0.07689636945724487,-0.08746522665023804,-0.018072089706343775,0.10927265882492065,-0.16627472639083862,-0.021217655916494493,0.11779099702835083,-0.21350228786468506,-0.01857573591617978,0.11966723203659058,-0.24552875757217407,-0.01586248219458497,0.08196491003036499,-0.07460540533065796,-0.013458925825339918,0.10690134763717651,-0.1365836262702942,-0.015440828692895536,0.11455780267715454,-0.17661237716674805,-0.013207232174259786,0.1166529655456543,-0.20516246557235718,-0.010374727253598337
0.0,0.0,0.0,-0.014327257871627808,-0.08409970998764038,-0.007960769324917294,0.003637075424194336,-0.15996098518371582,-0.011901847063917614,0.038036197423934937,-0.20785295963287354,-0.012361285253781773,0.06326600909233093,-0.2375490665435791,-0.011616449780184723,0.03824585676193237,-0.14906418323516846,-0.026903727068919636,0.07801160216331482,-0.2294209599494934,-0.0316413091266341,0.09562620520591736,-0.27022111415863037,-0.030272216513175465,0.10742524266242981,-0.3000043034553528,-0.02800157384516666,0.06309279799461365,-0.11337816715240479,-0.02370809481980274,0.10107001662254333,-0.2038722038269043,-0.026964955940265156,0.11215922236442566,-0.2520661950111389,-0.023395982548017003,0.11668452620506287,-0.2839834690093994,-0.020385441347379185,0.07748636603355408,-0.08597958087921143,-0.01929493153037498,0.10977491736412048,-0.16682219505310059,-0.021231523692030407,0.11766853928565979,-0.21345913410186768,-0.017288369103688694,0.11931774020195007,-0.2437129020690918,-0.014125798805970646,0.08309665322303772,-0.07258045673370361,-0.015005364991147019,0.10805180668830872,-0.13591068983078003,-0.0157894817882962,0.11498460173606873,-0.17623043060302734,-0.012422787002641655,0.11653557419776917,-0.2045048475265503,-0.009091220773179032
0.0,0.0,0.0,-0.013581126928329468,-0.0835677981376648,-0.007019200445050444,0.002980053424835205,-0.1592828631401062,-0.01002496302955791,0.03579607605934143,-0.20568394660949707,-0.009378782556289877,0.06101506948471069,-0.22730565071105957,-0.007539487992310967,0.03908663988113403,-0.14701694250106812,-0.026388274588519778,0.07908928394317627,-0.23018395900726318,-0.03061158963375732,0.09702736139297485,-0.2713613510131836,-0.028575567611390795,0.1092989444732666,-0.30018001794815063,-0.025735564612681117,0.06316661834716797,-0.1115681529045105,-0.022736074485713686,0.10083115100860596,-0.20247071981430054,-0.025847127743894305,0.11193889379501343,-0.2507544159889221,-0.021691681899959292,0.1162077784538269,-0.2815420627593994,-0.017970668234760012,0.0775635838508606,-0.08454293012619019,-0.01772239440017387,0.10818833112716675,-0.16427314281463623,-0.019210299559766497,0.11607003211975098,-0.21053338050842285,-0.015067444265717711,0.11780762672424316,-0.23976290225982666,-0.011619400315815653,0.08324360847473145,-0.0700799822807312,-0.012735849329168047,0.10517776012420654,-0.13291728496551514,-0.01322199226253673,0.11087536811828613,-0.17205214500427246,-0.009753126733833994,0.11190986633300781,-0.19789063930511475,-0.006199954160386767
0.0,0.0,0.0,-0.012907654047012329,-0.08269822597503662,-0.005643133335624384,0.002946823835372925,-0.1573212742805481,-0.007951783743564533,0.033104538917541504,-0.20211541652679443,-0.006586995237384485,0.05594566464424133,-0.22042715549468994,-0.0041948065914851895,0.038517653942108154,-0.14833205938339233,-0.02810683174139683,0.08020123839378357,-0.23016691207885742,-0.032156848144595074,0.09901508688926697,-0.2704097032546997,-0.02949102668172543,0.11140850186347961,-0.29832231998443604,-0.02597125878638451,0.06242719292640686,-0.11072468757629395,-0.02431698774999802,0.10095861554145813,-0.2000848650932312,-0.026727915537421154,0.11274012923240662,-0.24736487865447998,-0.0212151471347255,0.11723580956459045,-0.2781425714492798,-0.01638147680169766,0.07674583792686462,-0.08084988594055176,-0.01875784693366711,0.10414204001426697,-0.15826165676116943,-0.01899210808879559,0.10991016030311584,-0.20110327005386353,-0.013363548350397991,0.1097160279750824,-0.2261940836906433,-0.008841033820871758,0.08192607760429382,-0.06367653608322144,-0.01307771520770018,0.09823533892631531,-0.12584388256072998,-0.012363424320582794,0.10001525282859802,-0.16271913051605225,-0.0076532631934327355,0.09803447127342224,-0.18474513292312622,-0.0031101552591366044
0.0,0.0,0.0,-0.012756675481796265,-0.08384615182876587,-0.005835800174267547,0.005183100700378418,-0.159223735332489,-0.008368958461673515,0.037835001945495605,-0.20318084955215454,-0.007150703783722179,0.06169527769088745,-0.22078806161880493,-0.005121481347472923,0.03891751170158386,-0.14790242910385132,-0.02869499262759234,0.08097535371780396,-0.22740083932876587,-0.03234286208042647,0.10061728954315186,-0.26715320348739624,-0.029900794591398494,0.11377173662185669,-0.2955896258354187,-0.026858042668195026,0.0629708468914032,-0.10928767919540405,-0.02493935052642371,0.10196733474731445,-0.19679021835327148,-0.026750329624505298,0.11537522077560425,-0.24340587854385376,-0.021752627309055583,0.12156534194946289,-0.2747611403465271,-0.01774919193574931,0.07705104351043701,-0.07833397388458252,-0.019300870339961307,0.10487192869186401,-0.1557016372680664,-0.019159648310036914,0.11199378967285156,-0.19963043928146362,-0.014321800995261924,0.1129809021949768,-0.22622686624526978,-0.01084434401580836,0.08180743455886841,-0.06038177013397217,-0.013485843058319347,0.097686767578125,-0.12264162302017212,-0.01268838320264365,0.09925413131713867,-0.159521222114563,-0.008344840000958698,0.09734690189361572,-0.18149548768997192,-0.00442696476692106
0.0,0.0,0.0,-0.012328684329986572,-0.0830918550491333,-0.0079218620390904,0.005983203649520874,-0.15924590826034546,-0.010941191199542288,0.03920504450798035,-0.20197778940200806,-0.009762553121269946,0.06321343779563904,-0.21922481060028076,-0.007522258530677561,0.0397774875164032,-0.14372581243515015,-0.03080625421863914,0.08272039890289307,-0.2264331579208374,-0.033977871383847,0.10217350721359253,-0.2654503583908081,-0.030982430647434,0.11515730619430542,-0.29276031255722046,-0.027579463641465907,0.06324657797813416,-0.10447347164154053,-0.025582452859104876,0.10167819261550903,-0.19199156761169434,-0.02590023688537002,0.1147717833518982,-0.23910677433013916,-0.019771890337885623,0.12018430233001709,-0.270235538482666,-0.015294530052067046,0.07687902450561523,-0.07387810945510864,-0.01868510767382503,0.09908980131149292,-0.14925050735473633,-0.016840932513893847,0.10068464279174805,-0.18644869327545166,-0.010950494180740122,0.09690970182418823,-0.20500940084457397,-0.006982770837218766,0.08185696601867676,-0.05658245086669922,-0.01198075674039245,0.09246712923049927,-0.11707615852355957,-0.010589309591175322,0.08964449167251587,-0.15016430616378784,-0.006304842974365954,0.08401280641555786,-0.1674550175666809,-0.0024567126252961202
0.0,0.0,0.0,-0.011473208665847778,-0.08029776811599731,-0.006358520951117441,0.007039248943328857,-0.15680259466171265,-0.00835459296032326,0.03753924369812012,-0.20025622844696045,-0.006630340483035013,0.05839088559150696,-0.21726924180984497,-0.004050365075464413,0.03807613253593445,-0.14305508136749268,-0.02968497749790089,0.07989221811294556,-0.22453230619430542,-0.03323477682098286,0.09964758157730103,-0.2648584842681885,-0.03061069723590748,0.11331433057785034,-0.2936096787452698,-0.027404226254667208,0.06126806139945984,-0.10558360815048218,-0.025475349169219896,0.09962427616119385,-0.1901865005493164,-0.025702975582326815,0.116066575050354,-0.23976385593414307,-0.020172625672067568,0.12484985589981079,-0.27476298809051514,-0.016325306039298937,0.07550257444381714,-0.07398593425750732,-0.019479103278364107,0.09625118970870972,-0.14582455158233643,-0.017783636119212076,0.09663784503936768,-0.177773118019104,-0.012600258816028997,0.09152048826217651,-0.1904085874557495,-0.009092409986998007,0.08103287220001221,-0.05372136831283569,-0.013602613363410399,0.0882871150970459,-0.11138105392456055,-0.012416924241925642,0.08177882432937622,-0.1387583613395691,-0.008391486372794077,0.07292211055755615,-0.1483926773071289,-0.004738049473608896
0.0,0.0,0.0,-0.011166274547576904,-0.07944691181182861,-0.005501917404444612,0.005491971969604492,-0.15213823318481445,-0.008592409854145444,0.03509750962257385,-0.1940382719039917,-0.008563894619555867,0.056974858045578,-0.2060908079147339,-0.007860461091013349,0.03522542119026184,-0.14066696166992188,-0.03026703077307502,0.0779104232788086,-0.2230466604232788,-0.03576427216580669,0.09934002161026001,-0.26324737071990967,-0.03427523265531818,0.1140751838684082,-0.2908334732055664,-0.03145721073201457,0.05866393446922302,-0.10354334115982056,-0.027586200115592874,0.09782654047012329,-0.19046199321746826,-0.0300979007308797,0.11590433120727539,-0.23886781930923462,-0.025942249995978273,0.12623292207717896,-0.27072155475616455,-0.022565808919580377,0.07372528314590454,-0.07110828161239624,-0.022979686809094346,0.09465336799621582,-0.14080023765563965,-0.023569664758952058,0.09280431270599365,-0.1692134141921997,-0.01861365030458728,0.08612710237503052,-0.17858946323394775,-0.014489766051383413,0.08021610975265503,-0.05034315586090088,-0.01833517181626121,0.08788526058197021,-0.10746622085571289,-0.01854358504465381,0.08174055814743042,-0.133417546749115,-0.014218633835525907,0.07351547479629517,-0.14235568046569824,-0.009840194908292688
0.0,0.0,0.0,-0.011466354131698608,-0.07950854301452637,-0.005814882093957863,0.006934821605682373,-0.1513938307762146,-0.009236902562818727,0.0373135507106781,-0.19305050373077393,-0.009051529323599539,0.05785718560218811,-0.20906281471252441,-0.008402180490932665,0.03459388017654419,-0.13867276906967163,-0.03390104938848992,0.07752630114555359,-0.22316914796829224,-0.03874457870229264,0.09869047999382019,-0.2635061740875244,-0.0366392159889557,0.11340519785881042,-0.29133057594299316,-0.03358452264770051,0.058478474617004395,-0.10104608535766602,-0.030706780595622263,0.09765800833702087,-0.19030845165252686,-0.03214681018694421,0.11569580435752869,-0.2395991086959839,-0.027239204017362795,0.12668606638908386,-0.2728971242904663,-0.02381189968987485,0.07377132773399353,-0.06870424747467041,-0.02522210274442216,0.09498658776283264,-0.1436646580696106,-0.02417331059082528,0.09473791718482971,-0.1750679612159729,-0.01839103419884225,0.08980754017829895,-0.18595045804977417,-0.014466114906511507,0.08020171523094177,-0.048762381076812744,-0.01971650925084134,0.08690175414085388,-0.10892236232757568,-0.018844198999843798,0.08066871762275696,-0.1348397135734558,-0.013888153811834059,0.07268592715263367,-0.14233535528182983,-0.009512682078323564
0.0,0.0,0.0,-0.010550141334533691,-0.08092212677001953,-0.005870881611556911,0.008366376161575317,-0.15162938833236694,-0.009491311973036431,0.03908759355545044,-0.19150030612945557,-0.009966102084220552,0.059510260820388794,-0.20897305011749268,-0.009962821034790181,0.03562226891517639,-0.14143645763397217,-0.03126004210680833,0.07658892869949341,-0.22569644451141357,-0.03685304022401681,0.09753453731536865,-0.265708863735199,-0.0355468640384089,0.11292773485183716,-0.29323649406433105,-0.03310082725256791,0.05914822220802307,-0.10353732109069824,-0.029415287664235734,0.09724408388137817,-0.1925966739654541,-0.032454228615463876,0.11578184366226196,-0.24050754308700562,-0.029096237039269113,0.12786811590194702,-0.2717100977897644,-0.026571075087488794,0.0739750862121582,-0.07031261920928955,-0.025634913360775613,0.09670865535736084,-0.1448773741722107,-0.026962934648693704,0.09715360403060913,-0.1779857873916626,-0.02252169384628644,0.09311473369598389,-0.19128632545471191,-0.019134065723122262,0.0801616907119751,-0.048897385597229004,-0.021821059873403215,0.08738577365875244,-0.11083602905273438,-0.02275287418633809,0.08186471462249756,-0.13797146081924438,-0.018387539899052285,0.07445210218429565,-0.147294282913208,-0.014207031233311795
0.0,0.0,0.0,-0.010188162326812744,-0.08308136463165283,-0.005366163210794639,0.00958341360092163,-0.1562131643295288,-0.008471690932140064,0.042597681283950806,-0.19153618812561035,-0.00889813329450817,0.0654800534248352,-0.1998438835144043,-0.008867094175741386,0.034606754779815674,-0.14323174953460693,-0.02850672870300741,0.07567402720451355,-0.22458505630493164,-0.03394055447898836,0.09679186344146729,-0.26401984691619873,-0.03319056786023111,0.11275613307952881,-0.2910979986190796,-0.03149514726720781,0.058334529399871826,-0.10633152723312378,-0.027141184428558063,0.0961681604385376,-0.19282537698745728,-0.030269202658757877,0.11584478616714478,-0.23990488052368164,-0.02801585837624998,0.12937813997268677,-0.2700059413909912,-0.026480668106898975,0.07381027936935425,-0.0739472508430481,-0.023974430629834842,0.09585219621658325,-0.14650613069534302,-0.026371088692769717,0.0903388261795044,-0.172862708568573,-0.022832102024779033,0.08058851957321167,-0.17969095706939697,-0.01970134570620985,0.0808800458908081,-0.05285322666168213,-0.0207740635367486,0.08831346035003662,-0.11335760354995728,-0.02342840924285383,0.08025431632995605,-0.13660597801208496,-0.020244353333339404,0.07018303871154785,-0.1418222188949585,-0.016609749639258098
0.0,0.0,0.0,-0.008592218160629272,-0.08376944065093994,-0.005243647551466779,0.01597970724105835,-0.15387803316116333,-0.008702893449296312,0.05155166983604431,-0.18589425086975098,-0.009397691754926996,0.07509353756904602,-0.1937904953956604,-0.00979372084729846,0.03508371114730835,-0.14196068048477173,-0.029736458963085965,0.07705026865005493,-0.2214418649673462,-0.03496900357895072,0.0988905131816864,-0.2610040307044983,-0.034109020313550786,0.11558988690376282,-0.2882887125015259,-0.03248589642934974,0.0587938129901886,-0.10362595319747925,-0.028719251683284597,0.09808960556983948,-0.18996268510818481,-0.03143600531511481,0.11823198199272156,-0.23903167247772217,-0.029373712545563535,0.1322723925113678,-0.27085959911346436,-0.028233179530431585,0.07465529441833496,-0.06976491212844849,-0.025710558226634816,0.10119763016700745,-0.14549320936203003,-0.027805033779074506,0.09805837273597717,-0.17686015367507935,-0.024689964657952146,0.09026774764060974,-0.1867067813873291,-0.022320372691680745,0.08239606022834778,-0.047573745250701904,-0.022569503343035535,0.08996942639350891,-0.1101377010345459,-0.02533184148960288,0.08109250664710999,-0.13629871606826782,-0.022354421845008687,0.07140457630157471,-0.14325326681137085,-0.019103239929606275
0.0,0.0,0.0,-0.008049309253692627,-0.0843207836151123,-0.005529371051082421,0.017328649759292603,-0.15439260005950928,-0.008723820986190844,0.05352902412414551,-0.18134182691574097,-0.008983881639281321,0.07665100693702698,-0.18313002586364746,-0.008748336190322448,0.034248679876327515,-0.14325106143951416,-0.029114533642271567,0.07696524262428284,-0.22342491149902344,-0.033603914508560706,0.09889313578605652,-0.26069051027297974,-0.03221293208930831,0.1158856451511383,-0.2863771319389343,-0.03035220918987136,0.05810156464576721,-0.10644263029098511,-0.027331483045557547,0.09728798270225525,-0.1907934546470642,-0.02945942660603862,0.11759516596794128,-0.23836761713027954,-0.027081532830337096,0.13194236159324646,-0.26962894201278687,-0.025895398536661673,0.07463857531547546,-0.07452231645584106,-0.023613920861819793,0.09939363598823547,-0.14768528938293457,-0.024622278714517165,0.09343096613883972,-0.17848509550094604,-0.021442778835037757,0.08254033327102661,-0.1883382797241211,-0.019278360957244445,0.08288794755935669,-0.05388498306274414,-0.019966355020144988,0.08843663334846497,-0.11226272583007812,-0.021726422438362647,0.07907074689865112,-0.13804376125335693,-0.01918953513536792,0.06877389550209045,-0.14539861679077148,-0.01652311948869567
0.0,0.0,0.0,-0.008042991161346436,-0.08522689342498779,-0.005115652547615923,0.017984718084335327,-0.153192937374115,-0.008867732805597939,0.054875731468200684,-0.1797676682472229,-0.010140024681973614,0.0788067877292633,-0.18315404653549194,-0.011135232259917416,0.03390336036682129,-0.14316093921661377,-0.028577751105117954,0.075690358877182,-0.2195490598678589,-0.03403582852094189,0.09824037551879883,-0.25777339935302734,-0.03380944262950436,0.11673283576965332,-0.2849430441856384,-0.0328344745537521,0.05799853801727295,-0.10639983415603638,-0.027813667987871327,0.09611397981643677,-0.1901237964630127,-0.030972971205997624,0.11712545156478882,-0.2383297085762024,-0.029863607694792904,0.1325327754020691,-0.2694545388221741,-0.029563686435508885,0.07460612058639526,-0.07278484106063843,-0.02506863195209519,0.09837234020233154,-0.14505243301391602,-0.02820074613897816,0.08954620361328125,-0.1704438328742981,-0.025571108420777477,0.07629737257957458,-0.17421799898147583,-0.023044990932035603,0.08326876163482666,-0.04996681213378906,-0.022197027315783657,0.08962291479110718,-0.11149424314498901,-0.025634155233788647,0.07873445749282837,-0.13457614183425903,-0.02293217982857243,0.06686180830001831,-0.13772207498550415,-0.019665793140816845
0.0,0.0,0.0,-0.0075106024742126465,-0.08508950471878052,-0.005090779423127856,0.017444103956222534,-0.1514214277267456,-0.008991408425728764,0.053855955600738525,-0.1750761866569519,-0.010553235452036347,0.07774651050567627,-0.1771543025970459,-0.011721977296630826,0.03198167681694031,-0.14387989044189453,-0.027323525662879433,0.07438048720359802,-0.2198178768157959,-0.033087224032144036,0.0972088873386383,-0.25686120986938477,-0.0330722967939181,0.11549296975135803,-0.28231483697891235,-0.03214798149035403,0.05628591775894165,-0.10747802257537842,-0.026743950586180176,0.09486421942710876,-0.19083213806152344,-0.030131625275473084,0.11576530337333679,-0.23796796798706055,-0.029148865755061593,0.13125649094581604,-0.26909637451171875,-0.028881537060598816,0.07349702715873718,-0.07483905553817749,-0.0243758729504151,0.09899112582206726,-0.14992064237594604,-0.026949383582334008,0.09274575114250183,-0.18124210834503174,-0.02430660676525065,0.08245095610618591,-0.1916515827178955,-0.022211851816038575,0.0826793909072876,-0.05246180295944214,-0.02202207435236403,0.08919259905815125,-0.11381155252456665,-0.024842201064686265,0.07969009876251221,-0.14034312963485718,-0.02219577905104586,0.06949633359909058,-0.14792919158935547,-0.019239360730509247
0.0,0.0,0.0,-0.006879478693008423,-0.08615905046463013,-0.00404758207068312,0.017466455698013306,-0.15017074346542358,-0.008729033316825507,0.05252513289451599,-0.17067217826843262,-0.011199599276636718,0.0760747492313385,-0.17021209001541138,-0.013467708747242568,0.031651586294174194,-0.14320719242095947,-0.029442516300235866,0.07504481077194214,-0.21830618381500244,-0.036038794699464916,0.09849980473518372,-0.2554464340209961,-0.03649889412835705,0.11698147654533386,-0.2804833650588989,-0.03580721202806103,0.056041985750198364,-0.10635852813720703,-0.029644784662281154,0.09638205170631409,-0.19018548727035522,-0.03354913103893864,0.1169838011264801,-0.2361050248146057,-0.03238573777989018,0.13149121403694153,-0.2652667164802551,-0.031848755809818385,0.07343864440917969,-0.07240188121795654,-0.027639723527585147,0.10081544518470764,-0.148326575756073,-0.029605212766085742,0.0929398238658905,-0.17769873142242432,-0.02518324289039242,0.08071345090866089,-0.1859949827194214,-0.021911789807830928,0.08249309659004211,-0.048657119274139404,-0.025587518844162105,0.0889827311038971,-0.10968214273452759,-0.027184902835045932,0.07873019576072693,-0.13504695892333984,-0.022646404016171573,0.06774833798408508,-0.14125841856002808,-0.018277666676198123
0.0,0.0,0.0,-0.006210803985595703,-0.08591669797897339,-0.004677446606223157,0.019043922424316406,-0.15042483806610107,-0.009662356274787953,0.055290400981903076,-0.17255914211273193,-0.012464888441030553,0.07990625500679016,-0.17416107654571533,-0.014820423024360707,0.03149297833442688,-0.14365261793136597,-0.029209194752041867,0.07525354623794556,-0.2167952060699463,-0.03601103094464975,0.09841430187225342,-0.2528931498527527,-0.03663480100280481,0.1169777512550354,-0.2777840495109558,-0.036201017024581006,0.05545225739479065,-0.10643887519836426,-0.0294478051835938,0.09663772583007812,-0.18823879957199097,-0.03395458129293161,0.11769258975982666,-0.23370277881622314,-0.033203927847210934,0.1331651210784912,-0.2634628415107727,-0.03311965805536943,0.0729043185710907,-0.07199370861053467,-0.02762017031258779,0.1020432710647583,-0.14836126565933228,-0.030526500242416432,0.09220975637435913,-0.17524415254592896,-0.02588965189701753,0.07861113548278809,-0.18152010440826416,-0.02232909952348905,0.08244985342025757,-0.04756450653076172,-0.02583130453771787,0.09092170000076294,-0.11028444766998291,-0.02823848468310075,0.08041101694107056,-0.13533908128738403,-0.02394151878601747,0.06941601634025574,-0.14080071449279785,-0.019734922843639424
0.0,0.0,0.0,-0.005835235118865967,-0.0855947732925415,-0.004832513611432887,0.01961606740951538,-0.14834898710250854,-0.010176327526238538,0.05634644627571106,-0.16914325952529907,-0.013367578833964444,0.08144888281822205,-0.1708419919013977,-0.016065369806852914,0.031284183263778687,-0.14237356185913086,-0.029418505243626214,0.07511726021766663,-0.21563184261322021,-0.03663819793578682,0.09857177734375,-0.2520609498023987,-0.03757352147218285,0.11721789836883545,-0.27717989683151245,-0.03730767730590401,0.055262625217437744,-0.10551297664642334,-0.029797834790912248,0.09675532579421997,-0.1878454089164734,-0.03466674450751839,0.11763608455657959,-0.23294848203659058,-0.033993472791877366,0.1329553723335266,-0.2624964714050293,-0.033877463526692964,0.07285842299461365,-0.07104521989822388,-0.028155844173994637,0.10283243656158447,-0.1482943892478943,-0.03125928480145035,0.09317618608474731,-0.1760725975036621,-0.02630155671354828,0.07983484864234924,-0.1833147406578064,-0.02246036145803032,0.08268183469772339,-0.04626041650772095,-0.026577345542278863,0.09235167503356934,-0.10956275463104248,-0.028909682742920495,0.08217531442642212,-0.13508474826812744,-0.024162167198625184,0.07139405608177185,-0.1411493420600891,-0.01959209468182621
0.0,0.0,0.0,-0.005082875490188599,-0.08485078811645508,-0.005413597269864567,0.02259126305580139,-0.14593660831451416,-0.011198920949311741,0.06255927681922913,-0.16477710008621216,-0.015055886289985665,0.09019753336906433,-0.16655969619750977,-0.018122994161160477,0.031455934047698975,-0.14446520805358887,-0.02857097313454915,0.07550960779190063,-0.21539247035980225,-0.03653998003056813,0.09976118803024292,-0.2509543299674988,-0.03791579679301549,0.11896371841430664,-0.27592599391937256,-0.0379097133939581,0.055024296045303345,-0.106381356716156,-0.029488882801445016,0.09626340866088867,-0.18625301122665405,-0.035713695741208085,0.11801451444625854,-0.23058032989501953,-0.03616855741194058,0.13425397872924805,-0.25986266136169434,-0.03673594892671872,0.07267165184020996,-0.07051390409469604,-0.028623516491563805,0.10197150707244873,-0.14286768436431885,-0.03411399648240376,0.09039124846458435,-0.16551542282104492,-0.030118490389497765,0.07549217343330383,-0.16896426677703857,-0.02622610405734349,0.08286798000335693,-0.04442775249481201,-0.02779548690369893,0.09338825941085815,-0.10577559471130371,-0.031440191722424515,0.08262911438941956,-0.12840700149536133,-0.027074022970111855,0.07137739658355713,-0.13179248571395874,-0.022551608092101105
0.0,0.0,0.0,-0.004893064498901367,-0.08277034759521484,-0.006427676497281709,0.02392446994781494,-0.14399147033691406,-0.012490375047804037,0.06526651978492737,-0.16361814737319946,-0.016272028057159105,0.09410074353218079,-0.16630232334136963,-0.0191824725701224,0.03148546814918518,-0.1422051191329956,-0.02992061254221312,0.07605507969856262,-0.21420466899871826,-0.03810408067542426,0.10080292820930481,-0.25022637844085693,-0.03925116833883635,0.11993345618247986,-0.2754421830177307,-0.038880561558784166,0.05440512299537659,-0.10359817743301392,-0.030189585952342668,0.0956682562828064,-0.18414419889450073,-0.036795363841832796,0.11743786931037903,-0.2295825481414795,-0.03708326172667853,0.13300737738609314,-0.2598452568054199,-0.037361976770938554,0.07190942764282227,-0.06781047582626343,-0.02876780469554774,0.10047343373298645,-0.13899213075637817,-0.03476781499225012,0.08960634469985962,-0.16211766004562378,-0.031046700744212785,0.07512015104293823,-0.16661792993545532,-0.027137258170427003,0.08242279291152954,-0.04228663444519043,-0.027394541619599977,0.09324407577514648,-0.10345351696014404,-0.031259697942317644,0.08266821503639221,-0.1261693835258484,-0.027067645533264795,0.07154771685600281,-0.1300637125968933,-0.02262391064900271
0.0,0.0,0.0,-0.005515754222869873,-0.08290386199951172,-0.0058763225053724,0.02183404564857483,-0.14471089839935303,-0.01190011598666274,0.061386048793792725,-0.16360902786254883,-0.015461252299445505,0.089007169008255,-0.164686381816864,-0.018189792749780054,0.030690431594848633,-0.14052343368530273,-0.030945853558677072,0.07537519931793213,-0.21336877346038818,-0.038997010556357736,0.1001361608505249,-0.24913519620895386,-0.040154428449767465,0.11886477470397949,-0.2735642194747925,-0.0398024294947561,0.05362814664840698,-0.10164821147918701,-0.030954645243781442,0.0960477888584137,-0.18171167373657227,-0.03711366024364793,0.11768907308578491,-0.22605103254318237,-0.03678422909726464,0.13290119171142578,-0.25516021251678467,-0.03667237725605332,0.07121396064758301,-0.06692492961883545,-0.029071067688363428,0.10054218769073486,-0.14038783311843872,-0.03388229873527848,0.09014710783958435,-0.1646372675895691,-0.029229154107468958,0.0759890079498291,-0.16920024156570435,-0.024986268249648447,0.08189299702644348,-0.042943716049194336,-0.027233063471811647,0.09258139133453369,-0.10520303249359131,-0.030354564306634302,0.08253327012062073,-0.12832963466644287,-0.02567389537145459,0.07206413149833679,-0.1323203444480896,-0.020944216517108316
0.0,0.0,0.0,-0.005870014429092407,-0.08108824491500854,-0.005754195628412617,0.02094528079032898,-0.14369088411331177,-0.011743996767052067,0.06031802296638489,-0.16357582807540894,-0.0151483821773013,0.08769771456718445,-0.16578352451324463,-0.017815751498289956,0.028889387845993042,-0.14031505584716797,-0.03251344292397107,0.0741155743598938,-0.21300870180130005,-0.04069293244714345,0.09906131029129028,-0.24852418899536133,-0.04156945972675885,0.11794465780258179,-0.27260756492614746,-0.04093762814039792,0.05168989300727844,-0.1018216609954834,-0.03247471108073796,0.09475523233413696,-0.18208396434783936,-0.03871229245299901,0.11678588390350342,-0.22628289461135864,-0.038214236041255845,0.13195353746414185,-0.2551147937774658,-0.03796671657795514,0.06950917840003967,-0.06704699993133545,-0.030353566175051583,0.09925252199172974,-0.1408368945121765,-0.035048353960462464,0.08912712335586548,-0.1640709638595581,-0.030295189013429535,0.07491010427474976,-0.16798794269561768,-0.026058282246538056,0.08046770095825195,-0.04298973083496094,-0.028218687986679925,0.09057673811912537,-0.10553091764450073,-0.031217444231458558,0.08016538619995117,-0.128409743309021,-0.026554395919390572,0.06951063871383667,-0.13245630264282227,-0.021897676875539673
0.0,0.0,0.0,-0.005723476409912109,-0.08228939771652222,-0.0057240806301877,0.020693987607955933,-0.14480644464492798,-0.011744030077551315,0.05917978286743164,-0.16486090421676636,-0.015001546849106262,0.08594527840614319,-0.16854780912399292,-0.017535123300348232,0.0285189151763916,-0.14016592502593994,-0.03277211941460223,0.07404857873916626,-0.21295469999313354,-0.04054499350169749,0.09865519404411316,-0.24871301651000977,-0.041217266839538524,0.1171734631061554,-0.2735641598701477,-0.04046700082400889,0.051405489444732666,-0.1008751392364502,-0.03244465522149653,0.09521913528442383,-0.1810808777809143,-0.03798932142237277,0.1172274649143219,-0.22437626123428345,-0.037045269530807445,0.13239076733589172,-0.25297194719314575,-0.0365880981800899,0.06938624382019043,-0.06626558303833008,-0.029977494177018116,0.09981557726860046,-0.14307719469070435,-0.03332163698652835,0.09161868691444397,-0.17227166891098022,-0.028012606572900722,0.07945674657821655,-0.18178057670593262,-0.02388387851098628,0.08057811856269836,-0.04265892505645752,-0.02754000134447665,0.09061655402183533,-0.10665202140808105,-0.029367151927743862,0.08096623420715332,-0.13329344987869263,-0.024234091189299534,0.07129403948783875,-0.14104682207107544,-0.019509558823500583
0.0,0.0,0.0,-0.006230473518371582,-0.08372092247009277,-0.005171824593645624,0.018640965223312378,-0.14720278978347778,-0.010796366606456331,0.05527743697166443,-0.16830801963806152,-0.0138210713608089,0.08050402998924255,-0.17128217220306396,-0.016224557880860857,0.028267383575439453,-0.14158040285110474,-0.0314148146403852,0.07390686869621277,-0.2137024998664856,-0.03897303377519279,0.09819686412811279,-0.24982011318206787,-0.03963993524442344,0.1164017915725708,-0.27458417415618896,-0.038847554822069696,0.05113843083381653,-0.10112839937210083,-0.031239502478939585,0.09516793489456177,-0.1812564730644226,-0.036743712027174524,0.1168985366821289,-0.22448647022247314,-0.035580337394577555,0.13193506002426147,-0.2528534531593323,-0.03473804553280502,0.0688127875328064,-0.06610351800918579,-0.028949281547767214,0.09974515438079834,-0.145044207572937,-0.03175060858259826,0.09355497360229492,-0.17903268337249756,-0.025912966926199488,0.08368957042694092,-0.19298917055130005,-0.021449867982965998,0.0795743465423584,-0.04234886169433594,-0.026697427381378702,0.09036487340927124,-0.10932165384292603,-0.027933162052732996,0.08217620849609375,-0.1400265097618103,-0.022201238547069124,0.07381242513656616,-0.15164434909820557,-0.017014500100714258
0.0,0.0,0.0,-0.005798965692520142,-0.0829782485961914,-0.005112698578642494,0.019591808319091797,-0.14647817611694336,-0.010767705549852735,0.05666026473045349,-0.16800802946090698,-0.01385331135000456,0.08193182945251465,-0.17244583368301392,-0.016367236894922144,0.02860119938850403,-0.1421714425086975,-0.03129760995264519,0.07420894503593445,-0.21359103918075562,-0.0389061503088044,0.09874194860458374,-0.24921035766601562,-0.039675348249630815,0.11744862794876099,-0.27358949184417725,-0.03894924074168671,0.051391035318374634,-0.10203224420547485,-0.031191122529463655,0.09533488750457764,-0.18093669414520264,-0.036344454435067064,0.11733543872833252,-0.22422701120376587,-0.03528105541820992,0.13253843784332275,-0.25299912691116333,-0.034727574137406236,0.06914463639259338,-0.06672036647796631,-0.029004397613363153,0.100649893283844,-0.14542794227600098,-0.03184163644667137,0.09476467967033386,-0.178766131401062,-0.026544970271544344,0.08466339111328125,-0.19223779439926147,-0.022579154742317087,0.08013546466827393,-0.042340219020843506,-0.02682254351432789,0.09136331081390381,-0.1090630292892456,-0.028451801089005357,0.08289411664009094,-0.13970822095870972,-0.023329092932300455,0.07417023181915283,-0.1515248417854309,-0.018630637598590738
0.0,0.0,0.0,-0.005749136209487915,-0.08261996507644653,-0.0049293377001617955,0.020069807767868042,-0.14540845155715942,-0.01070749718070374,0.05762040615081787,-0.16651630401611328,-0.013945612640384297,0.08338376879692078,-0.17124855518341064,-0.01658727838963614,0.02867811918258667,-0.1424006223678589,-0.03154859929651366,0.07455474138259888,-0.2144126296043396,-0.03923519193500624,0.09937307238578796,-0.24980813264846802,-0.0399907180604373,0.11834150552749634,-0.2739577293395996,-0.03923926367730246,0.05170053243637085,-0.10241734981536865,-0.03157602860898123,0.09593600034713745,-0.18090057373046875,-0.03677901118368254,0.11858874559402466,-0.22402071952819824,-0.03597747027248488,0.13430601358413696,-0.25254708528518677,-0.03567597135275946,0.06956955790519714,-0.06669098138809204,-0.029442072429958444,0.10052376985549927,-0.14275741577148438,-0.03241548925012694,0.09285548329353333,-0.17330074310302734,-0.02724474161237822,0.0809759795665741,-0.1845570206642151,-0.02329245261222468,0.08052271604537964,-0.04170060157775879,-0.02726787007719622,0.09133607149124146,-0.10638213157653809,-0.02897525816530333,0.08193641901016235,-0.13465434312820435,-0.023824822672906976,0.07225975394248962,-0.14440828561782837,-0.01905476912230597
0.0,0.0,0.0,-0.00713580846786499,-0.08350294828414917,-0.004248439236164359,0.017338037490844727,-0.1477212905883789,-0.009329993645280865,0.053959041833877563,-0.16944634914398193,-0.01185663174334195,0.0790637731552124,-0.17269277572631836,-0.01389568987730172,0.027884095907211304,-0.14310383796691895,-0.03132034874948886,0.07401439547538757,-0.21603214740753174,-0.03822427279743579,0.09848737716674805,-0.2519279718399048,-0.0382731597820225,0.1169588565826416,-0.2761630415916443,-0.03705773911866572,0.051145464181900024,-0.10366451740264893,-0.031162752206057576,0.09519466757774353,-0.1833401918411255,-0.035751264909833935,0.11737066507339478,-0.22698938846588135,-0.03411360494288829,0.13235998153686523,-0.25559675693511963,-0.03314992449674037,0.06901291012763977,-0.06890028715133667,-0.028734928364485768,0.10003504157066345,-0.14705604314804077,-0.030710177863568333,0.09439787268638611,-0.18072307109832764,-0.025176654005974797,0.08404457569122314,-0.19432783126831055,-0.021204123640984562,0.07962700724601746,-0.044653892517089844,-0.026238548005551365,0.09034588932991028,-0.11043483018875122,-0.027261352534026173,0.08192405104637146,-0.14090603590011597,-0.022018980602354077,0.07275331020355225,-0.15250974893569946,-0.017290570209354428
0.0,0.0,0.0,-0.006399393081665039,-0.08444368839263916,-0.0038816137556523245,0.017982304096221924,-0.14816683530807495,-0.009073814176076667,0.05392658710479736,-0.1708759069442749,-0.011961249433511512,0.0786377489566803,-0.1746898889541626,-0.014423488438183085,0.028489112854003906,-0.1445786952972412,-0.030664139226132647,0.0745401680469513,-0.2158679962158203,-0.03816889485722186,0.0990704596042633,-0.25144994258880615,-0.03880325964098574,0.11771702766418457,-0.27539342641830444,-0.037886298060470835,0.05159807205200195,-0.10468131303787231,-0.031044446662122027,0.09609264135360718,-0.18343520164489746,-0.036196476578766124,0.1186402440071106,-0.22697454690933228,-0.03510666525369288,0.1337146759033203,-0.2555919885635376,-0.034387095630222575,0.06929802894592285,-0.0689917802810669,-0.029158302381688372,0.10018080472946167,-0.1455850601196289,-0.03167031964665057,0.09384530782699585,-0.1780722737312317,-0.026262680798822657,0.08279651403427124,-0.1912243366241455,-0.02214134743815066,0.07985121011734009,-0.0437278151512146,-0.027163662746602313,0.09076288342475891,-0.10941201448440552,-0.028276572734171168,0.08184048533439636,-0.13929039239883423,-0.022654684990698115,0.0720333456993103,-0.15085333585739136,-0.01751897929614188
0.0,0.0,0.0,-0.005949288606643677,-0.08318036794662476,-0.0038599297415373712,0.01845589280128479,-0.1467861533164978,-0.00928000244422833,0.05433535575866699,-0.17030203342437744,-0.01232678233756701,0.07898819446563721,-0.1742672324180603,-0.014941929607829252,0.028355449438095093,-0.14324688911437988,-0.03166003502084891,0.07463082671165466,-0.2154686450958252,-0.039409011370679536,0.0992824137210846,-0.2512470483779907,-0.04000234953238646,0.11786505579948425,-0.2752954959869385,-0.038983270294210115,0.051419734954833984,-0.10343658924102783,-0.032093420393010774,0.09655418992042542,-0.18237125873565674,-0.03751885122730414,0.11931148171424866,-0.2258802056312561,-0.0362764445610253,0.13433077931404114,-0.2547788619995117,-0.03534771851374785,0.06925833225250244,-0.06786799430847168,-0.030173767126342455,0.10033413767814636,-0.14487230777740479,-0.032669011271735826,0.09422162175178528,-0.1776311993598938,-0.02687853179051558,0.08330106735229492,-0.19142937660217285,-0.022477641469976106,0.07998380064964294,-0.042621612548828125,-0.028143984965225854,0.09097573161125183,-0.10858231782913208,-0.0290104763127772,0.08212912082672119,-0.13871663808822632,-0.02299430198146979,0.07251304388046265,-0.15057653188705444,-0.017581924564382234
0.0,0.0,0.0,-0.006349682807922363,-0.08333593606948853,-0.0037567565361484867,0.01748412847518921,-0.1474066972732544,-0.009117304454974828,0.0529821515083313,-0.17090833187103271,-0.012061211388044057,0.0776030421257019,-0.1740196943283081,-0.014579016822807489,0.028145045042037964,-0.1444665789604187,-0.0318777981358096,0.07453396916389465,-0.21570521593093872,-0.03937668829732388,0.09903773665428162,-0.25166672468185425,-0.039824073310427366,0.11726939678192139,-0.2758305072784424,-0.03873567387037724,0.05136716365814209,-0.10462313890457153,-0.03219987555914372,0.09656569361686707,-0.1829913854598999,-0.03728999301367253,0.11907076835632324,-0.22682464122772217,-0.03576241910033673,0.13392400741577148,-0.2559804916381836,-0.034615208502344785,0.06932002305984497,-0.06899261474609375,-0.030088433172039686,0.09926992654800415,-0.14590060710906982,-0.03196445956402272,0.09250110387802124,-0.177787184715271,-0.025666845138601957,0.08132675290107727,-0.1902140974998474,-0.020978010367088018,0.0800631046295166,-0.04360073804855347,-0.02789455011063069,0.09023872017860413,-0.10949116945266724,-0.0282279170262143,0.08119556307792664,-0.1390429139137268,-0.021828773538999258,0.07163035869598389,-0.14995932579040527,-0.016147890235714613
0.0,0.0,0.0,-0.006110042333602905,-0.08427399396896362,-0.0033138171769167,0.01775529980659485,-0.14823400974273682,-0.008356431825035315,0.053121477365493774,-0.17181599140167236,-0.011181944375806552,0.0776800811290741,-0.17581868171691895,-0.013599377451413375,0.028628289699554443,-0.14546793699264526,-0.03054448994802783,0.07490363717079163,-0.2159833312034607,-0.03787575322198222,0.09934046864509583,-0.2511761784553528,-0.038340825913422805,0.11762839555740356,-0.2747400403022766,-0.03726616534399341,0.05177775025367737,-0.10553199052810669,-0.031128745851987105,0.09650665521621704,-0.18308186531066895,-0.03615823048161815,0.1191476583480835,-0.22684437036514282,-0.034895513532632094,0.13397616147994995,-0.2558276653289795,-0.03394052046346019,0.0695263147354126,-0.06943303346633911,-0.029332876531356078,0.09924939274787903,-0.14452290534973145,-0.03126453640865634,0.09273216128349304,-0.17703139781951904,-0.025391046283715468,0.08161112666130066,-0.19056063890457153,-0.020976297883265715,0.08004456758499146,-0.04336780309677124,-0.027417200012081366,0.09030425548553467,-0.10811465978622437,-0.027828317461484176,0.08129796385765076,-0.13800263404846191,-0.021633569477074843,0.07151645421981812,-0.14970272779464722,-0.01607794533478568
0.0,0.0,0.0,-0.00590139627456665,-0.08381938934326172,-0.002840859141315377,0.017473191022872925,-0.14727890491485596,-0.007661213191340721,0.052562445402145386,-0.1701146960258484,-0.010392062855999029,0.07652208209037781,-0.17232638597488403,-0.012820851547758139,0.029255419969558716,-0.14564907550811768,-0.03004622694675163,0.07536911964416504,-0.2158774733543396,-0.037444720534722364,0.0999210774898529,-0.2507752776145935,-0.03796597805444435,0.11810421943664551,-0.2740365266799927,-0.03686531123344139,0.052091509103775024,-0.10543167591094971,-0.03097054411296085,0.09731635451316833,-0.18289095163345337,-0.03629189592425064,0.11963069438934326,-0.22602540254592896,-0.03504240003053383,0.1340993046760559,-0.25462567806243896,-0.033882642654816664,0.06949830055236816,-0.0690767765045166,-0.02950304423097805,0.09988951683044434,-0.1440374255180359,-0.031837208686511076,0.09469723701477051,-0.17654138803482056,-0.02605159815971092,0.08483904600143433,-0.19042813777923584,-0.02146732669893936,0.07966777682304382,-0.04262155294418335,-0.027838971955816305,0.0913500189781189,-0.10794240236282349,-0.028288640571872747,0.08319848775863647,-0.13799035549163818,-0.021836724622289694,0.07409915328025818,-0.14988166093826294,-0.01599044029239849
0.0,0.0,0.0,-0.005308359861373901,-0.08389276266098022,-0.002766386170748092,0.018760889768600464,-0.1475805640220642,-0.007382240409839369,0.05396661162376404,-0.17182976007461548,-0.009940280842471338,0.07838642597198486,-0.17684566974639893,-0.01205681756405852,0.029695093631744385,-0.14653044939041138,-0.029070582504260756,0.07606485486030579,-0.21675175428390503,-0.036349464471328474,0.10055896639823914,-0.2515053153038025,-0.03669029873131535,0.1186484694480896,-0.27467507123947144,-0.0354098903787019,0.05230599641799927,-0.10640138387680054,-0.029942758644807554,0.09735193848609924,-0.1836443543434143,-0.035181291664827086,0.11959975957870483,-0.2265697717666626,-0.03376615446327946,0.13404923677444458,-0.25524723529815674,-0.03246909033774159,0.06978106498718262,-0.07032853364944458,-0.028535913939464308,0.10078608989715576,-0.14608919620513916,-0.0306914209228637,0.09668725728988647,-0.17977255582809448,-0.02473104398964665,0.08764645457267761,-0.19523191452026367,-0.020121518785941817,0.08019977807998657,-0.044056236743927,-0.026985725651371695,0.09204170107841492,-0.10912966728210449,-0.02723976064740441,0.08463487029075623,-0.14010339975357056,-0.020825537185061194,0.07612481713294983,-0.15358448028564453,-0.015071453790056921
0.0,0.0,0.0,-0.004736393690109253,-0.08362901210784912,-0.002307955428960895,0.01937660574913025,-0.1472586989402771,-0.006799768909814929,0.054644644260406494,-0.17168903350830078,-0.009270653381946659,0.07924908399581909,-0.17646485567092896,-0.011407247997823333,0.03004509210586548,-0.146293044090271,-0.0290024711489707,0.0767589807510376,-0.21612316370010376,-0.03601954716444311,0.10142186284065247,-0.2505773901939392,-0.036113923668864345,0.11942321062088013,-0.27378082275390625,-0.03467422935366926,0.05214935541152954,-0.10595321655273438,-0.030015209943059062,0.09776386618614197,-0.18346726894378662,-0.03477935704589186,0.11992919445037842,-0.2256719470024109,-0.03302604171634016,0.13384634256362915,-0.2535659670829773,-0.03159120145440397,0.069326251745224,-0.06943774223327637,-0.028685797259214496,0.10112589597702026,-0.14530175924301147,-0.030454129233959293,0.09845620393753052,-0.17975080013275146,-0.024497431024911975,0.09021568298339844,-0.1958358883857727,-0.02006701405346689,0.07973688840866089,-0.04262357950210571,-0.027154987931254482,0.09242215752601624,-0.10782957077026367,-0.02723842698335943,0.08598124980926514,-0.13922983407974243,-0.020921079695227718,0.07810384035110474,-0.15327471494674683,-0.015347185797992324
0.0,0.0,0.0,-0.0043773353099823,-0.08463472127914429,-0.0023581085703767712,0.019774168729782104,-0.1482207179069519,-0.006761980752969521,0.05535048246383667,-0.1724947690963745,-0.009344542443329829,0.08021163940429688,-0.17746436595916748,-0.011557145088488596,0.02975490689277649,-0.14807206392288208,-0.02731076818662359,0.07637110352516174,-0.21594339609146118,-0.03420925144808962,0.10110628604888916,-0.24993598461151123,-0.03451099996226503,0.11904233694076538,-0.27334368228912354,-0.03329250593441202,0.0517331063747406,-0.10688251256942749,-0.0286183972354479,0.09733527898788452,-0.18222516775131226,-0.03315854076998903,0.11964279413223267,-0.224016010761261,-0.03177110110181047,0.1334092617034912,-0.2522190809249878,-0.03071544510083868,0.06882241368293762,-0.06974130868911743,-0.027789011641914385,0.10109052062034607,-0.14496839046478271,-0.02979037356334402,0.10043567419052124,-0.18041324615478516,-0.02463154871719553,0.09364181756973267,-0.19798868894577026,-0.020826613574797648,0.07939788699150085,-0.04260373115539551,-0.026770090728575724,0.09232267737388611,-0.10784399509429932,-0.027256500020200747,0.08659708499908447,-0.13977891206741333,-0.021491562991911906,0.07918068766593933,-0.15469545125961304,-0.016366085081870096
0.0,0.0,0.0,-0.005071312189102173,-0.08340650796890259,-0.0022373579547831923,0.01860332489013672,-0.14700329303741455,-0.006415566719425669,0.053851693868637085,-0.171639084815979,-0.008753544940901747,0.07828140258789062,-0.17579644918441772,-0.010775289788199416,0.029941946268081665,-0.1473008394241333,-0.027418157375706187,0.07647570967674255,-0.21630024909973145,-0.034092789805782786,0.10105594992637634,-0.2504500150680542,-0.034212949044359675,0.1186535656452179,-0.2738182544708252,-0.0328817426332364,0.05206543207168579,-0.10637480020523071,-0.02860557689453458,0.09790721535682678,-0.18135571479797363,-0.03302243194664811,0.11992928385734558,-0.22361576557159424,-0.03134037769521569,0.1331624686717987,-0.2524645924568176,-0.03001316293264722,0.06902936100959778,-0.06936359405517578,-0.027620284176720133,0.10089001059532166,-0.14320045709609985,-0.02949135965789651,0.0988682210445404,-0.1770666241645813,-0.024007477156175128,0.09079620242118835,-0.1931934356689453,-0.01989760465110635,0.0792529284954071,-0.04209166765213013,-0.026430458120358935,0.09174874424934387,-0.10624247789382935,-0.026809649831903926,0.08490487933158875,-0.13660258054733276,-0.02076563640619611,0.0764630138874054,-0.15006613731384277,-0.015388493716073981
0.0,0.0,0.0,-0.0044622719287872314,-0.0842704176902771,-0.002299995646609432,0.01940026879310608,-0.14770644903182983,-0.006561080711691147,0.05476614832878113,-0.17216336727142334,-0.008965784936009413,0.0795569121837616,-0.17665046453475952,-0.011030023238419062,0.029688715934753418,-0.14830338954925537,-0.0271992201644764,0.07630085945129395,-0.21643167734146118,-0.03372313107436753,0.10096931457519531,-0.25015074014663696,-0.03379220540708161,0.11865362524986267,-0.27356773614883423,-0.03246736179178811,0.05171838402748108,-0.10682404041290283,-0.02836296173816777,0.09740307927131653,-0.18116557598114014,-0.03242775078004456,0.1193988025188446,-0.22316455841064453,-0.030690403907357222,0.132522314786911,-0.252105176448822,-0.029473500578461653,0.06880566477775574,-0.06933313608169556,-0.02739065724497891,0.10086312890052795,-0.14302802085876465,-0.029082926242409712,0.09936726093292236,-0.17699116468429565,-0.023754446088133818,0.0915239155292511,-0.19326382875442505,-0.01987999144083119,0.07938805222511292,-0.04181170463562012,-0.026215726761876113,0.0917520821094513,-0.10611969232559204,-0.026600945993124014,0.08498954772949219,-0.1365206241607666,-0.020750964312611586,0.0766010582447052,-0.15003108978271484,-0.015588601372002131
0.0,0.0,0.0,-0.004306018352508545,-0.08318042755126953,-0.0024351638414827903,0.01999431848526001,-0.1474640965461731,-0.0064799348031101545,0.056117236614227295,-0.17181026935577393,-0.008584239068341049,0.08131971955299377,-0.1750861406326294,-0.010262987124633582,0.02918177843093872,-0.14961200952529907,-0.026331388871085437,0.0758056640625,-0.2168121337890625,-0.032402045573007854,0.10038545727729797,-0.24991732835769653,-0.03225291102648953,0.11793214082717896,-0.2730610966682434,-0.030859378646027835,0.051159948110580444,-0.10803663730621338,-0.027407580534827503,0.09680324792861938,-0.1824011206626892,-0.031105171437275203,0.11881917715072632,-0.2234843373298645,-0.02914054646612385,0.13210731744766235,-0.25229209661483765,-0.027760516400348934,0.068413645029068,-0.07078468799591064,-0.026462548891913684,0.1016804575920105,-0.14619797468185425,-0.027693181778204234,0.10325276851654053,-0.18218213319778442,-0.022312731961619647,0.09818124771118164,-0.20149129629135132,-0.018643846283566745,0.07940390706062317,-0.04330313205718994,-0.02537884518028477,0.0928044319152832,-0.10837632417678833,-0.025313535253417285,0.08749127388000488,-0.13972413539886475,-0.019330998430859836,0.0804581344127655,-0.1548248529434204,-0.014269801336240562
0.0,0.0,0.0,-0.004320263862609863,-0.08244991302490234,-0.002727029903468292,0.01984420418739319,-0.1469457745552063,-0.006772758963194292,0.05582943558692932,-0.17225897312164307,-0.009022001235422294,0.08080053329467773,-0.17605143785476685,-0.010858559108015697,0.029106348752975464,-0.1491454839706421,-0.025883816240963142,0.07618927955627441,-0.2168790102005005,-0.0321539436119167,0.1007775366306305,-0.2502020001411438,-0.032393278612431686,0.11846616864204407,-0.27368593215942383,-0.031367724819716614,0.05134850740432739,-0.10814148187637329,-0.02691485366099755,0.0967647135257721,-0.18096262216567993,-0.031048394797977608,0.11932989954948425,-0.22317421436309814,-0.03007611079388539,0.13311365246772766,-0.25336265563964844,-0.029545843659576576,0.06877681612968445,-0.07077080011367798,-0.02596517658108155,0.10048988461494446,-0.143527090549469,-0.02847384481006543,0.09733742475509644,-0.1740444302558899,-0.024109209014710586,0.08780592679977417,-0.18787860870361328,-0.020730918331679504,0.08006954193115234,-0.04331207275390625,-0.02482399164014737,0.09289175271987915,-0.10679572820663452,-0.026323437749084633,0.08515134453773499,-0.13384485244750977,-0.021286798699435394,0.0756971538066864,-0.1441645622253418,-0.01660253113382737
0.0,0.0,0.0,-0.0050636231899261475,-0.08249819278717041,-0.002890279283832342,0.018980413675308228,-0.14840036630630493,-0.0072437627241868086,0.05493718385696411,-0.1744411587715149,-0.009289704263295562,0.08056843280792236,-0.17911356687545776,-0.010715212673034102,0.02729848027229309,-0.15061354637145996,-0.02843646146365586,0.07527822256088257,-0.21960663795471191,-0.034366980195130736,0.09975934028625488,-0.25237828493118286,-0.03350542485722485,0.11680909991264343,-0.27473199367523193,-0.03149062395104352,0.049779146909713745,-0.10886138677597046,-0.028831716626967818,0.09624078869819641,-0.18466418981552124,-0.032801773399199874,0.11809438467025757,-0.22583770751953125,-0.030347280204381377,0.13119512796401978,-0.254258930683136,-0.028450451791371734,0.06761336326599121,-0.07161670923233032,-0.026994302868928344,0.09954655170440674,-0.1469319462776184,-0.02841800823816243,0.0961020290851593,-0.17793315649032593,-0.022037051618184478,0.08708217740058899,-0.19243788719177246,-0.017276193946685225,0.07914528250694275,-0.04435092210769653,-0.024963330477561385,0.0912213921546936,-0.1094437837600708,-0.02478520572194043,0.08407491445541382,-0.1374284029006958,-0.018172895535911948,0.0759434700012207,-0.14870613813400269,-0.012393302284266383
0.0,0.0,0.0,-0.004154771566390991,-0.08355778455734253,-0.002280614377070833,0.019857704639434814,-0.14904308319091797,-0.006395643615235258,0.05535009503364563,-0.1745145320892334,-0.008533615191538502,0.08073118329048157,-0.18015217781066895,-0.010117482897896934,0.027593344449996948,-0.1531049609184265,-0.026681735684235264,0.07549148797988892,-0.2205459475517273,-0.0324603687423064,0.09958940744400024,-0.25164204835891724,-0.031981620510180164,0.11672970652580261,-0.2734062671661377,-0.030439102594812084,0.049816668033599854,-0.11034506559371948,-0.027697486375529934,0.095926433801651,-0.18396317958831787,-0.03141185598548191,0.1175915002822876,-0.22453385591506958,-0.029793224801380802,0.1306692361831665,-0.25312185287475586,-0.02884021358664768,0.06765511631965637,-0.0715366005897522,-0.026502966453392673,0.09963840246200562,-0.14568543434143066,-0.02797547126289146,0.09663206338882446,-0.1765184998512268,-0.02249943049724834,0.08774816989898682,-0.190771222114563,-0.018627665509541202,0.07943546772003174,-0.04287838935852051,-0.025067215357978512,0.09171399474143982,-0.10844618082046509,-0.02536869006331699,0.08415740728378296,-0.1365489363670349,-0.019321525042016674,0.075633704662323,-0.14765727519989014,-0.014043975194056202
0.0,0.0,0.0,-0.004139691591262817,-0.08404409885406494,-0.001442394817360082,0.019980669021606445,-0.14954102039337158,-0.004770940767713228,0.055415213108062744,-0.17573469877243042,-0.0063047242743152765,0.08080023527145386,-0.18204516172409058,-0.007195854226239362,0.02763235569000244,-0.1552850604057312,-0.02382645210448686,0.07450884580612183,-0.22273439168930054,-0.028557006402053275,0.09768879413604736,-0.2535303831100464,-0.027196191383637824,0.11369186639785767,-0.2750629782676697,-0.024990115447081962,0.04973936080932617,-0.11300331354141235,-0.024929901717342773,0.0950557291507721,-0.18784737586975098,-0.02769635444704477,0.11565622687339783,-0.22690588235855103,-0.02514970874611322,0.12767034769058228,-0.25424832105636597,-0.023328889293708244,0.06746459007263184,-0.07500022649765015,-0.023982834203280845,0.09954693913459778,-0.151197612285614,-0.02467126039985601,0.0996827781200409,-0.18466216325759888,-0.019061422107853332,0.09380680322647095,-0.2024017572402954,-0.015172532891966739,0.07928383350372314,-0.04651522636413574,-0.022754550112523475,0.09156644344329834,-0.11231642961502075,-0.022138416899480262,0.0853186845779419,-0.14170831441879272,-0.015846239535250106,0.07798728346824646,-0.15498465299606323,-0.010484527928866783
0.0,0.0,0.0,-0.004003316164016724,-0.08427327871322632,-0.0008359470311631867,0.0199526846408844,-0.15084773302078247,-0.0037575049582017073,0.05516839027404785,-0.1801801323890686,-0.004887105643291534,0.08102992177009583,-0.19086730480194092,-0.005232029340703548,0.026829302310943604,-0.15689659118652344,-0.022514329503763975,0.07419553399085999,-0.22555100917816162,-0.026785914998043836,0.09705811738967896,-0.25640738010406494,-0.024883139159072698,0.11214035749435425,-0.2779902219772339,-0.022154198240031064,0.04899311065673828,-0.11423450708389282,-0.0235420532780779,0.09406566619873047,-0.19078481197357178,-0.025867612313021482,0.11332598328590393,-0.22873270511627197,-0.022639769341338933,0.12386062741279602,-0.25504833459854126,-0.020108784760822118,0.06709945201873779,-0.07664120197296143,-0.022530357565273107,0.09930580854415894,-0.15584075450897217,-0.02247960979818231,0.10194993019104004,-0.1914488673210144,-0.016106357078541578,0.09844103455543518,-0.21169805526733398,-0.011733191299725831,0.07962644100189209,-0.04853785037994385,-0.021196869413842023,0.0922403335571289,-0.11710375547409058,-0.01960853415309316,0.08784866333007812,-0.14836722612380981,-0.012568135026384653,0.08248811960220337,-0.16406381130218506,-0.006679181221414865
0.0,0.0,0.0,-0.005142629146575928,-0.08536380529403687,-0.00020179741864012612,0.018034696578979492,-0.15287882089614868,-0.0028783518648651807,0.05248582363128662,-0.18250805139541626,-0.004010929289734122,0.07825645804405212,-0.19204950332641602,-0.004510910745239016,0.0269278883934021,-0.15804898738861084,-0.021778280876105782,0.07291477918624878,-0.229156494140625,-0.026050810731476304,0.09550172090530396,-0.26024413108825684,-0.024122533417767045,0.11004024744033813,-0.28086620569229126,-0.021285952098196503,0.049010634422302246,-0.11587256193161011,-0.023275687388604638,0.09316343069076538,-0.19480454921722412,-0.025767886109179017,0.11120498180389404,-0.23236340284347534,-0.022392866231029984,0.1201639175415039,-0.25674891471862793,-0.019465432531660554,0.0668574869632721,-0.07833588123321533,-0.022737295396154877,0.09808525443077087,-0.15861225128173828,-0.02253902054530954,0.1024124026298523,-0.19521790742874146,-0.01625765397352552,0.10063743591308594,-0.21551281213760376,-0.01189731250656223,0.07915124297142029,-0.04980301856994629,-0.021847500495141503,0.09111061692237854,-0.11827611923217773,-0.019612730510061738,0.08765283226966858,-0.14968055486679077,-0.012274073466187474,0.08336302638053894,-0.16489511728286743,-0.006207035418128726
0.0,0.0,0.0,-0.008990108966827393,-0.0871465802192688,-0.0006638692810696512,0.01194271445274353,-0.159085214138031,-0.004476847441637233,0.04596242308616638,-0.1928544044494629,-0.006524090504044011,0.07223421335220337,-0.2042878270149231,-0.007884230313592866,0.02349865436553955,-0.1583368182182312,-0.02607472318946691,0.07081606984138489,-0.23566019535064697,-0.03212170380889745,0.09254223108291626,-0.2659868001937866,-0.03059047538577886,0.10419097542762756,-0.2813081741333008,-0.027338043635481313,0.04685261845588684,-0.11602681875228882,-0.027493315597766355,0.09093350172042847,-0.20229226350784302,-0.031195920740955785,0.10540923476219177,-0.2405645251274109,-0.026864896377318814,0.10934305191040039,-0.261233925819397,-0.02282493453263612,0.06537863612174988,-0.07918071746826172,-0.026761597802632764,0.09650689363479614,-0.16668033599853516,-0.02680553946434827,0.09986099600791931,-0.2035934329032898,-0.019083718618148282,0.09636929631233215,-0.22092509269714355,-0.013661306200319245,0.077826589345932,-0.051655590534210205,-0.025708840077513173,0.08898702263832092,-0.1237180233001709,-0.02360974330245824,0.08490705490112305,-0.15670406818389893,-0.015713256632679418,0.07952767610549927,-0.17219924926757812,-0.009137616341703847
0.0,0.0,0.0,-0.011544197797775269,-0.08835506439208984,-0.003924584834820166,0.004553109407424927,-0.16979289054870605,-0.009166297390109435,0.036525726318359375,-0.21971940994262695,-0.012287064342743292,0.06414413452148438,-0.24475479125976562,-0.014621853715723887,0.022727400064468384,-0.15728819370269775,-0.027019576988166705,0.06709954142570496,-0.23785430192947388,-0.03388808283860101,0.08802172541618347,-0.2715749740600586,-0.03377734485918893,0.10079285502433777,-0.2915886640548706,-0.03198360640460862,0.047511279582977295,-0.11619657278060913,-0.02738875698203458,0.08772805333137512,-0.20501136779785156,-0.031283877677267924,0.10167092084884644,-0.24757719039916992,-0.028299622124976054,0.10607802867889404,-0.2728528380393982,-0.025971706843918696,0.06632265448570251,-0.0820854902267456,-0.02595072600895776,0.09410533308982849,-0.17168450355529785,-0.027269173300808802,0.09463608264923096,-0.20951128005981445,-0.020639149359411135,0.08909192681312561,-0.22745275497436523,-0.016206949836558238,0.07888397574424744,-0.058596909046173096,-0.024482162556594744,0.08884075284004211,-0.13262486457824707,-0.024954916796630755,0.08356142044067383,-0.16589874029159546,-0.018767507634109393,0.07650476694107056,-0.1818147897720337,-0.013358815460449591
0.0,0.0,0.0,-0.011272251605987549,-0.0897223949432373,-0.003660577291313416,0.0050154924392700195,-0.17002570629119873,-0.008724847517598278,0.03437313437461853,-0.22209596633911133,-0.011595444462884075,0.0573292076587677,-0.2559633255004883,-0.013670125685322887,0.019720345735549927,-0.16082996129989624,-0.02678436756848157,0.06352546811103821,-0.2351287603378296,-0.03296600253104032,0.08431375026702881,-0.269189715385437,-0.032070919580448276,0.09799239039421082,-0.29264575242996216,-0.029788957617867595,0.04414162039756775,-0.1180192232131958,-0.02742407814382375,0.08423379063606262,-0.20469582080841064,-0.030701942450988895,0.10042285919189453,-0.2469070553779602,-0.02745444484769166,0.10808748006820679,-0.2741994857788086,-0.025083657063234455,0.0638054609298706,-0.08269208669662476,-0.026180909655678875,0.09289941191673279,-0.17129874229431152,-0.027312896854866153,0.09596461057662964,-0.21123093366622925,-0.02059354231475652,0.09335067868232727,-0.2335115671157837,-0.01606584870039285,0.07756215333938599,-0.058558762073516846,-0.02479704812883199,0.08893412351608276,-0.1352025866508484,-0.02463833027302087,0.08574077486991882,-0.17005705833435059,-0.017922458879340297,0.0810803472995758,-0.1883031725883484,-0.012210340879548198
0.0,0.0,0.0,-0.01024523377418518,-0.0885114073753357,-0.0046759341246485064,0.0070705413818359375,-0.1686672568321228,-0.010472684666424925,0.036025822162628174,-0.221910297870636,-0.013861101619809801,0.058994412422180176,-0.2596287727355957,-0.016466052770525152,0.015243560075759888,-0.16251909732818604,-0.029275778248816664,0.06027936935424805,-0.2337927222251892,-0.03697278679898375,0.08267414569854736,-0.26746445894241333,-0.037042330518275435,0.0977340042591095,-0.29082733392715454,-0.03530458317688101,0.03960174322128296,-0.11839979887008667,-0.029838783234268362,0.08200535178184509,-0.20165526866912842,-0.03491315574935072,0.09993195533752441,-0.2435336709022522,-0.03271007867148512,0.10876151919364929,-0.2711770534515381,-0.03100250431886309,0.06059420108795166,-0.0817331075668335,-0.028462996274143393,0.09217044711112976,-0.16770905256271362,-0.031137764021664793,0.09290310740470886,-0.20478755235671997,-0.024330323129802878,0.0877816379070282,-0.22427219152450562,-0.019409710109144385,0.07658490538597107,-0.057221412658691406,-0.026967394664794142,0.08935832977294922,-0.13403964042663574,-0.02761269690087431,0.08443447947502136,-0.16625678539276123,-0.020640778854399855,0.0784599781036377,-0.18124264478683472,-0.014570978969246084
0.0,0.0,0.0,-0.01078072190284729,-0.08843076229095459,-0.003745192077445836,0.006824076175689697,-0.16652590036392212,-0.009823735684591384,0.03674280643463135,-0.21494907140731812,-0.013686725751000495,0.06069248914718628,-0.24695783853530884,-0.01677394553317413,0.012149125337600708,-0.1618713140487671,-0.029519184373754115,0.05771529674530029,-0.23603665828704834,-0.038437873937624545,0.08165332674980164,-0.269780695438385,-0.039414920725363345,0.09831967949867249,-0.29074811935424805,-0.03805539093210086,0.0364995002746582,-0.11598807573318481,-0.03093533112897262,0.08057591319084167,-0.20393431186676025,-0.03773517615391597,0.09940913319587708,-0.24565666913986206,-0.036186405338781924,0.11001381278038025,-0.27209609746932983,-0.034474731304186434,0.0580747127532959,-0.07939177751541138,-0.030313634194868655,0.09314408898353577,-0.17100262641906738,-0.03367087326242313,0.0979645848274231,-0.2117241621017456,-0.026727019690412135,0.09662771224975586,-0.23426342010498047,-0.02151778049065456,0.07456603646278381,-0.05566537380218506,-0.029538296975630374,0.09098130464553833,-0.13535350561141968,-0.02961399487449512,0.08911702036857605,-0.1710389256477356,-0.02183641760839805,0.08594313263893127,-0.1897592544555664,-0.015215710618036837
0.0,0.0,0.0,-0.010688841342926025,-0.08724665641784668,-0.004416241840914381,0.006310522556304932,-0.1656695008277893,-0.011277089891478909,0.03560805320739746,-0.21493643522262573,-0.015858897072718037,0.05961143970489502,-0.24724525213241577,-0.019714164612338436,0.010974735021591187,-0.15931516885757446,-0.03208833846215953,0.057647705078125,-0.23526859283447266,-0.0422219327366804,0.08217313885688782,-0.27049416303634644,-0.04376184481148471,0.09950745105743408,-0.2931813597679138,-0.042618605372950924,0.03485119342803955,-0.11355721950531006,-0.033613204089448345,0.08044597506523132,-0.20321524143218994,-0.04159259336952914,0.1000886857509613,-0.24584126472473145,-0.04045007291202296,0.11171004176139832,-0.27324652671813965,-0.038910160837218655,0.05654069781303406,-0.07757240533828735,-0.03305120306973208,0.09290114045143127,-0.1699398159980774,-0.03710925492410411,0.09834921360015869,-0.21243375539779663,-0.030472972495005024,0.0976446270942688,-0.23732787370681763,-0.02540199930732001,0.0734487771987915,-0.05488520860671997,-0.032392549393222225,0.09234616160392761,-0.1352849006652832,-0.03276155802373637,0.09187886118888855,-0.17231285572052002,-0.025057771307871235,0.08954977989196777,-0.19246041774749756,-0.01847204479341258
0.0,0.0,0.0,-0.010466665029525757,-0.0863194465637207,-0.004953622505553312,0.005933880805969238,-0.1648045778274536,-0.012161709521450348,0.03406655788421631,-0.215844988822937,-0.016948006269075222,0.057784080505371094,-0.24969446659088135,-0.02095886987123663,0.011977851390838623,-0.1571158766746521,-0.0329613081780451,0.059543758630752563,-0.23469972610473633,-0.042895085331537075,0.084002286195755,-0.27160340547561646,-0.04405437704596693,0.1009308397769928,-0.2960497736930847,-0.04265090372834379,0.03581741452217102,-0.11197006702423096,-0.03414671790275747,0.08176091313362122,-0.20344650745391846,-0.04215135720048124,0.10086315870285034,-0.24745553731918335,-0.040753263202049084,0.11189833283424377,-0.27620929479599,-0.03893907662902052,0.05741468071937561,-0.0766938328742981,-0.03322295766744787,0.09446850419044495,-0.1703227162361145,-0.03719289523039038,0.1002902090549469,-0.2150900959968567,-0.030645403232909985,0.09985798597335815,-0.24244487285614014,-0.025679827820994205,0.07414743304252625,-0.05446779727935791,-0.032234444436170406,0.09311780333518982,-0.13365715742111206,-0.03276874047193701,0.0924798846244812,-0.1725677251815796,-0.025481348079182453,0.08956646919250488,-0.19522792100906372,-0.01916325200770075
0.0,0.0,0.0,-0.009699761867523193,-0.08670645952224731,-0.004753599044732937,0.006272614002227783,-0.16440242528915405,-0.0121604088776337,0.033147186040878296,-0.21563351154327393,-0.017138579496048578,0.05623650550842285,-0.24947655200958252,-0.021401119985483774,0.012660384178161621,-0.15541797876358032,-0.03382345625092853,0.060674846172332764,-0.23206114768981934,-0.0438756827347504,0.0852380096912384,-0.2687414288520813,-0.045014164977573046,0.1022738516330719,-0.29303067922592163,-0.04355831407835353,0.036165714263916016,-0.10962164402008057,-0.035064682000182756,0.0825573205947876,-0.20007282495498657,-0.04301837795307506,0.10185199975967407,-0.24422407150268555,-0.04135666751196254,0.11293348670005798,-0.27296221256256104,-0.03941352628996242,0.05776315927505493,-0.0737152099609375,-0.03406967186262477,0.0953582227230072,-0.16691845655441284,-0.037916998945974,0.1005258858203888,-0.21096575260162354,-0.030680782728694567,0.09942767024040222,-0.23713630437850952,-0.02522852049102653,0.07480090856552124,-0.050797224044799805,-0.032990194492839464,0.09421676397323608,-0.1304195523262024,-0.033484313272737154,0.09284299612045288,-0.16918939352035522,-0.025770438470743784,0.08930850028991699,-0.1910616159439087,-0.019088023909233698
0.0,0.0,0.0,-0.008319944143295288,-0.08627009391784668,-0.004086687400615574,0.008905261754989624,-0.16400939226150513,-0.011322146452641846,0.03610450029373169,-0.21486330032348633,-0.016147985294139744,0.05886456370353699,-0.24938488006591797,-0.020270067438161732,0.012226849794387817,-0.1567133665084839,-0.03410744404760635,0.06090003252029419,-0.23177486658096313,-0.044182543813860775,0.08619338274002075,-0.26726657152175903,-0.04504295921293533,0.10386577248573303,-0.2900558114051819,-0.043286347001469494,0.03481295704841614,-0.10939151048660278,-0.03566556161609924,0.08258989453315735,-0.1989065408706665,-0.04367961472240722,0.10280808806419373,-0.24110430479049683,-0.04165656974879539,0.11511185765266418,-0.26866722106933594,-0.03931935986844337,0.05599209666252136,-0.07192504405975342,-0.0349053751525048,0.09512481093406677,-0.1640639305114746,-0.03862895554271972,0.10222041606903076,-0.208781898021698,-0.03125579392877853,0.10297012329101562,-0.23653727769851685,-0.025686367585933567,0.07313001155853271,-0.0472678542137146,-0.03395625686613357,0.09394136071205139,-0.12698686122894287,-0.03386492392388618,0.09418410062789917,-0.16612643003463745,-0.02572562283245361,0.09209993481636047,-0.1890348196029663,-0.018789784222519756
0.0,0.0,0.0,-0.007611691951751709,-0.08520108461380005,-0.003736320304852825,0.009373307228088379,-0.16096091270446777,-0.010724876196292144,0.035640060901641846,-0.20927011966705322,-0.01525189925840209,0.05791166424751282,-0.241286039352417,-0.019168682516720992,0.012726932764053345,-0.15647965669631958,-0.03385054704656909,0.062121689319610596,-0.23137927055358887,-0.04352080088963817,0.08784449100494385,-0.26640594005584717,-0.044188801319506865,0.10569402575492859,-0.289328396320343,-0.04230270919313739,0.03517612814903259,-0.10904920101165771,-0.035252791018393737,0.08336248993873596,-0.1971980333328247,-0.043112862975505095,0.10420170426368713,-0.2387060523033142,-0.04140642669906924,0.11684894561767578,-0.2663174271583557,-0.03932240617385219,0.05639126896858215,-0.07166939973831177,-0.03424281638970683,0.0956285297870636,-0.16183578968048096,-0.037680130572226744,0.1039259135723114,-0.2068970799446106,-0.03108316113164733,0.1055077314376831,-0.23599374294281006,-0.026159402103331786,0.07346147298812866,-0.04721188545227051,-0.03295253601780246,0.09377950429916382,-0.12538552284240723,-0.03250382852664302,0.09475070238113403,-0.16450530290603638,-0.024786893398669463,0.09339272975921631,-0.1882801055908203,-0.018269481257704
0.0,0.0,0.0,-0.006713658571243286,-0.08797264099121094,-0.0033384553247230997,0.013426274061203003,-0.16145563125610352,-0.01005381425815699,0.04370030760765076,-0.20309031009674072,-0.014480756465076183,0.0676778256893158,-0.22891879081726074,-0.018271065186439728,0.012618273496627808,-0.15767031908035278,-0.03292576303678629,0.06283369660377502,-0.23061388731002808,-0.04229987492757914,0.08874133229255676,-0.2652994990348816,-0.043011360671101784,0.10675808787345886,-0.28821682929992676,-0.04127696236568568,0.03518480062484741,-0.10863858461380005,-0.03470268553095934,0.08395108580589294,-0.19561505317687988,-0.04221522143083689,0.10502931475639343,-0.23717057704925537,-0.04069321310120699,0.1179051399230957,-0.2645159959793091,-0.03889588719206927,0.05679997801780701,-0.07040971517562866,-0.03411850040751574,0.09646791219711304,-0.16063809394836426,-0.037433613892375206,0.10450026392936707,-0.20591068267822266,-0.031280615236340736,0.10565254092216492,-0.2344599962234497,-0.026741276364504074,0.07456496357917786,-0.04608696699142456,-0.033256341572581505,0.09470570087432861,-0.1247970461845398,-0.03274322381216166,0.09472689032554626,-0.1636596918106079,-0.025187105741082405,0.09281578660011292,-0.18656283617019653,-0.018890146966754173
0.0,0.0,0.0,-0.007044106721878052,-0.0885615348815918,-0.003566089508467485,0.01422014832496643,-0.16259169578552246,-0.010180698897102047,0.04599714279174805,-0.20548534393310547,-0.014389681819238831,0.0710889995098114,-0.23212271928787231,-0.017978421601810624,0.01346692442893982,-0.1580791473388672,-0.03304225318447607,0.06332200765609741,-0.2306179404258728,-0.04208789132849233,0.08896848559379578,-0.2644733190536499,-0.0426084671200897,0.10692688822746277,-0.28641849756240845,-0.04085348286048429,0.03635647892951965,-0.10876572132110596,-0.034630258757033516,0.0847662091255188,-0.19606655836105347,-0.041405578333296944,0.10546836256980896,-0.23729461431503296,-0.03955895565763967,0.11801987886428833,-0.2637733817100525,-0.03785019852534788,0.05796369910240173,-0.07009005546569824,-0.033867516744294335,0.0980534553527832,-0.16285204887390137,-0.03697329126612203,0.10434040427207947,-0.20557379722595215,-0.030415124449291397,0.10396629571914673,-0.2300921082496643,-0.02571191937045114,0.07548084855079651,-0.04586315155029297,-0.032835343110718895,0.0947549045085907,-0.12624859809875488,-0.03249665834323423,0.09292986989021301,-0.1632537841796875,-0.024918290975847412,0.08985656499862671,-0.18300122022628784,-0.018661962080159356
0.0,0.0,0.0,-0.007561415433883667,-0.08846455812454224,-0.003977915968732759,0.01274976134300232,-0.16390866041183472,-0.010588578179465458,0.04324746131896973,-0.20996814966201782,-0.014657353281961605,0.06764912605285645,-0.23978948593139648,-0.018073877550648376,0.014502853155136108,-0.15823346376419067,-0.03340785600988738,0.06383606791496277,-0.23230892419815063,-0.04260931932179801,0.08943027257919312,-0.26599258184432983,-0.04325789981334083,0.10744112730026245,-0.2872222661972046,-0.04163079731910102,0.037542909383773804,-0.1092568039894104,-0.03480011992900245,0.08540374040603638,-0.19688397645950317,-0.04189322166888587,0.1062278151512146,-0.23824858665466309,-0.04021458350865714,0.11879420280456543,-0.2650432586669922,-0.03862117626516692,0.05883947014808655,-0.07016688585281372,-0.03385627665369384,0.09816846251487732,-0.16309934854507446,-0.037287142358707115,0.1038547158241272,-0.20459729433059692,-0.03053313330559604,0.10295772552490234,-0.22811710834503174,-0.025676092363880798,0.07581445574760437,-0.045448124408721924,-0.032654769949601814,0.09415623545646667,-0.12610095739364624,-0.03271770500390403,0.09170365333557129,-0.16193926334381104,-0.02506273635475509,0.08811533451080322,-0.18028783798217773,-0.018696442477391884
0.0,0.0,0.0,-0.007459163665771484,-0.088226318359375,-0.0043225117010194936,0.011498510837554932,-0.16365736722946167,-0.011525985410543171,0.03993704915046692,-0.21288001537322998,-0.016149465551706044,0.06254768371582031,-0.24699997901916504,-0.02027881387445518,0.014979153871536255,-0.15693819522857666,-0.03502563815388271,0.06379491090774536,-0.23006987571716309,-0.044586930981012074,0.08923763036727905,-0.2643463611602783,-0.04540636073622295,0.10728234052658081,-0.2864491939544678,-0.04387714396986553,0.037860751152038574,-0.10830914974212646,-0.03633995037350246,0.0851004421710968,-0.19500553607940674,-0.043140393307538716,0.10612070560455322,-0.23678523302078247,-0.04098003040823528,0.118915855884552,-0.2639785408973694,-0.039235454609723774,0.0588146448135376,-0.06860756874084473,-0.03525900151404926,0.09786978363990784,-0.16005665063858032,-0.038285919090839116,0.10395228862762451,-0.20192492008209229,-0.03077308703038284,0.10355475544929504,-0.22587597370147705,-0.025640385782452313,0.07543393969535828,-0.04244637489318848,-0.03399027194652149,0.09347966313362122,-0.12125825881958008,-0.0338739832845647,0.09159183502197266,-0.15718168020248413,-0.025868120228977887,0.08837690949440002,-0.17607182264328003,-0.019341264477105824
0.0,0.0,0.0,-0.007220417261123657,-0.0876309871673584,-0.003975981052462885,0.011708706617355347,-0.16284233331680298,-0.011060033130888769,0.03987804055213928,-0.21188122034072876,-0.015611953239385912,0.06248652935028076,-0.24557626247406006,-0.019693591769282648,0.015414983034133911,-0.15679830312728882,-0.034815664540474245,0.06409728527069092,-0.22884583473205566,-0.04453128496879799,0.08967900276184082,-0.26315343379974365,-0.04544563139552338,0.10771280527114868,-0.285053014755249,-0.04385324115628464,0.03785288333892822,-0.10851013660430908,-0.03625439028019173,0.0854472815990448,-0.19439101219177246,-0.04319851021045906,0.10649025440216064,-0.23594576120376587,-0.04088712031716568,0.11915579438209534,-0.2630910873413086,-0.03881943518990738,0.0584893524646759,-0.06875431537628174,-0.035272563945,0.09791696071624756,-0.15929347276687622,-0.038230291705076525,0.10455930233001709,-0.20125353336334229,-0.030384193311874697,0.10467076301574707,-0.22579199075698853,-0.024866162936632463,0.07470899820327759,-0.041796326637268066,-0.03408212135309441,0.09378823637962341,-0.12050831317901611,-0.03359778146023018,0.09276628494262695,-0.15696120262145996,-0.025158084135000536,0.09018406271934509,-0.17661350965499878,-0.018230115200822183
0.0,0.0,0.0,-0.0066612958908081055,-0.08760339021682739,-0.00422147922432714,0.012676745653152466,-0.16260838508605957,-0.011519338285836511,0.04163837432861328,-0.21042650938034058,-0.016112904345902734,0.06512671709060669,-0.24219071865081787,-0.020268773010286623,0.015092521905899048,-0.1545851230621338,-0.03604914928070002,0.06373703479766846,-0.22733962535858154,-0.046060285812529855,0.08942273259162903,-0.26232069730758667,-0.04710024530282908,0.10762539505958557,-0.2847825884819031,-0.04559761220804148,0.03800523281097412,-0.10588675737380981,-0.03731095353356295,0.08540719747543335,-0.19322675466537476,-0.044567472582969,0.1063699722290039,-0.23541128635406494,-0.04230860555759364,0.11906522512435913,-0.2628587484359741,-0.04023601422301226,0.05909079313278198,-0.06640714406967163,-0.03606644207826548,0.09832346439361572,-0.15799421072006226,-0.03921059826603823,0.10497573018074036,-0.2010328769683838,-0.03131500939122134,0.10525268316268921,-0.22639155387878418,-0.025746646618756586,0.07562893629074097,-0.04027736186981201,-0.034606243765267664,0.09429645538330078,-0.11918741464614868,-0.034397653585585886,0.0929841697216034,-0.15672945976257324,-0.026004114469799333,0.09037959575653076,-0.1773754358291626,-0.019069747349533372
0.0,0.0,0.0,-0.007450014352798462,-0.08729362487792969,-0.005173059828990745,0.01222085952758789,-0.1628139615058899,-0.012856825903469371,0.04188716411590576,-0.2110140323638916,-0.017544433191829967,0.06505924463272095,-0.24338746070861816,-0.02169525036256914,0.014706969261169434,-0.1533294916152954,-0.03732575634163027,0.06293898820877075,-0.22630971670150757,-0.047264272064381885,0.08834359049797058,-0.2612919807434082,-0.04816753202717905,0.10621342062950134,-0.2835044860839844,-0.04659350001853113,0.03759118914604187,-0.104358971118927,-0.038096235782319354,0.08514398336410522,-0.19219833612442017,-0.04526543775241976,0.10574057698249817,-0.23480504751205444,-0.04295311653655176,0.11801338195800781,-0.2624056935310364,-0.040959050596171664,0.05857399106025696,-0.06517410278320312,-0.03637864226143961,0.09853857755661011,-0.15745145082473755,-0.03942635813396578,0.10527673363685608,-0.20007175207138062,-0.03163979360502367,0.10542869567871094,-0.22407108545303345,-0.026174058854991245,0.07500895857810974,-0.03991210460662842,-0.03448551306169634,0.09482815861701965,-0.12041604518890381,-0.03405682900589113,0.09419280290603638,-0.15794605016708374,-0.02580718481581812,0.09218499064445496,-0.17773574590682983,-0.019084332228118228
0.0,0.0,0.0,-0.007979780435562134,-0.08725190162658691,-0.004419624251255527,0.01230660080909729,-0.16158121824264526,-0.011803677682706848,0.04367220401763916,-0.20654791593551636,-0.01629471350921108,0.06833541393280029,-0.23532181978225708,-0.020250074011215702,0.01362454891204834,-0.15487265586853027,-0.036516323131451145,0.06239232420921326,-0.2265816330909729,-0.046130909961590305,0.08796161413192749,-0.2608155608177185,-0.04666104857338382,0.10576692223548889,-0.2822030782699585,-0.04480415154708339,0.03681832551956177,-0.10587382316589355,-0.0375918069900365,0.08476781845092773,-0.19270044565200806,-0.044711846304068104,0.10532969236373901,-0.23476088047027588,-0.0421103568793626,0.11752459406852722,-0.26220405101776123,-0.03973839376581623,0.05810827016830444,-0.06632733345031738,-0.03613498006475879,0.09831154346466064,-0.15808695554733276,-0.039079967332014576,0.1055234968662262,-0.20022958517074585,-0.030912693035730854,0.10626190900802612,-0.2244884967803955,-0.025067356792220608,0.07472118735313416,-0.04031562805175781,-0.034425477874407306,0.09461459517478943,-0.12086361646652222,-0.033563456875214115,0.094320148229599,-0.15830564498901367,-0.024731819895038143,0.09290710091590881,-0.17828106880187988,-0.017538703423866764
0.0,0.0,0.0,-0.007501959800720215,-0.08749008178710938,-0.004013857269228538,0.012619197368621826,-0.16238927841186523,-0.011125603155733188,0.04302185773849487,-0.20874428749084473,-0.015426736721337875,0.06710633635520935,-0.23913317918777466,-0.019172518910409053,0.01384282112121582,-0.1557489037513733,-0.0358113846048127,0.06280219554901123,-0.227034330368042,-0.04548451437199219,0.08846065402030945,-0.26113420724868774,-0.04597776143396004,0.1060732901096344,-0.2821769714355469,-0.043966276036144336,0.0371321439743042,-0.10710406303405762,-0.03701812161648377,0.08503535389900208,-0.1939316987991333,-0.04450178279125794,0.10549628734588623,-0.23535025119781494,-0.04192016406500443,0.11744391918182373,-0.2621302008628845,-0.03925734891140564,0.0586395263671875,-0.06796157360076904,-0.03567031158650025,0.09851539134979248,-0.1592494249343872,-0.03868653758013352,0.10675048828125,-0.20186704397201538,-0.03023795916283234,0.10841745138168335,-0.2269771695137024,-0.02400227210068806,0.07524105906486511,-0.042288243770599365,-0.03406793756926163,0.09500682353973389,-0.121612548828125,-0.03280037401759728,0.09579700231552124,-0.15954351425170898,-0.023522408144117435,0.09519001841545105,-0.18043982982635498,-0.015901583643199046
0.0,0.0,0.0,-0.00715261697769165,-0.08752858638763428,-0.003306268437995641,0.013382881879806519,-0.16117221117019653,-0.010031459111019103,0.04448392987251282,-0.20534974336624146,-0.014262627999528377,0.0691518485546112,-0.2334582805633545,-0.017941279526098697,0.013942867517471313,-0.15723830461502075,-0.033725675384744136,0.06278610229492188,-0.22763723134994507,-0.04306601379369113,0.08823221921920776,-0.26094353199005127,-0.04358144123409602,0.10584253072738647,-0.2815914750099182,-0.04165360722993228,0.03689190745353699,-0.10856276750564575,-0.035407751987918346,0.08478796482086182,-0.19370800256729126,-0.04239084963057849,0.10521674156188965,-0.23456335067749023,-0.0398784467980704,0.11742526292800903,-0.2612977623939514,-0.03739433754537913,0.05816984176635742,-0.06894773244857788,-0.034643944542153804,0.09834924340248108,-0.15839391946792603,-0.03743644077633235,0.10643371939659119,-0.2003934383392334,-0.029239449839337794,0.10799622535705566,-0.22553473711013794,-0.023271400670751063,0.07474493980407715,-0.042356908321380615,-0.033615786771520106,0.09486150741577148,-0.12101304531097412,-0.03223194945906016,0.09518861770629883,-0.1578768491744995,-0.02294382844422671,0.09418067336082458,-0.17803305387496948,-0.015386672879799335
