0,1,2,3,4,5,6,7,8,9,10,11,12,13,14,15,16,17,18,19,20,21,22,23,24,25,26,27,28,29,30,31,32,33,34,35,36,37,38,39,40,41,42,43,44,45,46,47,48,49,50,51,52,53,54,55,56,57,58,59,60,61,62
0.503702700138092,0.5054128170013428,9.343359863578371e-08,0.49515631794929504,0.4513698220252991,-0.008317862637341022,0.5081656575202942,0.39670202136039734,-0.0128941610455513,0.5264501571655273,0.35609135031700134,-0.01493757963180542,0.5358351469039917,0.3177231252193451,-0.016395844519138336,0.5321428179740906,0.4121239185333252,-0.021243631839752197,0.5561565160751343,0.3546364903450012,-0.02858446165919304,0.5675836801528931,0.320560485124588,-0.031058641150593758,0.5728201866149902,0.29471555352211,-0.031074758619070053,0.5488460659980774,0.4359898865222931,-0.019338030368089676,0.5746121406555176,0.37418535351753235,-0.02471926435828209,0.5825660824775696,0.33651497960090637,-0.02509067952632904,0.5839800238609314,0.3079453706741333,-0.024513190612196922,0.5585539937019348,0.45321428775787354,-0.0169349554926157,0.5807297229766846,0.3953999876976013,-0.02076183818280697,0.5870895385742188,0.3587944507598877,-0.01901516504585743,0.5882080793380737,0.332868367433548,-0.016809871420264244,0.5619727373123169,0.46149444580078125,-0.014843165874481201,0.5788649320602417,0.4131630063056946,-0.017011379823088646,0.5838956832885742,0.38244783878326416,-0.014418123289942741,0.5841372609138489,0.35986781120300293,-0.01139126531779766
0.5001421570777893,0.4929664134979248,7.185419548250138e-08,0.4900365173816681,0.43626677989959717,-0.008916824124753475,0.5006866455078125,0.3805624842643738,-0.01273397821933031,0.5143446922302246,0.33746278285980225,-0.014471820555627346,0.5221105813980103,0.30065444111824036,-0.015066093765199184,0.5294064879417419,0.3856937885284424,-0.013641838915646076,0.5548881888389587,0.3324040472507477,-0.01999429054558277,0.5654155611991882,0.29745662212371826,-0.02234416827559471,0.5706117749214172,0.2719370424747467,-0.02243768982589245,0.5456247925758362,0.4100009799003601,-0.011207669042050838,0.5718801617622375,0.35281074047088623,-0.01549386978149414,0.5789243578910828,0.3133090138435364,-0.015338219702243805,0.5800918936729431,0.2860254645347595,-0.01418329682201147,0.5550128817558289,0.42770227789878845,-0.009245362132787704,0.5781327486038208,0.37495145201683044,-0.012419709004461765,0.5838266015052795,0.3383552134037018,-0.011190338060259819,0.5843507647514343,0.312604159116745,-0.009244534187018871,0.5586066246032715,0.436312198638916,-0.00792192667722702,0.576945424079895,0.39417076110839844,-0.009916211478412151,0.5837643146514893,0.363373726606369,-0.00856433529406786,0.5860942006111145,0.33936646580696106,-0.00638683931902051
0.4974606931209564,0.48684248328208923,5.6728499231439855e-08,0.4846942722797394,0.43119338154792786,-0.009222234599292278,0.4941007196903229,0.37465065717697144,-0.013148658908903599,0.5097754001617432,0.33124038577079773,-0.014667696319520473,0.5187060236930847,0.29523131251335144,-0.015076441690325737,0.5259872674942017,0.3757534623146057,-0.016613993793725967,0.5529671311378479,0.32324689626693726,-0.022480221465229988,0.563258171081543,0.28893861174583435,-0.02444448322057724,0.5688088536262512,0.2629404067993164,-0.024395635351538658,0.5430444478988647,0.3988448679447174,-0.013492881320416927,0.5690935254096985,0.34078311920166016,-0.01647622510790825,0.5745433568954468,0.30323344469070435,-0.015303541906177998,0.5744754672050476,0.2786526679992676,-0.013824433088302612,0.5527207851409912,0.41625353693962097,-0.010553905740380287,0.5755097270011902,0.3626115024089813,-0.01288937870413065,0.5798305869102478,0.3280574679374695,-0.010943546891212463,0.5790784358978271,0.30434420704841614,-0.00877594668418169,0.5564320087432861,0.42539069056510925,-0.008217768743634224,0.5755041837692261,0.3815622627735138,-0.010147681459784508,0.5812808871269226,0.3516186773777008,-0.008605130948126316,0.5819327235221863,0.3287064731121063,-0.0062668202444911
0.4971034526824951,0.48104050755500793,7.713374117201965e-08,0.48348468542099,0.42493492364883423,-0.008947577327489853,0.4924013316631317,0.3696281313896179,-0.013014898635447025,0.5086207389831543,0.32726383209228516,-0.01448008418083191,0.515357494354248,0.2895919680595398,-0.014921057969331741,0.5229117274284363,0.3688264489173889,-0.01788461022078991,0.550950825214386,0.31570592522621155,-0.02308729663491249,0.5625373721122742,0.2827654182910919,-0.024100299924612045,0.5697017312049866,0.2581295967102051,-0.023450976237654686,0.5408616065979004,0.3899918496608734,-0.014619298279285431,0.5678574442863464,0.3290034830570221,-0.017695259302854538,0.5736711025238037,0.2938450574874878,-0.01608586683869362,0.5742634534835815,0.2711663842201233,-0.014140649698674679,0.5514426231384277,0.405921071767807,-0.011236676946282387,0.5743252038955688,0.3505587875843048,-0.013363770209252834,0.5783223509788513,0.31846174597740173,-0.010855775326490402,0.5777605772018433,0.2965918183326721,-0.008276257663965225,0.5560871958732605,0.41455015540122986,-0.008367393165826797,0.5748093128204346,0.36935076117515564,-0.009771200828254223,0.5800058841705322,0.34113073348999023,-0.0076880138367414474,0.5804121494293213,0.31961196660995483,-0.005007069557905197
0.49490323662757874,0.48376259207725525,7.120821265971244e-08,0.48261433839797974,0.42589569091796875,-0.006563820410519838,0.4914698600769043,0.3676796555519104,-0.008742623031139374,0.5071889162063599,0.32493191957473755,-0.008751881308853626,0.5127564668655396,0.2881985604763031,-0.0077496664598584175,0.5223652720451355,0.3656700849533081,-0.01225336268544197,0.5485977530479431,0.31184789538383484,-0.0155733497813344,0.5602030158042908,0.2810947895050049,-0.016104264184832573,0.567611038684845,0.2575624883174896,-0.015437860041856766,0.5387089252471924,0.387470543384552,-0.009490988217294216,0.5640029907226562,0.3294912278652191,-0.011020173318684101,0.5708670020103455,0.2974644601345062,-0.00979769229888916,0.573026180267334,0.2751595973968506,-0.008480367250740528,0.5476616621017456,0.40535590052604675,-0.006547917146235704,0.568459689617157,0.3543780446052551,-0.007975209504365921,0.5739200711250305,0.32459279894828796,-0.005945477169007063,0.5750117301940918,0.30307382345199585,-0.00397029472514987,0.551444411277771,0.4160706102848053,-0.0038430229760706425,0.5681414604187012,0.37352532148361206,-0.004833627957850695,0.5735378861427307,0.3475208878517151,-0.0024729648139327765,0.5751363039016724,0.3271786570549011,0.00016646938456688076
0.495527446269989,0.4855501651763916,9.623828844951277e-08,0.4827946424484253,0.42749008536338806,-0.007611092180013657,0.491471529006958,0.37010249495506287,-0.010465674102306366,0.5063868761062622,0.3266344964504242,-0.011312552727758884,0.5112220048904419,0.2890104651451111,-0.011046512983739376,0.5232270956039429,0.3635120689868927,-0.009295227937400341,0.547534704208374,0.3100953996181488,-0.0130623709410429,0.5597405433654785,0.28048184514045715,-0.014598400332033634,0.5680103898048401,0.2583455741405487,-0.014529231004416943,0.5400742292404175,0.38509663939476013,-0.006290841847658157,0.5636275410652161,0.3305058181285858,-0.007715604733675718,0.5696636438369751,0.2993299961090088,-0.007333497051149607,0.5716457366943359,0.2770006060600281,-0.006519314832985401,0.5490202307701111,0.4030677378177643,-0.0036038896068930626,0.5672224164009094,0.3539721369743347,-0.005226717796176672,0.5712233185768127,0.3251417279243469,-0.0037431009113788605,0.571899950504303,0.3048798739910126,-0.0018897618865594268,0.5525559782981873,0.4140705466270447,-0.0013443612260743976,0.5672928094863892,0.3711511492729187,-0.0021147863008081913,0.5715386867523193,0.3461477756500244,0.0004009084077551961,0.5726587772369385,0.32680556178092957,0.003299200441688299
0.49681568145751953,0.48635777831077576,1.018733541968686e-07,0.48308369517326355,0.4275592863559723,-0.007451046258211136,0.491283118724823,0.3704841136932373,-0.01059758197516203,0.5076937079429626,0.32789453864097595,-0.011871116235852242,0.5129164457321167,0.2901221513748169,-0.011988436803221703,0.5227978229522705,0.3651494085788727,-0.009984326548874378,0.5468850135803223,0.31083953380584717,-0.014317598193883896,0.5592980980873108,0.281280517578125,-0.015920288860797882,0.5678631663322449,0.259660542011261,-0.01573590375483036,0.5407406687736511,0.38624703884124756,-0.007433703634887934,0.5649778842926025,0.32935717701911926,-0.009330308064818382,0.5705025792121887,0.29770636558532715,-0.008745881728827953,0.5719425082206726,0.2760157883167267,-0.007495261263102293,0.550677478313446,0.40352657437324524,-0.0051560355350375175,0.5681968331336975,0.35223329067230225,-0.007125630974769592,0.5702101588249207,0.32349926233291626,-0.005021777935326099,0.56924968957901,0.30436915159225464,-0.0024501627776771784,0.5548562407493591,0.41399818658828735,-0.0033421244006603956,0.5686113238334656,0.36890438199043274,-0.004168904386460781,0.5712884664535522,0.34367257356643677,-0.0011342845391482115,0.5710282921791077,0.3248790204524994,0.002336597302928567
0.49682798981666565,0.4804537296295166,8.106635362992165e-08,0.48453280329704285,0.42224299907684326,-0.0066471402533352375,0.4928661286830902,0.3672882318496704,-0.009994537569582462,0.5088633894920349,0.326856791973114,-0.011662734672427177,0.5153749585151672,0.29031580686569214,-0.012308968231081963,0.5237166881561279,0.3641092777252197,-0.01195245049893856,0.5477325916290283,0.30912408232688904,-0.016545681282877922,0.5597331523895264,0.28002214431762695,-0.017843207344412804,0.5681864023208618,0.2588328719139099,-0.017523206770420074,0.5431808233261108,0.3852929174900055,-0.009968694299459457,0.5644926428794861,0.32558226585388184,-0.012406394816935062,0.5700660943984985,0.294810950756073,-0.01178848184645176,0.5720388293266296,0.2741440534591675,-0.01063601579517126,0.554624080657959,0.40286785364151,-0.007996541447937489,0.568925142288208,0.34882503747940063,-0.010574582032859325,0.5678936243057251,0.3240627348423004,-0.008082459680736065,0.5647152066230774,0.3086504340171814,-0.005253382958471775,0.5600920915603638,0.41347798705101013,-0.0063901012763381,0.5704841613769531,0.36780375242233276,-0.008138079196214676,0.5700864195823669,0.3449128568172455,-0.005356573034077883,0.5674259662628174,0.3289942145347595,-0.001959983492270112
0.4957881271839142,0.4815927743911743,3.370258028212447e-08,0.4849201440811157,0.4229104518890381,-0.005897736642509699,0.4931228458881378,0.36725637316703796,-0.00773149449378252,0.509196400642395,0.3275620639324188,-0.008141797035932541,0.5168071985244751,0.29274988174438477,-0.007482415530830622,0.5247910618782043,0.3632301986217499,-0.007649753242731094,0.5469920039176941,0.3115178644657135,-0.010890512727200985,0.5582498908042908,0.2836836576461792,-0.01225429866462946,0.5665860772132874,0.26259109377861023,-0.012515326030552387,0.5433399081230164,0.3835134506225586,-0.005797477904707193,0.5624791383743286,0.3266531527042389,-0.006482763681560755,0.5676254630088806,0.296867698431015,-0.0056015546433627605,0.5694090127944946,0.27738282084465027,-0.004885583650320768,0.5542860627174377,0.40133538842201233,-0.0042782993987202644,0.5688006281852722,0.35106128454208374,-0.005174935795366764,0.5701113343238831,0.3255826234817505,-0.0029629040509462357,0.5686572194099426,0.3091413378715515,-0.001111140358261764,0.559805154800415,0.4134647250175476,-0.003331648651510477,0.5714353919029236,0.3737296164035797,-0.004195978865027428,0.5728061199188232,0.3507228195667267,-0.0021584590431302786,0.571590006351471,0.3338456153869629,0.00011714419815689325
0.4960920214653015,0.4820568561553955,3.596110076387049e-08,0.48499539494514465,0.4241294264793396,-0.005360545590519905,0.4938637316226959,0.3694126605987549,-0.006989319808781147,0.5105412602424622,0.32989993691444397,-0.007025904953479767,0.5181741118431091,0.29565486311912537,-0.006064021028578281,0.5248067378997803,0.36414778232574463,-0.008032956160604954,0.5472257733345032,0.3107263445854187,-0.010675148107111454,0.5583749413490295,0.2838728427886963,-0.011430283077061176,0.566807210445404,0.26390528678894043,-0.011224671266973019,0.5425795912742615,0.3847147822380066,-0.00586187606677413,0.5613426566123962,0.32675036787986755,-0.005926087498664856,0.5662292242050171,0.2984827160835266,-0.004553313832730055,0.5684348344802856,0.2804892063140869,-0.0035533185582607985,0.5528546571731567,0.4031117856502533,-0.003845372935757041,0.5675565004348755,0.3527142405509949,-0.004299836698919535,0.5690467953681946,0.3274659216403961,-0.00195345189422369,0.5681169629096985,0.3111109137535095,-9.83559584710747e-05,0.5580558180809021,0.41573214530944824,-0.0022366393823176622,0.5703492760658264,0.37576696276664734,-0.0027039770502597094,0.572109580039978,0.3534574508666992,-0.0004324893234297633,0.5715034008026123,0.33689671754837036,0.0019459021277725697
0.49688002467155457,0.4802892208099365,2.6920563556132038e-08,0.48580485582351685,0.421875536441803,-0.004819655790925026,0.49529844522476196,0.3694249987602234,-0.006475490517914295,0.5123416185379028,0.33183979988098145,-0.006822687108069658,0.5182541608810425,0.2987329065799713,-0.006261186674237251,0.5250973701477051,0.36597010493278503,-0.007844198495149612,0.5469937324523926,0.3133777379989624,-0.011030812747776508,0.5578742027282715,0.287069708108902,-0.011879445053637028,0.5662240386009216,0.267899751663208,-0.011664792895317078,0.5445578098297119,0.3860727548599243,-0.006228945683687925,0.5621107816696167,0.32598206400871277,-0.007280448451638222,0.56558758020401,0.2984350621700287,-0.005810383707284927,0.5671207308769226,0.28223761916160583,-0.0043655443005263805,0.5562784671783447,0.4038888216018677,-0.004741060081869364,0.5684074759483337,0.3505624532699585,-0.006024250760674477,0.5671864748001099,0.3278735876083374,-0.0027648196555674076,0.5649703145027161,0.3158121705055237,0.00016670058539602906,0.5622568726539612,0.4155224859714508,-0.003684320719912648,0.5718539953231812,0.3738270401954651,-0.004524445626884699,0.5713329315185547,0.3532935380935669,-0.0016958786873146892,0.5694894194602966,0.33995699882507324,0.0013725267490372062
0.49375709891319275,0.48258131742477417,9.192770988875054e-09,0.4845178425312042,0.42511555552482605,-0.004058633465319872,0.49465805292129517,0.37359175086021423,-0.0049296109937131405,0.5107985734939575,0.33703750371932983,-0.0048233927227556705,0.5186431407928467,0.3063124418258667,-0.0039028169121593237,0.5246663093566895,0.3681809604167938,-0.005213434342294931,0.5449544191360474,0.3181980550289154,-0.008514594286680222,0.5560541152954102,0.29168999195098877,-0.010257362388074398,0.5647872686386108,0.27261579036712646,-0.010798033326864243,0.5428879857063293,0.3879311978816986,-0.00409836508333683,0.5601772665977478,0.33162474632263184,-0.0046035293489694595,0.565578281879425,0.30278778076171875,-0.0038221373688429594,0.5687510967254639,0.2839224636554718,-0.003299342468380928,0.5539167523384094,0.40622833371162415,-0.0033190306276082993,0.567379355430603,0.35558679699897766,-0.004181364551186562,0.5699197053909302,0.3301495611667633,-0.0018305452540516853,0.570311427116394,0.3139055073261261,1.8344351701671258e-05,0.5590384602546692,0.41964560747146606,-0.003017345443367958,0.5704053640365601,0.3800014853477478,-0.003807832719758153,0.5729516744613647,0.35756516456604004,-0.0016891758423298597,0.5730762481689453,0.3408660590648651,0.0005366217228583992
0.4926391839981079,0.48465174436569214,1.6397461166661742e-08,0.48416367173194885,0.42651858925819397,-0.00476335221901536,0.4946053624153137,0.37407243251800537,-0.005930757615715265,0.5109313726425171,0.3373523950576782,-0.005856864620000124,0.5198063254356384,0.3069033622741699,-0.004790316801518202,0.5252879858016968,0.3694092929363251,-0.005255475174635649,0.5447354316711426,0.31946438550949097,-0.008127412758767605,0.5553897619247437,0.2936323285102844,-0.0097780367359519,0.5640251040458679,0.27497148513793945,-0.01026334147900343,0.541921854019165,0.3898698389530182,-0.003460697131231427,0.5587557554244995,0.3350396454334259,-0.003598877228796482,0.56402587890625,0.30699118971824646,-0.0028837083373218775,0.5672824382781982,0.2891102135181427,-0.0024008082691580057,0.5514594316482544,0.4083971083164215,-0.0020222323946654797,0.565424382686615,0.3595568835735321,-0.0028279046528041363,0.567647397518158,0.3349809944629669,-0.0008177202544175088,0.5676754713058472,0.31995394825935364,0.0009620609343983233,0.5556012392044067,0.42156684398651123,-0.0010270659113302827,0.5680251121520996,0.3825497031211853,-0.001578279654495418,0.5708716511726379,0.3607954680919647,0.0005533809307962656,0.5710811614990234,0.3453526496887207,0.002873455872759223
0.49096572399139404,0.4845176339149475,2.0130730860046242e-08,0.4841097891330719,0.4260176420211792,-0.004376003053039312,0.49544408917427063,0.37502026557922363,-0.0054556322284042835,0.5118588209152222,0.33920764923095703,-0.005315833725035191,0.5195760130882263,0.3080116808414459,-0.004274920094758272,0.5245387554168701,0.37027737498283386,-0.004906767979264259,0.5436804294586182,0.32082515954971313,-0.007703004404902458,0.5542713403701782,0.2960260808467865,-0.00939976330846548,0.5631260275840759,0.2778826653957367,-0.009884258732199669,0.5401999354362488,0.39162904024124146,-0.0031372231896966696,0.5567803978919983,0.3378964066505432,-0.0031469869427382946,0.5623433589935303,0.30958545207977295,-0.0025216371286660433,0.5664247870445251,0.2907324731349945,-0.002149625914171338,0.5488341450691223,0.4110265374183655,-0.0016544759273529053,0.5622517466545105,0.36392906308174133,-0.0021021782886236906,0.5651973485946655,0.33875828981399536,-8.77366546774283e-05,0.5663520097732544,0.3226982057094574,0.0015381525736302137,0.5521990060806274,0.42515212297439575,-0.0005821895319968462,0.56358802318573,0.38776469230651855,-0.0006924801855348051,0.5662767291069031,0.3666243553161621,0.0017052901675924659,0.5670218467712402,0.3510027825832367,0.004091382026672363
0.49020254611968994,0.4849175810813904,1.7941479413252637e-08,0.4834495484828949,0.4267815947532654,-0.0035467531997710466,0.4954724907875061,0.3764103055000305,-0.0036917799152433872,0.511522650718689,0.3418143689632416,-0.0026323858182877302,0.5200388431549072,0.313506543636322,-0.000666928244754672,0.5235265493392944,0.3721858859062195,-0.003874616464599967,0.542959451675415,0.32271987199783325,-0.005379803944379091,0.55325847864151,0.29950985312461853,-0.006020138040184975,0.5620238184928894,0.2829006314277649,-0.005805662367492914,0.5391824245452881,0.3935292959213257,-0.0018102341564372182,0.555176854133606,0.33959299325942993,-0.000563026056624949,0.5610839128494263,0.3122432827949524,0.0006086822832003236,0.5655704140663147,0.2942456603050232,0.0012113654520362616,0.5480285882949829,0.41275039315223694,8.006297139218077e-05,0.560059130191803,0.3641206622123718,0.0008180951117537916,0.5630035400390625,0.3383934497833252,0.0025597240310162306,0.5641317963600159,0.3220476806163788,0.0037064403295516968,0.551672101020813,0.4262428283691406,0.001626261742785573,0.5613311529159546,0.38856568932533264,0.002232086379081011,0.5633289813995361,0.3674260675907135,0.004232982639223337,0.5635890364646912,0.35215824842453003,0.006133464630693197
0.4874086081981659,0.4881945252418518,1.712222896799176e-08,0.4822520911693573,0.4305720627307892,-0.0024529816582798958,0.4950355589389801,0.3811318576335907,-0.00221422896720469,0.510633647441864,0.34766456484794617,-0.0011410429142415524,0.5192557573318481,0.32125142216682434,0.0008081698324531317,0.5215136408805847,0.3795207738876343,-0.004266711417585611,0.5410007834434509,0.329964816570282,-0.006334340665489435,0.5516557097434998,0.3067249357700348,-0.0066889626905322075,0.5606078505516052,0.2902272939682007,-0.0060302759520709515,0.5365954637527466,0.4012707769870758,-0.0028701378032565117,0.5529245734214783,0.3466695547103882,-0.0030136953573673964,0.5595534443855286,0.3191990554332733,-0.0018933212850242853,0.5647116303443909,0.30128705501556396,-0.0008137740078382194,0.54496830701828,0.42082372307777405,-0.0014552661450579762,0.554785430431366,0.372836709022522,-0.0018028141930699348,0.5557149052619934,0.34819233417510986,0.00010033622675109655,0.5554385185241699,0.3337860703468323,0.0019576100166887045,0.547957718372345,0.43433696031570435,-0.0002547461190260947,0.5547252297401428,0.39621463418006897,0.00020293622219469398,0.5545119643211365,0.37614813446998596,0.002639333251863718,0.5528576374053955,0.363307923078537,0.005123395472764969
0.48453488945961,0.4905681908130646,2.3215999789272246e-08,0.4809468686580658,0.4318729043006897,-0.0013721014838665724,0.4949711561203003,0.3828463554382324,-0.0008899134118109941,0.5108951926231384,0.35074007511138916,0.00019031207193620503,0.5205754637718201,0.3276239037513733,0.0020326273515820503,0.5189545154571533,0.3854092061519623,-0.005692202597856522,0.5391242504119873,0.3355788290500641,-0.008049605414271355,0.5498266220092773,0.3125607967376709,-0.008235065266489983,0.5586115717887878,0.29599493741989136,-0.007370473816990852,0.5341401100158691,0.4070466160774231,-0.004890562500804663,0.5508973598480225,0.3520439863204956,-0.005036395974457264,0.5586202144622803,0.3245254158973694,-0.0036698607727885246,0.5644384026527405,0.3061547577381134,-0.0024634767323732376,0.5431621670722961,0.4264267683029175,-0.003781417850404978,0.5506832003593445,0.37910911440849304,-0.003893471322953701,0.5484641194343567,0.3582460880279541,-0.0015846398891881108,0.5453444123268127,0.3477945625782013,0.0006200828938744962,0.5467713475227356,0.43958714604377747,-0.0028266245499253273,0.5508671998977661,0.40234375,-0.0019077904289588332,0.5478752255439758,0.38506433367729187,0.0009535786812193692,0.5436325669288635,0.37579771876335144,0.003767338115721941
0.4830518960952759,0.4917697310447693,1.862864174029255e-08,0.47799623012542725,0.43519315123558044,-0.002600489417091012,0.4934748113155365,0.3856879472732544,-0.0022804210893809795,0.511489748954773,0.3540896475315094,-0.0006634447490796447,0.5209055542945862,0.329785019159317,0.001803267397917807,0.5156148076057434,0.3885364830493927,-0.00864288117736578,0.5370343923568726,0.3369847238063812,-0.010854275897145271,0.5478845834732056,0.3137829899787903,-0.010423429310321808,0.5569673776626587,0.2980450987815857,-0.009102673269808292,0.5312681198120117,0.41101348400115967,-0.0067941490560770035,0.5497786998748779,0.3554445803165436,-0.006624632049351931,0.5572710037231445,0.32764357328414917,-0.0042700255289673805,0.5626562833786011,0.3102310299873352,-0.002411552472040057,0.5408872365951538,0.43008169531822205,-0.004591586068272591,0.550800085067749,0.3811555504798889,-0.004391665570437908,0.5497139692306519,0.35840821266174316,-0.0017364525701850653,0.5477272868156433,0.3467303514480591,0.0005478727398440242,0.5453037023544312,0.44275832176208496,-0.002579013118520379,0.5514577031135559,0.40429750084877014,-0.001966546755284071,0.5493379831314087,0.3857383131980896,0.000481073948321864,0.5461821556091309,0.3754589855670929,0.002939005848020315
0.47987034916877747,0.4941703677177429,1.720139586325331e-08,0.47501087188720703,0.4371643662452698,-0.003679286688566208,0.49154937267303467,0.3877742290496826,-0.0036497751716524363,0.5105894207954407,0.3562923073768616,-0.002056523459032178,0.5203498601913452,0.32878002524375916,0.00032288141665048897,0.5142256021499634,0.39201387763023376,-0.009406816214323044,0.5351420640945435,0.3412041962146759,-0.011774266138672829,0.5458065867424011,0.31728047132492065,-0.011749979108572006,0.5547831058502197,0.30047741532325745,-0.010837455280125141,0.5280898213386536,0.41560250520706177,-0.0073761483654379845,0.5471914410591125,0.36155053973197937,-0.007293656934052706,0.555635392665863,0.33334115147590637,-0.005397903732955456,0.5616509318351746,0.3144524097442627,-0.004014590755105019,0.536340594291687,0.4357494115829468,-0.005095698405057192,0.5477633476257324,0.38738444447517395,-0.004965531174093485,0.5506563186645508,0.36163297295570374,-0.003055778332054615,0.5516267418861389,0.34662142395973206,-0.0015792681369930506,0.539774477481842,0.44985881447792053,-0.0030915967654436827,0.5467461347579956,0.4108641743659973,-0.002901173196732998,0.5462626218795776,0.3903808891773224,-0.0009260217193514109,0.5444168448448181,0.3784862160682678,0.0010802820324897766
0.4789123833179474,0.49449607729911804,3.1346701234724605e-08,0.47412294149398804,0.438904345035553,-0.0042571090161800385,0.4905121922492981,0.3906404674053192,-0.005080448463559151,0.5100908279418945,0.35935235023498535,-0.004200225695967674,0.520253598690033,0.33176589012145996,-0.002577063161879778,0.5118412971496582,0.39545896649360657,-0.012282566167414188,0.5339378714561462,0.34441250562667847,-0.015017138794064522,0.5447277426719666,0.3207959830760956,-0.014763270504772663,0.5538119077682495,0.3040318191051483,-0.013703156262636185,0.5257945656776428,0.4200270473957062,-0.010270391590893269,0.5461018681526184,0.3647286891937256,-0.01044169720262289,0.5545661449432373,0.33698731660842896,-0.008177760057151318,0.5605332851409912,0.31887686252593994,-0.0066253989934921265,0.5337642431259155,0.4406985640525818,-0.007872738875448704,0.5451494455337524,0.3907606601715088,-0.00797614548355341,0.5464363694190979,0.36491069197654724,-0.005664817523211241,0.54615718126297,0.3506018817424774,-0.003986200783401728,0.5368077754974365,0.45466458797454834,-0.005737092811614275,0.5427637100219727,0.4137830138206482,-0.005864710547029972,0.540617048740387,0.39321663975715637,-0.0037556930910795927,0.5374785661697388,0.3823665976524353,-0.0017013265751302242
0.47686752676963806,0.49804240465164185,3.4707436924463764e-08,0.47298187017440796,0.4410216510295868,-0.0036043482832610607,0.490178644657135,0.39431697130203247,-0.004844442941248417,0.5099023580551147,0.3633727729320526,-0.004681556485593319,0.5197958946228027,0.3351874351501465,-0.003915836103260517,0.5085861682891846,0.40057045221328735,-0.013259271159768105,0.5308107733726501,0.3497096002101898,-0.01729738526046276,0.5420910120010376,0.3254818320274353,-0.017812883481383324,0.5513648390769958,0.30814048647880554,-0.017151882871985435,0.5229904651641846,0.42581990361213684,-0.012341207824647427,0.5437185764312744,0.37005963921546936,-0.013372518122196198,0.5534206628799438,0.3420036733150482,-0.011710695922374725,0.5602952837944031,0.3234955072402954,-0.010605149902403355,0.5316094160079956,0.4479385316371918,-0.010931224562227726,0.5416764616966248,0.399129182100296,-0.011793572455644608,0.541205883026123,0.3756990432739258,-0.009402355179190636,0.5393605828285217,0.3642610013484955,-0.007539623882621527,0.5348813533782959,0.46307963132858276,-0.009728741832077503,0.5378963351249695,0.42166781425476074,-0.010095720179378986,0.5334600806236267,0.4037974774837494,-0.007486323826014996,0.5285155773162842,0.3965674340724945,-0.005038947332650423
0.4757677912712097,0.5016041994094849,3.541935100770388e-08,0.4718557298183441,0.44541627168655396,-0.0039725759997963905,0.48984456062316895,0.39827170968055725,-0.004877164959907532,0.5095922946929932,0.36753037571907043,-0.004097765311598778,0.5195602178573608,0.3395242691040039,-0.002708842046558857,0.508613646030426,0.4048049747943878,-0.013559886254370213,0.5313711166381836,0.35561978816986084,-0.017400342971086502,0.5431190729141235,0.3313104212284088,-0.01788702793419361,0.5528071522712708,0.3138508200645447,-0.01733523979783058,0.5223137736320496,0.43025094270706177,-0.011869694106280804,0.5424119830131531,0.3783705234527588,-0.012296267785131931,0.5512060523033142,0.3502222001552582,-0.010083766654133797,0.5575499534606934,0.33009082078933716,-0.008705229498445988,0.5305148959159851,0.45248541235923767,-0.009760193526744843,0.5385241508483887,0.40633779764175415,-0.010205065831542015,0.5370033383369446,0.3867556154727936,-0.0076400539837777615,0.5343215465545654,0.37868088483810425,-0.005670302547514439,0.5338509678840637,0.4678790271282196,-0.00789917167276144,0.5348937511444092,0.42896768450737,-0.008394193835556507,0.5291247367858887,0.4147872030735016,-0.006122184917330742,0.5235110521316528,0.41100335121154785,-0.0038620682898908854
0.47564569115638733,0.5022709965705872,4.9263000789778744e-08,0.4713391065597534,0.4455018937587738,-0.004481746815145016,0.48979997634887695,0.3984004855155945,-0.005596643313765526,0.5088734030723572,0.36612972617149353,-0.004831502679735422,0.5178859829902649,0.33790814876556396,-0.003382165916264057,0.5067588686943054,0.40594393014907837,-0.013688615523278713,0.5292910933494568,0.35537421703338623,-0.017696203663945198,0.541303813457489,0.33209526538848877,-0.018397029489278793,0.5514278411865234,0.315885990858078,-0.017999563366174698,0.5208572745323181,0.4312247633934021,-0.01189333014190197,0.54150390625,0.3777408301830292,-0.012696673162281513,0.5508134961128235,0.3510902523994446,-0.010639618150889874,0.5575821995735168,0.33226874470710754,-0.009356732480227947,0.529534101486206,0.45280104875564575,-0.00974520668387413,0.5409831404685974,0.4037259519100189,-0.010427671484649181,0.5420158505439758,0.37987077236175537,-0.007793471682816744,0.5416005253791809,0.3669111728668213,-0.005898307077586651,0.533208966255188,0.4675891697406769,-0.007876410149037838,0.5369163751602173,0.4254898726940155,-0.008480084128677845,0.5337471961975098,0.40745383501052856,-0.006043182220309973,0.530283510684967,0.3994124233722687,-0.0037506839726120234
0.4754633903503418,0.5034661889076233,4.4713303282151173e-08,0.47084420919418335,0.44847410917282104,-0.004602357279509306,0.48941779136657715,0.4006075859069824,-0.0055452315136790276,0.508849024772644,0.36716440320014954,-0.004562102723866701,0.5183966159820557,0.33822396397590637,-0.0029246481135487556,0.5058842897415161,0.40851449966430664,-0.014138949103653431,0.5283018946647644,0.356442391872406,-0.017826920375227928,0.5399996042251587,0.3330215513706207,-0.017924269661307335,0.5497865080833435,0.3168502449989319,-0.017059393227100372,0.5201040506362915,0.43386712670326233,-0.012317720800638199,0.5407499670982361,0.37887901067733765,-0.013052567839622498,0.5496580004692078,0.35165056586265564,-0.010775435715913773,0.5559606552124023,0.33261555433273315,-0.009241563268005848,0.5286619663238525,0.4553990364074707,-0.010123654268682003,0.5406492352485657,0.40516147017478943,-0.011143296025693417,0.5418796539306641,0.3798927068710327,-0.008852862752974033,0.5417281985282898,0.3655225932598114,-0.007122670765966177,0.5320596694946289,0.46977508068084717,-0.008117727935314178,0.5361995100975037,0.4270491302013397,-0.009119517169892788,0.532997190952301,0.4077877998352051,-0.0069666109047830105,0.5296651124954224,0.39844658970832825,-0.004853691440075636
0.4750320315361023,0.5043217539787292,5.244134371196196e-08,0.4708196222782135,0.4483870565891266,-0.003910347353667021,0.48885780572891235,0.40095436573028564,-0.004591172095388174,0.5079681277275085,0.36973318457603455,-0.00366936600767076,0.5166134834289551,0.3428760766983032,-0.002123082522302866,0.5041472911834717,0.40982067584991455,-0.013616303913295269,0.5260412693023682,0.35840752720832825,-0.01709759421646595,0.5374969244003296,0.33496588468551636,-0.01700226590037346,0.5474854111671448,0.3183925747871399,-0.016200989484786987,0.5186712741851807,0.4346965253353119,-0.012663401663303375,0.539275586605072,0.3790111243724823,-0.014126317575573921,0.5485689043998718,0.35097557306289673,-0.012542166747152805,0.5555864572525024,0.33245453238487244,-0.011489314958453178,0.5278890132904053,0.4561854600906372,-0.011198553256690502,0.5382558703422546,0.4076162874698639,-0.013408318161964417,0.5342637896537781,0.39063549041748047,-0.011392911896109581,0.5296552777290344,0.3861243724822998,-0.009419083595275879,0.532078206539154,0.4704890847206116,-0.00988429319113493,0.5343714952468872,0.4297918975353241,-0.011962402611970901,0.5278929471969604,0.4176110625267029,-0.010103300213813782,0.5219920873641968,0.41693583130836487,-0.00797145813703537
0.4737822711467743,0.5062215328216553,5.598968755293754e-08,0.47042208909988403,0.45073238015174866,-0.004291966557502747,0.48895472288131714,0.40433382987976074,-0.005059690680354834,0.508886992931366,0.37455078959465027,-0.004291819408535957,0.5183870792388916,0.3490593731403351,-0.002970787463709712,0.5035764575004578,0.4129749536514282,-0.013232309371232986,0.5251715183258057,0.3620423972606659,-0.016874436289072037,0.5367996692657471,0.33840760588645935,-0.01707291044294834,0.547131359577179,0.3213028013706207,-0.01654648780822754,0.517777681350708,0.4380761384963989,-0.012342244386672974,0.5376800894737244,0.38391783833503723,-0.014364822767674923,0.5474767088890076,0.35505950450897217,-0.013544769957661629,0.5549219846725464,0.33521851897239685,-0.013045028783380985,0.5266035795211792,0.45994865894317627,-0.011044557206332684,0.5375058650970459,0.4112068712711334,-0.014049321413040161,0.53497713804245,0.3913087248802185,-0.012979203835129738,0.5314467549324036,0.38377416133880615,-0.011653382331132889,0.5305038094520569,0.4744964838027954,-0.009888277389109135,0.5332752466201782,0.4331301152706146,-0.01261849794536829,0.5268637537956238,0.418600469827652,-0.011286693625152111,0.5208076238632202,0.416007936000824,-0.009579231031239033
0.4730450510978699,0.5067898631095886,6.450297718174625e-08,0.4702344238758087,0.44978126883506775,-0.002770619699731469,0.48821258544921875,0.4058144986629486,-0.003672864055261016,0.5082576274871826,0.3807201385498047,-0.003253259463235736,0.5179808735847473,0.35939502716064453,-0.0025886541698127985,0.5000842809677124,0.41292792558670044,-0.013512596487998962,0.5226338505744934,0.36431044340133667,-0.01717839203774929,0.5351361036300659,0.3408663868904114,-0.017651841044425964,0.5456491708755493,0.32349345088005066,-0.0173898134380579,0.5151174664497375,0.4368838667869568,-0.013204703107476234,0.53672856092453,0.38309189677238464,-0.014339296147227287,0.5468201637268066,0.35491126775741577,-0.012707579880952835,0.5542469024658203,0.33564838767051697,-0.0118281040340662,0.5248997807502747,0.4581718444824219,-0.012247489765286446,0.5411309599876404,0.4068123996257782,-0.013531584292650223,0.5401948690414429,0.38399839401245117,-0.011322167702019215,0.5372676253318787,0.373762309551239,-0.00983075425028801,0.5292283892631531,0.47346264123916626,-0.011398427188396454,0.5329634547233582,0.43265652656555176,-0.012730604968965054,0.5273160934448242,0.41562503576278687,-0.010731998831033707,0.5218226313591003,0.41040652990341187,-0.008815210312604904
0.4718185067176819,0.5056540966033936,6.639956495746446e-08,0.4698525667190552,0.448804646730423,-0.002229636302217841,0.48831671476364136,0.40566080808639526,-0.00319064618088305,0.5081002712249756,0.3803492486476898,-0.0029222022276371717,0.5173414349555969,0.35837888717651367,-0.0024643975775688887,0.4996708631515503,0.4114760160446167,-0.013880658894777298,0.5224953889846802,0.36368870735168457,-0.0174663458019495,0.5350275039672852,0.34075692296028137,-0.017678676173090935,0.5453461408615112,0.3238820731639862,-0.017155403271317482,0.5145783424377441,0.4359927773475647,-0.013807183131575584,0.5360423922538757,0.3828880190849304,-0.014582831412553787,0.5450232625007629,0.3541671931743622,-0.012468080036342144,0.5510225296020508,0.3350646495819092,-0.011282738298177719,0.5243525505065918,0.4585176706314087,-0.012959558516740799,0.5397066473960876,0.40870538353919983,-0.013528065755963326,0.5375142097473145,0.3877604007720947,-0.010561322793364525,0.5333102941513062,0.3801199495792389,-0.0086747407913208,0.5287888050079346,0.47527316212654114,-0.012207035906612873,0.5317322611808777,0.43569475412368774,-0.012653177604079247,0.5249958634376526,0.41993585228919983,-0.009872814640402794,0.5183789134025574,0.41679269075393677,-0.007472667843103409
0.47081178426742554,0.5038291215896606,6.84140459839e-08,0.46948128938674927,0.4470460116863251,-0.0033719034399837255,0.4882681369781494,0.40518882870674133,-0.004643662832677364,0.5091109275817871,0.38237249851226807,-0.004470689222216606,0.5195992588996887,0.36298075318336487,-0.003958073910325766,0.4983976185321808,0.41248640418052673,-0.014281113632023335,0.520887553691864,0.3637849688529968,-0.017901711165905,0.5330921411514282,0.3404865860939026,-0.018205272033810616,0.5434038043022156,0.3227449953556061,-0.01782236061990261,0.5131092071533203,0.4364530146121979,-0.013781869783997536,0.5344769954681396,0.38325560092926025,-0.015195848420262337,0.5443258285522461,0.3546566069126129,-0.013804116286337376,0.5511988997459412,0.3348656892776489,-0.013075461611151695,0.5231244564056396,0.45758873224258423,-0.01262242253869772,0.5387323498725891,0.4062320291996002,-0.013920716010034084,0.5382535457611084,0.3819586932659149,-0.012108536437153816,0.535669207572937,0.3703756034374237,-0.010971521958708763,0.5279940366744995,0.4723612070083618,-0.011638023890554905,0.5307966470718384,0.43163222074508667,-0.012889283709228039,0.5250948667526245,0.41334259510040283,-0.011165170930325985,0.5196315050125122,0.4071559011936188,-0.009524187073111534
0.4705312252044678,0.5035467147827148,6.242215278007279e-08,0.4684300720691681,0.44837698340415955,-0.003596649970859289,0.4860610365867615,0.40602385997772217,-0.004940997809171677,0.5058711767196655,0.3800276517868042,-0.00480528362095356,0.5149733424186707,0.3568672835826874,-0.0043371254578232765,0.4966357350349426,0.41382870078086853,-0.014659060165286064,0.5189260840415955,0.3657492399215698,-0.01872568391263485,0.5310580730438232,0.341182678937912,-0.019206760451197624,0.5410638451576233,0.3224918246269226,-0.018903229385614395,0.511664092540741,0.43714439868927,-0.014171449467539787,0.5333918929100037,0.3836897909641266,-0.016146719455718994,0.5433170795440674,0.3552926480770111,-0.014950895681977272,0.5503530502319336,0.33546924591064453,-0.014208762906491756,0.5218745470046997,0.4574075937271118,-0.013054434210062027,0.5381096005439758,0.40609920024871826,-0.014948091469705105,0.5387789607048035,0.38080650568008423,-0.01339683122932911,0.5375539660453796,0.36735960841178894,-0.012325487099587917,0.5268086194992065,0.4711994528770447,-0.012074426747858524,0.5299772620201111,0.43001148104667664,-0.013695254921913147,0.5252382159233093,0.4097035527229309,-0.01227793749421835,0.5205773711204529,0.40048748254776,-0.01082281582057476
0.4702833294868469,0.5013574361801147,6.855781009562634e-08,0.46907463669776917,0.44649505615234375,-0.0029824685771018267,0.4875500202178955,0.4052676260471344,-0.004328064154833555,0.5079994201660156,0.38231736421585083,-0.004307576455175877,0.517138659954071,0.361926794052124,-0.004105438012629747,0.49759775400161743,0.4129049777984619,-0.015118920244276524,0.5192875862121582,0.36485105752944946,-0.018996594473719597,0.530957818031311,0.3412156403064728,-0.019322602078318596,0.5409753918647766,0.3235110342502594,-0.018991677090525627,0.511520266532898,0.43663889169692993,-0.015070070512592793,0.5335003137588501,0.38332682847976685,-0.016814863309264183,0.5427509546279907,0.3550083041191101,-0.01535225473344326,0.5493894815444946,0.3367080092430115,-0.014533874578773975,0.5208304524421692,0.4582970142364502,-0.014269774779677391,0.5377920269966125,0.40748342871665955,-0.015922753140330315,0.5368398427963257,0.38375622034072876,-0.013867750763893127,0.5341084599494934,0.37367406487464905,-0.012491576373577118,0.5255320072174072,0.4742482900619507,-0.013559461571276188,0.5300685167312622,0.4333480894565582,-0.014829503372311592,0.5246806740760803,0.41452744603157043,-0.012837911956012249,0.5194194316864014,0.4083822965621948,-0.011031106114387512
0.46925005316734314,0.5062820911407471,4.593770341898562e-08,0.46713632345199585,0.4518892168998718,-0.003502980573102832,0.48421457409858704,0.4084104001522064,-0.005114622879773378,0.5032767653465271,0.37858453392982483,-0.005218762904405594,0.5110228061676025,0.35222238302230835,-0.0050150733441114426,0.49466919898986816,0.4173451066017151,-0.01540421787649393,0.5175288915634155,0.3689004182815552,-0.01930120587348938,0.5292580127716064,0.34511417150497437,-0.019441405311226845,0.5389161109924316,0.32693910598754883,-0.018976088613271713,0.5090062022209167,0.4418579339981079,-0.015139706432819366,0.5315665602684021,0.3870464861392975,-0.01745430938899517,0.5406002998352051,0.3590523898601532,-0.016082800924777985,0.5469539165496826,0.3401760160923004,-0.01514601893723011,0.5187164545059204,0.4632032513618469,-0.01414448581635952,0.5364460349082947,0.4094986021518707,-0.0163341723382473,0.5382159948348999,0.38213032484054565,-0.014615027233958244,0.5383789539337158,0.3672333061695099,-0.013437648303806782,0.5238038897514343,0.4778977036476135,-0.01318175159394741,0.5292320847511292,0.4331335723400116,-0.014817597344517708,0.5253413319587708,0.41140758991241455,-0.013084271922707558,0.5214412808418274,0.40145185589790344,-0.01148414146155119
0.46758291125297546,0.5062326192855835,7.208149099824368e-08,0.4668283462524414,0.4502095580101013,-0.0029741059988737106,0.4840964376926422,0.40829214453697205,-0.004921951796859503,0.5039917230606079,0.38268524408340454,-0.005486179608851671,0.512289822101593,0.3588947653770447,-0.005790633615106344,0.491832435131073,0.41732463240623474,-0.016103973612189293,0.5156151652336121,0.37040263414382935,-0.020462220534682274,0.5280783772468567,0.34735119342803955,-0.021072568371891975,0.5381737947463989,0.3295472264289856,-0.020918505266308784,0.506321132183075,0.44210416078567505,-0.016372451558709145,0.5294955372810364,0.3900751769542694,-0.018852582201361656,0.5392921566963196,0.361969918012619,-0.017864825204014778,0.5457713007926941,0.3422820270061493,-0.01736147329211235,0.5165519714355469,0.4640207290649414,-0.015765495598316193,0.5342745184898376,0.4112837612628937,-0.017854301258921623,0.5343849658966064,0.38634735345840454,-0.015887852758169174,0.5322409272193909,0.3737013638019562,-0.014657163992524147,0.5221594572067261,0.4796931743621826,-0.015191779471933842,0.5266184210777283,0.4365210235118866,-0.016827819868922234,0.5212392807006836,0.41783398389816284,-0.014726637862622738,0.515990674495697,0.41102418303489685,-0.012828071601688862
0.46658626198768616,0.5055391192436218,6.574546773663315e-08,0.4664251506328583,0.44909417629241943,-0.0035518330987542868,0.4843609929084778,0.4054882228374481,-0.005434257909655571,0.5042701959609985,0.37662893533706665,-0.005826587788760662,0.5114414691925049,0.3486342430114746,-0.005899041425436735,0.4911676347255707,0.41608601808547974,-0.015485171228647232,0.5141010284423828,0.370896577835083,-0.01995358243584633,0.5264095067977905,0.34740909934043884,-0.02080564945936203,0.53606116771698,0.3289923071861267,-0.020803896710276604,0.5052475929260254,0.44184038043022156,-0.015412583015859127,0.5273237824440002,0.39091214537620544,-0.01825086772441864,0.5365279912948608,0.3632787764072418,-0.017615795135498047,0.5426477193832397,0.3436562418937683,-0.01731247641146183,0.5152077674865723,0.46391862630844116,-0.014570790342986584,0.5326166749000549,0.41193801164627075,-0.017105327919125557,0.5336966514587402,0.38534486293792725,-0.015255402773618698,0.5325707197189331,0.3704928755760193,-0.014014260843396187,0.5207605957984924,0.4789126515388489,-0.01376259233802557,0.5255991220474243,0.4337866008281708,-0.01564219780266285,0.521203339099884,0.41133132576942444,-0.01364661380648613,0.5166671872138977,0.4004059135913849,-0.011811490170657635
0.465740442276001,0.5066101551055908,6.791167805886289e-08,0.4654861092567444,0.45018860697746277,-0.0035586999729275703,0.4832896888256073,0.4062785506248474,-0.0051568420603871346,0.5030717253684998,0.37903892993927,-0.005266804713755846,0.510621190071106,0.3529028296470642,-0.0051812720485031605,0.4899612069129944,0.4167856276035309,-0.015034717507660389,0.5121123194694519,0.37237656116485596,-0.019250981509685516,0.5244741439819336,0.34826362133026123,-0.020162025466561317,0.5342405438423157,0.3292452394962311,-0.0203156229108572,0.5039343237876892,0.4432419538497925,-0.014990524388849735,0.5252130031585693,0.3931087851524353,-0.01800406351685524,0.5352972745895386,0.36443042755126953,-0.018098006024956703,0.5424948930740356,0.342912495136261,-0.01832607202231884,0.5139257311820984,0.46563825011253357,-0.014139117673039436,0.5315994620323181,0.4130789637565613,-0.017319805920124054,0.5334645509719849,0.38530489802360535,-0.016473202034831047,0.5329565405845642,0.3687838912010193,-0.015789512544870377,0.5197573900222778,0.48041367530822754,-0.013218722306191921,0.5246732234954834,0.4340863525867462,-0.01582629419863224,0.5200951099395752,0.4115995466709137,-0.014344042167067528,0.5156815648078918,0.4010792076587677,-0.012772288173437119
0.46698489785194397,0.5061550140380859,7.796614909238997e-08,0.46523624658584595,0.4502340257167816,-0.003989755641669035,0.48264119029045105,0.40568825602531433,-0.005870562978088856,0.5026120543479919,0.3766617774963379,-0.006037108600139618,0.5109310746192932,0.34820494055747986,-0.0058331857435405254,0.48982447385787964,0.41766244173049927,-0.01593550108373165,0.5130712985992432,0.3719387948513031,-0.019906101748347282,0.5252293348312378,0.3480125367641449,-0.02013135701417923,0.5345481634140015,0.3302443027496338,-0.019670138135552406,0.5033199191093445,0.4444620609283447,-0.01560674887150526,0.526017963886261,0.39286598563194275,-0.018645213916897774,0.5357187986373901,0.3650508522987366,-0.018138492479920387,0.5424226522445679,0.34586402773857117,-0.017788715660572052,0.5133128762245178,0.4669969379901886,-0.01445003505796194,0.5319918990135193,0.41353803873062134,-0.01762928068637848,0.5331650972366333,0.38586142659187317,-0.016053494065999985,0.5320663452148438,0.37058699131011963,-0.01476935762912035,0.5195162892341614,0.4820941686630249,-0.013220107182860374,0.5263177156448364,0.4352535605430603,-0.015887893736362457,0.5218901634216309,0.41348665952682495,-0.013884874992072582,0.5173755288124084,0.40373799204826355,-0.011813047342002392
0.4661293029785156,0.5093040466308594,7.726204387381586e-08,0.4652335047721863,0.45328283309936523,-0.0032210308127105236,0.48278868198394775,0.40914806723594666,-0.004490464460104704,0.502609372138977,0.3834361433982849,-0.004335321485996246,0.5117859840393066,0.3598942160606384,-0.00394571153447032,0.489555299282074,0.42007097601890564,-0.014231985434889793,0.5122196674346924,0.37526610493659973,-0.018138783052563667,0.5245561003684998,0.3516683280467987,-0.01857442781329155,0.5341126918792725,0.33367720246315,-0.018298007547855377,0.5035423636436462,0.4465864598751068,-0.014370158314704895,0.5251749157905579,0.3959881663322449,-0.017272958531975746,0.5354504585266113,0.367784321308136,-0.017250768840312958,0.5429232120513916,0.3471790552139282,-0.01728316769003868,0.5136612057685852,0.4694214165210724,-0.013747184537351131,0.5316048264503479,0.41731637716293335,-0.017043136060237885,0.5330110788345337,0.3904684782028198,-0.016137097030878067,0.5321279168128967,0.374977707862854,-0.015231483615934849,0.5196942687034607,0.48478808999061584,-0.013004157692193985,0.5260303020477295,0.438696026802063,-0.015694279223680496,0.5219606757164001,0.41767144203186035,-0.013959266245365143,0.5178276896476746,0.40875017642974854,-0.012080671265721321
0.46722352504730225,0.5125873684883118,7.399474100111547e-08,0.46553707122802734,0.4558655917644501,-0.004192258231341839,0.48293769359588623,0.410364031791687,-0.005956675857305527,0.5023922920227051,0.3799712359905243,-0.006040534470230341,0.5109785795211792,0.3509350121021271,-0.00581938773393631,0.4901943504810333,0.42323392629623413,-0.015183212235569954,0.5127183198928833,0.37778985500335693,-0.019285455346107483,0.5249045491218567,0.3538510203361511,-0.019820231944322586,0.5341557860374451,0.33582285046577454,-0.019590655341744423,0.5041275024414062,0.44980600476264954,-0.014803116209805012,0.5257365107536316,0.398115336894989,-0.018077315762639046,0.5353701710700989,0.3701348304748535,-0.018096227198839188,0.5419655442237854,0.3503391742706299,-0.018059497699141502,0.5143773555755615,0.47218549251556396,-0.013675058260560036,0.5324944257736206,0.4180174171924591,-0.01735151931643486,0.5347951054573059,0.38994818925857544,-0.016542917117476463,0.5345755219459534,0.3737180233001709,-0.01568569615483284,0.520799994468689,0.48695242404937744,-0.012443478219211102,0.5272168517112732,0.43994489312171936,-0.015542644076049328,0.523076057434082,0.4193103611469269,-0.01389677170664072,0.5188166499137878,0.41048240661621094,-0.012005506083369255
0.46889859437942505,0.513828456401825,8.121570260755107e-08,0.4667223393917084,0.456438273191452,-0.004580109845846891,0.4839480221271515,0.411111056804657,-0.00680000614374876,0.5035728216171265,0.38016584515571594,-0.007239655591547489,0.5119866132736206,0.350093275308609,-0.007410581223666668,0.49166417121887207,0.4239068329334259,-0.015788841992616653,0.5139652490615845,0.3804539144039154,-0.02030627429485321,0.52616947889328,0.35648149251937866,-0.02117939479649067,0.5353232622146606,0.3382590413093567,-0.021127505227923393,0.5057868361473083,0.45055320858955383,-0.015328949317336082,0.5274115800857544,0.39907780289649963,-0.018733033910393715,0.5373330116271973,0.37073010206222534,-0.018782583996653557,0.5441175103187561,0.35032498836517334,-0.01875356212258339,0.5160049200057983,0.47321218252182007,-0.014122137799859047,0.5338600873947144,0.41975507140159607,-0.017490295693278313,0.5376988649368286,0.3903301954269409,-0.01629144512116909,0.5387975573539734,0.37258604168891907,-0.015228922478854656,0.5221542119979858,0.48844361305236816,-0.012872500345110893,0.5292155742645264,0.4415934085845947,-0.015379641205072403,0.5269977450370789,0.41916602849960327,-0.013227574527263641,0.5243028402328491,0.40776580572128296,-0.011028408072888851
0.4704759418964386,0.517008900642395,6.911148631161268e-08,0.46806952357292175,0.460471510887146,-0.004928608424961567,0.48570516705513,0.4149225354194641,-0.007120018359273672,0.5049407482147217,0.38299262523651123,-0.007331665605306625,0.5128747224807739,0.35260793566703796,-0.007292221300303936,0.49492454528808594,0.4290129840373993,-0.016907697543501854,0.5164909362792969,0.38331884145736694,-0.02128077670931816,0.5282326936721802,0.35827356576919556,-0.021863510832190514,0.5369107127189636,0.33915096521377563,-0.021505707874894142,0.5089185237884521,0.4559272527694702,-0.01595977507531643,0.5296003222465515,0.40315815806388855,-0.019557269290089607,0.5390171408653259,0.37380537390708923,-0.0195515975356102,0.5454716086387634,0.3521060347557068,-0.019332226365804672,0.5187287926673889,0.47782349586486816,-0.014160627499222755,0.5356079936027527,0.4243401288986206,-0.017661912366747856,0.5402446985244751,0.3936420977115631,-0.016696514561772346,0.5423626899719238,0.37418293952941895,-0.015650371089577675,0.5242577791213989,0.49163416028022766,-0.012261653319001198,0.5316122770309448,0.4443470239639282,-0.014751872979104519,0.5303646326065063,0.4208833575248718,-0.01267324574291706,0.5287628769874573,0.4085339605808258,-0.010453743860125542
0.47246524691581726,0.5235794186592102,6.612856395804556e-08,0.4685515761375427,0.4678204655647278,-0.00451088510453701,0.4862280488014221,0.4275418221950531,-0.006393982097506523,0.5074345469474792,0.4104357361793518,-0.006551502272486687,0.51714688539505,0.3963952362537384,-0.006760998163372278,0.4972570538520813,0.4383552372455597,-0.016974305734038353,0.5181213021278381,0.38944029808044434,-0.021382128819823265,0.5295732021331787,0.3622589111328125,-0.022324441000819206,0.5381984114646912,0.34219127893447876,-0.022270184010267258,0.5123454332351685,0.4636324644088745,-0.016374122351408005,0.5326858758926392,0.41005462408065796,-0.019980009645223618,0.5417665243148804,0.37763577699661255,-0.02049529179930687,0.5479028224945068,0.35388392210006714,-0.020549237728118896,0.5225629806518555,0.4843112528324127,-0.014876242727041245,0.5375635027885437,0.43137475848197937,-0.01830201968550682,0.5387390851974487,0.4034041166305542,-0.01770390011370182,0.5381867289543152,0.3881869912147522,-0.016783909872174263,0.5277795195579529,0.4964998662471771,-0.013351148925721645,0.5327751040458679,0.45117393136024475,-0.015864228829741478,0.5284057855606079,0.4318317472934723,-0.013697920367121696,0.5244514346122742,0.4255984127521515,-0.011317708529531956
0.4762314260005951,0.5299297571182251,8.621087488336343e-08,0.4712941646575928,0.4748137295246124,-0.004569928627461195,0.48760324716567993,0.43618524074554443,-0.007406842429190874,0.509083092212677,0.42325472831726074,-0.008909999392926693,0.5203272700309753,0.4168241322040558,-0.010385594330728054,0.5002022981643677,0.44459664821624756,-0.0184378270059824,0.5221892595291138,0.39437657594680786,-0.024555165320634842,0.5343522429466248,0.36648786067962646,-0.026464976370334625,0.5439480543136597,0.3464614748954773,-0.026939675211906433,0.5156348347663879,0.4687757194042206,-0.018523458391427994,0.5370953679084778,0.41499465703964233,-0.02418908104300499,0.5463526248931885,0.3816094398498535,-0.02515595778822899,0.5531307458877563,0.35966479778289795,-0.025123057886958122,0.5259090662002563,0.48994001746177673,-0.01772451400756836,0.5384097099304199,0.4425262212753296,-0.023508630692958832,0.5308412909507751,0.43307334184646606,-0.0220207329839468,0.5226826667785645,0.4377698600292206,-0.01914806291460991,0.5313540101051331,0.5030137300491333,-0.01695801317691803,0.536121129989624,0.4603164494037628,-0.021010564640164375,0.5292843580245972,0.4501059949398041,-0.018472803756594658,0.5226060152053833,0.4537460505962372,-0.015037357807159424
0.4810362160205841,0.5316202640533447,8.8918312712849e-08,0.4764249920845032,0.47672900557518005,-0.0043610017746686935,0.4937494695186615,0.4376850426197052,-0.006615066900849342,0.5161441564559937,0.4263511598110199,-0.007705294527113438,0.5288490653038025,0.42574822902679443,-0.008644853718578815,0.5058355927467346,0.4467369318008423,-0.0157832782715559,0.5277188420295715,0.3950815796852112,-0.020926890894770622,0.5401015281677246,0.36701950430870056,-0.022231999784708023,0.5499099493026733,0.34657299518585205,-0.022326357662677765,0.521668016910553,0.4699837863445282,-0.015702560544013977,0.5424933433532715,0.41535913944244385,-0.020331887528300285,0.5518906116485596,0.3810768723487854,-0.021070964634418488,0.5584524273872375,0.35783445835113525,-0.020957274362444878,0.5323716998100281,0.48947873711586,-0.014929105527698994,0.5460253953933716,0.44081681966781616,-0.020543284714221954,0.5383580923080444,0.4277191758155823,-0.019679339602589607,0.5295580625534058,0.4279021620750427,-0.017109770327806473,0.5380846261978149,0.5003273487091064,-0.014148139394819736,0.5434902310371399,0.4562450349330902,-0.018213672563433647,0.5366140007972717,0.4430515170097351,-0.01618736982345581,0.5292619466781616,0.4429110586643219,-0.013109840452671051
0.4866645038127899,0.5282353758811951,9.151450086619661e-08,0.48309776186943054,0.4738290309906006,-0.003900018287822604,0.5017252564430237,0.43473726511001587,-0.0057843150570988655,0.5242728590965271,0.42643916606903076,-0.006682027131319046,0.537074863910675,0.4311547577381134,-0.007523677311837673,0.5135713219642639,0.44151434302330017,-0.015148011967539787,0.535115122795105,0.3910626769065857,-0.020263871178030968,0.5471059083938599,0.3634643256664276,-0.021428320556879044,0.5563296675682068,0.3435687720775604,-0.02133549004793167,0.529353141784668,0.4658065438270569,-0.01531688030809164,0.5499866604804993,0.4130967855453491,-0.02007211372256279,0.5585307478904724,0.3790152668952942,-0.020686188712716103,0.5638960003852844,0.35580238699913025,-0.02022026851773262,0.5397353172302246,0.4865398108959198,-0.014830403961241245,0.5497973561286926,0.44066160917282104,-0.02043110318481922,0.5413591861724854,0.43448662757873535,-0.019502511247992516,0.5326423048973083,0.441019743680954,-0.016622556373476982,0.5450962781906128,0.49856236577033997,-0.01433541439473629,0.5486992001533508,0.4560030996799469,-0.01773284748196602,0.5414202809333801,0.4479658603668213,-0.015213822945952415,0.5348802804946899,0.45259279012680054,-0.011768548749387264
0.4933536946773529,0.5208824276924133,9.241365006573687e-08,0.4902583360671997,0.46718886494636536,-0.004249055869877338,0.5101669430732727,0.4278746545314789,-0.006115433759987354,0.5324431657791138,0.41902029514312744,-0.006791648454964161,0.5444318652153015,0.42200714349746704,-0.007323411293327808,0.5227699875831604,0.43620920181274414,-0.01551220566034317,0.5431759357452393,0.38384220004081726,-0.020628023892641068,0.5537822246551514,0.35656803846359253,-0.021509481593966484,0.5618430972099304,0.33695006370544434,-0.021065447479486465,0.5380362272262573,0.45905163884162903,-0.015427584759891033,0.559499979019165,0.40535056591033936,-0.020480001345276833,0.5687821507453918,0.3705328404903412,-0.021135305985808372,0.5745235085487366,0.3458434045314789,-0.020401766523718834,0.5478342771530151,0.47883370518684387,-0.014689112082123756,0.5549712181091309,0.43470555543899536,-0.02011845074594021,0.5459992289543152,0.4318344295024872,-0.01926567032933235,0.5375602841377258,0.44023457169532776,-0.016323374584317207,0.5523686408996582,0.4905145466327667,-0.014012478291988373,0.5529525279998779,0.45017820596694946,-0.017161186784505844,0.5451163053512573,0.4443936347961426,-0.01468413695693016,0.5388482809066772,0.44936779141426086,-0.011249733157455921
0.499343603849411,0.5173341631889343,3.991401698044683e-08,0.4953761100769043,0.4618423879146576,-0.0032722470350563526,0.5143750309944153,0.4207884669303894,-0.004336791578680277,0.5358585715293884,0.40931907296180725,-0.003837849944829941,0.5475733280181885,0.4088546633720398,-0.003270515473559499,0.5287678837776184,0.4298730492591858,-0.015307413414120674,0.5502880811691284,0.37696152925491333,-0.0195835642516613,0.5604684352874756,0.3492441475391388,-0.019757850095629692,0.5671386122703552,0.32858192920684814,-0.018854068592190742,0.5458688139915466,0.4531169831752777,-0.015145955607295036,0.5710232257843018,0.39735147356987,-0.018189286813139915,0.5773108005523682,0.36371302604675293,-0.016833022236824036,0.5775451064109802,0.339877188205719,-0.014609514735639095,0.5562976002693176,0.4714946746826172,-0.014224236831068993,0.5714631080627441,0.4217032492160797,-0.01574798859655857,0.5733245015144348,0.39233994483947754,-0.014115050435066223,0.572050929069519,0.3748827278614044,-0.012441692873835564,0.5599285364151001,0.4820479154586792,-0.013416394591331482,0.562581479549408,0.4415455162525177,-0.013701227493584156,0.5584583282470703,0.4190300405025482,-0.011032628826797009,0.5541791915893555,0.40553656220436096,-0.008396263234317303
0.5035114288330078,0.5128862261772156,-9.43287137289417e-09,0.5003535747528076,0.4555894434452057,-0.001691975980065763,0.518814742565155,0.4150125980377197,-0.0027799613308161497,0.5396713614463806,0.39980706572532654,-0.0026548358146101236,0.55185467004776,0.3947433531284332,-0.002250201068818569,0.5352545976638794,0.42273345589637756,-0.01423362735658884,0.556616485118866,0.3656376600265503,-0.018203962594270706,0.5644887685775757,0.33763769268989563,-0.017870239913463593,0.5694106221199036,0.3183441758155823,-0.01637333445250988,0.5523940920829773,0.4452763795852661,-0.014145233668386936,0.5764751434326172,0.38590413331985474,-0.017026400193572044,0.5790006518363953,0.3531954884529114,-0.014193286187946796,0.5764986276626587,0.33336058259010315,-0.010829268954694271,0.5623236298561096,0.46312645077705383,-0.013223453424870968,0.5811710357666016,0.40791958570480347,-0.0139807453379035,0.5806365013122559,0.37701934576034546,-0.010236818343400955,0.576698899269104,0.3610072731971741,-0.006979725323617458,0.5654206275939941,0.4736049175262451,-0.012351998127996922,0.5723226070404053,0.4302576780319214,-0.011183591559529305,0.5695321559906006,0.4041120409965515,-0.007416913751512766,0.5656487941741943,0.38886070251464844,-0.004024105612188578
0.5055389404296875,0.5105193853378296,-6.225722870567552e-08,0.5025991201400757,0.45104098320007324,-0.00024278149066958576,0.5204886794090271,0.4084230065345764,-6.635736644966528e-05,0.5402383208274841,0.39106255769729614,0.0009092752006836236,0.552173912525177,0.38296329975128174,0.002188451122492552,0.5408456921577454,0.4154748320579529,-0.010527051985263824,0.5601948499679565,0.3594011068344116,-0.01294182799756527,0.566034734249115,0.33270522952079773,-0.011963263154029846,0.5698662400245667,0.3145322799682617,-0.010231100022792816,0.5570401549339294,0.43805131316185,-0.010575362481176853,0.5778635144233704,0.37767547369003296,-0.011934745125472546,0.5771054625511169,0.3469029664993286,-0.008694516494870186,0.573373556137085,0.330435574054718,-0.005350252613425255,0.5656763911247253,0.4552139639854431,-0.009813591837882996,0.5839602947235107,0.3985125422477722,-0.009723983705043793,0.5811085104942322,0.36872175335884094,-0.005962706636637449,0.5760350823402405,0.3543764054775238,-0.0028873621486127377,0.5675008893013,0.4646638035774231,-0.008992724120616913,0.5759836435317993,0.4207225739955902,-0.007617186289280653,0.5741178393363953,0.3932945728302002,-0.004236862063407898,0.5708112120628357,0.3768163025379181,-0.0011831241426989436
0.5063081383705139,0.504814863204956,-7.68368906278738e-08,0.5034921765327454,0.4445253014564514,0.0010972260497510433,0.5207047462463379,0.4014968276023865,0.001609477330930531,0.539896547794342,0.3806360363960266,0.002513909712433815,0.5517938733100891,0.3689994513988495,0.003598849754780531,0.5427369475364685,0.40634194016456604,-0.00831609033048153,0.5610370635986328,0.35196012258529663,-0.010303211398422718,0.5665006637573242,0.32686886191368103,-0.009719143621623516,0.5696035027503967,0.30934128165245056,-0.008393984287977219,0.5584580302238464,0.4290975034236908,-0.009138280525803566,0.5770162343978882,0.36960965394973755,-0.009767289273440838,0.5761666297912598,0.33798372745513916,-0.0072226268239319324,0.572001039981842,0.3195156753063202,-0.004899019841104746,0.5667652487754822,0.447101891040802,-0.009102081879973412,0.5843669772148132,0.39144718647003174,-0.008852832019329071,0.581717312335968,0.3608495593070984,-0.005834758747369051,0.5762054324150085,0.3446171283721924,-0.003579274518415332,0.5684474110603333,0.45769375562667847,-0.008855536580085754,0.578129231929779,0.4144973158836365,-0.007367022801190615,0.5766528844833374,0.38776907324790955,-0.004116643685847521,0.5731596946716309,0.371386855840683,-0.001355669810436666
0.5051567554473877,0.5003423690795898,-8.881649193881458e-08,0.5017949938774109,0.44000890851020813,0.0017132010543718934,0.51627516746521,0.3911392390727997,0.003229771973565221,0.5316951274871826,0.36068034172058105,0.004920708015561104,0.5407869219779968,0.34005966782569885,0.007029299158602953,0.5427599549293518,0.39834919571876526,-0.00529965665191412,0.5596535205841064,0.34431320428848267,-0.005975097883492708,0.5646018385887146,0.3197293281555176,-0.004798051435500383,0.5674726963043213,0.30285948514938354,-0.0031082299537956715,0.558593213558197,0.4215750992298126,-0.005955062340945005,0.574941873550415,0.36274275183677673,-0.005232121329754591,0.5734485983848572,0.33266502618789673,-0.0018572717672213912,0.5697293877601624,0.31644147634506226,0.0009968670783564448,0.5667840838432312,0.4407676160335541,-0.005849129986017942,0.5843693614006042,0.38801121711730957,-0.004735527094453573,0.5809478759765625,0.36108076572418213,-0.00034630729351192713,0.5750733017921448,0.34889453649520874,0.003082912415266037,0.5684271454811096,0.45257124304771423,-0.0055658831261098385,0.5806917548179626,0.4113405644893646,-0.003428091760724783,0.5794127583503723,0.3868691623210907,0.0009657723130658269,0.5754184722900391,0.373809278011322,0.0048203663900494576
0.5046587586402893,0.49825772643089294,-9.039266046784178e-08,0.5006752610206604,0.44072866439819336,0.0017444039694964886,0.5146777033805847,0.39532190561294556,0.003340421710163355,0.5309012532234192,0.36839964985847473,0.004754718393087387,0.5403349995613098,0.3502836227416992,0.006475674919784069,0.5399646162986755,0.39785081148147583,-0.00497639924287796,0.558225691318512,0.34524592757225037,-0.006953635718673468,0.5635896921157837,0.3198867440223694,-0.006260829512029886,0.5665189623832703,0.3028721213340759,-0.004598669242113829,0.5561245083808899,0.42021551728248596,-0.006641034036874771,0.5753496289253235,0.36130663752555847,-0.007620981894433498,0.5730136036872864,0.3308976888656616,-0.004761244636029005,0.5686584711074829,0.3159058690071106,-0.0016994219040498137,0.5647871494293213,0.4391200542449951,-0.0077440133318305016,0.5858210921287537,0.387721449136734,-0.008677827194333076,0.579927921295166,0.3625141978263855,-0.004497693385928869,0.5727853178977966,0.3536455035209656,-0.00046072975965216756,0.5668027400970459,0.45115435123443604,-0.008670264855027199,0.5823756456375122,0.40996408462524414,-0.007536615710705519,0.5797878503799438,0.38666707277297974,-0.0028320173732936382,0.5746970176696777,0.37666448950767517,0.00155431788880378
0.5025995373725891,0.5023881793022156,-9.489637875503831e-08,0.4978116750717163,0.4466390907764435,8.268105011666194e-05,0.5121270418167114,0.3993804156780243,0.0015184415969997644,0.5282425880432129,0.36949506402015686,0.003250041976571083,0.5372917056083679,0.3497065603733063,0.005471555050462484,0.5381201505661011,0.4028947651386261,-0.0066671594977378845,0.556335985660553,0.34744882583618164,-0.009168053977191448,0.5621883869171143,0.32076531648635864,-0.00869730394333601,0.5658063292503357,0.3034278154373169,-0.007187169510871172,0.5546859502792358,0.42461463809013367,-0.007727316580712795,0.5747408866882324,0.36425185203552246,-0.009378557093441486,0.5719081163406372,0.33401185274124146,-0.006622842513024807,0.5674871802330017,0.3200221359729767,-0.0035070606973022223,0.5638335347175598,0.4424971640110016,-0.008386470377445221,0.5855696201324463,0.38933905959129333,-0.010297325439751148,0.5789686441421509,0.36487922072410583,-0.0064055658876895905,0.5717195272445679,0.357208251953125,-0.0023124697618186474,0.5660032629966736,0.45366618037223816,-0.008977866731584072,0.5832079648971558,0.41096940636634827,-0.008581026457250118,0.5803069472312927,0.3882547914981842,-0.0040277475491166115,0.5745837688446045,0.37966275215148926,0.00035762976040132344
0.4997970759868622,0.5050302147865295,-8.772619253250014e-08,0.4969303607940674,0.4472966492176056,0.0018198039615526795,0.5135035514831543,0.4040990471839905,0.0036772117018699646,0.5310271978378296,0.38418859243392944,0.0055550867691636086,0.5422617197036743,0.37502771615982056,0.007871165871620178,0.5362855792045593,0.4059498608112335,-0.0056767538189888,0.5553966164588928,0.351568341255188,-0.007855373434722424,0.5618284344673157,0.32528096437454224,-0.006664484739303589,0.5661779046058655,0.3080543279647827,-0.004578187130391598,0.5524847507476807,0.4273892641067505,-0.007112639956176281,0.5736488699913025,0.36791035532951355,-0.00881585106253624,0.5720398426055908,0.33835047483444214,-0.005107663106173277,0.5680126547813416,0.32438090443611145,-0.0009027015184983611,0.5616925358772278,0.44527748227119446,-0.007978088222444057,0.5830771923065186,0.3930116593837738,-0.009166114963591099,0.5779446959495544,0.36701318621635437,-0.003976361360400915,0.5717701315879822,0.3565599024295807,0.0011588695924729109,0.5639063715934753,0.45642533898353577,-0.008698219433426857,0.5801222920417786,0.41461312770843506,-0.007441638968884945,0.5780261754989624,0.3913700580596924,-0.002124162157997489,0.5734109282493591,0.38028115034103394,0.0029310500249266624
0.4978756606578827,0.5084351301193237,-7.753075692562561e-08,0.49575403332710266,0.45091357827186584,0.002203134587034583,0.5109304189682007,0.4073251187801361,0.0035919116344302893,0.5259261727333069,0.38264212012290955,0.004751612897962332,0.532819926738739,0.36656811833381653,0.006203875876963139,0.5345314741134644,0.4076268672943115,-0.0060643525794148445,0.5547014474868774,0.3542649447917938,-0.009171477518975735,0.5609564185142517,0.32858747243881226,-0.008860458619892597,0.5640836954116821,0.31148749589920044,-0.00717169838026166,0.5510857701301575,0.43043652176856995,-0.008053437806665897,0.5729128122329712,0.37175893783569336,-0.010228480212390423,0.5720259547233582,0.3419845998287201,-0.00709892064332962,0.5670968294143677,0.32703471183776855,-0.003220583777874708,0.559929609298706,0.45000478625297546,-0.009392855688929558,0.5805188417434692,0.3986711800098419,-0.010180283337831497,0.5766164660453796,0.3726087510585785,-0.005033843219280243,0.5701088309288025,0.3614160120487213,-9.653339657234028e-05,0.5614712238311768,0.4628991186618805,-0.010603757575154305,0.5749850869178772,0.420797199010849,-0.008706258609890938,0.5733314752578735,0.3978230357170105,-0.0030172665137797594,0.5686638951301575,0.3867388963699341,0.0022332884836941957
0.4943682849407196,0.5097615122795105,-5.688821502758401e-08,0.4927658438682556,0.45075690746307373,0.0017358879558742046,0.5097870826721191,0.40952202677726746,0.002776584355160594,0.527734100818634,0.3941071927547455,0.003553904127329588,0.5370630025863647,0.3867621421813965,0.004589456133544445,0.5337818264961243,0.4075855612754822,-0.005159263964742422,0.553521990776062,0.35639625787734985,-0.007828515954315662,0.5598861575126648,0.33056527376174927,-0.007847549393773079,0.5635766386985779,0.31294721364974976,-0.006716753356158733,0.5492519736289978,0.43102845549583435,-0.0071020047180354595,0.5707337856292725,0.3754133880138397,-0.008851757273077965,0.571076512336731,0.34405356645584106,-0.006442501675337553,0.567449152469635,0.3262721300125122,-0.0033195156138390303,0.5568040013313293,0.45153650641441345,-0.008499104529619217,0.5747845768928528,0.403645783662796,-0.008558224886655807,0.5730594396591187,0.37510719895362854,-0.004353170748800039,0.5688029527664185,0.36032864451408386,-0.0005638943985104561,0.557151198387146,0.4656694829463959,-0.009902429766952991,0.5676453113555908,0.4264632761478424,-0.007099602371454239,0.5664168000221252,0.4034305810928345,-0.0016412982949987054,0.5626553893089294,0.3907051682472229,0.0029948202427476645
0.49360978603363037,0.507364809513092,-5.725127394384799e-08,0.4913868308067322,0.44771596789360046,0.0016658990643918514,0.5111331343650818,0.4063374996185303,0.0030435328371822834,0.5303240418434143,0.39157119393348694,0.0046741897240281105,0.5415968298912048,0.38480350375175476,0.006725125014781952,0.5318557024002075,0.40847569704055786,-0.007543558720499277,0.553930938243866,0.35484766960144043,-0.009791487827897072,0.5597699880599976,0.32841384410858154,-0.008469011634588242,0.5624504685401917,0.31251609325408936,-0.006108591333031654,0.5475383996963501,0.4314700961112976,-0.008638129569590092,0.5707173347473145,0.37153106927871704,-0.010532851330935955,0.5702057480812073,0.34117263555526733,-0.0068918741308152676,0.5655016899108887,0.3267991840839386,-0.0025949650444090366,0.5556945204734802,0.4507867991924286,-0.008975280448794365,0.5755950808525085,0.39796143770217896,-0.008720973506569862,0.5733412504196167,0.3691893517971039,-0.0036502729635685682,0.568523645401001,0.3559998869895935,0.00084417819743976,0.5565759539604187,0.46321192383766174,-0.009212161414325237,0.5687894821166992,0.42128556966781616,-0.005967170000076294,0.5680629014968872,0.39730000495910645,-0.00035016611218452454,0.5650722980499268,0.38529229164123535,0.004400864243507385
0.4915355443954468,0.5105945467948914,-6.700094701272974e-08,0.4893661439418793,0.4513838291168213,0.0023472667671740055,0.506243109703064,0.40685462951660156,0.004059743136167526,0.5227992534637451,0.38440778851509094,0.006104268133640289,0.5300245881080627,0.37098029255867004,0.008583423681557178,0.5295592546463013,0.4082861542701721,-0.007964791730046272,0.551576554775238,0.3545774221420288,-0.009905209764838219,0.5581232905387878,0.3290250599384308,-0.008135945536196232,0.5618501901626587,0.312616765499115,-0.005523948464542627,0.54511958360672,0.4324684143066406,-0.009087392129004002,0.5679563283920288,0.37217020988464355,-0.010779137723147869,0.5681734085083008,0.34226706624031067,-0.006509256083518267,0.5645560622215271,0.32654616236686707,-0.0017424015095457435,0.5528891086578369,0.4527948200702667,-0.009250476025044918,0.5706750154495239,0.4003870189189911,-0.008741438388824463,0.5688392519950867,0.3726574182510376,-0.0031231618486344814,0.5647002458572388,0.35911110043525696,0.0017951993504539132,0.553449273109436,0.46638619899749756,-0.009236210025846958,0.5638725757598877,0.4247722327709198,-0.005807176697999239,0.5625035762786865,0.40201276540756226,0.00015823169087525457,0.5586212277412415,0.39073291420936584,0.005221216008067131
0.48920196294784546,0.5150147676467896,-5.482853637772678e-08,0.48734113574028015,0.4550584852695465,0.0016966222319751978,0.5041547417640686,0.4105771481990814,0.003142167115584016,0.5218290090560913,0.3889733850955963,0.0047224340960383415,0.5283998847007751,0.37587836384773254,0.006508972495794296,0.526495099067688,0.41040539741516113,-0.007566019892692566,0.5492580533027649,0.35922473669052124,-0.009297706186771393,0.5569141507148743,0.3342224657535553,-0.008112830109894276,0.5616266131401062,0.3169524371623993,-0.006288384087383747,0.5420351624488831,0.4349188208580017,-0.008996485732495785,0.5642275214195251,0.37762364745140076,-0.009282903745770454,0.5656682252883911,0.3473483920097351,-0.005783905275166035,0.5632855296134949,0.32976576685905457,-0.0024723156820982695,0.5500327944755554,0.456250935792923,-0.009616070427000523,0.5653328895568848,0.40797165036201477,-0.008360708132386208,0.5624012351036072,0.38270363211631775,-0.003858868731185794,0.5577356815338135,0.370739221572876,-0.0004504074458964169,0.5515733957290649,0.47077178955078125,-0.01020047813653946,0.5594627261161804,0.43159613013267517,-0.00680346367880702,0.5565206408500671,0.4112085998058319,-0.0014710422838106751,0.5516030788421631,0.4016070067882538,0.002682980615645647
0.4867154657840729,0.5140907764434814,-2.987539460264088e-08,0.48591741919517517,0.4545961618423462,0.0012858976842835546,0.5025092363357544,0.4094073176383972,0.0020588510669767857,0.5193122625350952,0.3847751021385193,0.0031135338358581066,0.525302529335022,0.3680754601955414,0.00432016933336854,0.5245479941368103,0.4115888178348541,-0.009591232985258102,0.5478932857513428,0.3607756495475769,-0.011791880242526531,0.5555664896965027,0.33696499466896057,-0.010885913856327534,0.559472918510437,0.32079118490219116,-0.009084868244826794,0.5396008491516113,0.4368404150009155,-0.010672605596482754,0.5612362623214722,0.38093459606170654,-0.010978654958307743,0.5634589791297913,0.3516524136066437,-0.008111214265227318,0.5609492063522339,0.334350049495697,-0.00542543176561594,0.5470209717750549,0.4595981538295746,-0.010709783062338829,0.5563229918479919,0.41716480255126953,-0.009267061948776245,0.5518249273300171,0.4016534388065338,-0.005366778466850519,0.5457200407981873,0.39819034934043884,-0.002404907951131463,0.5483421683311462,0.47485771775245667,-0.010679683648049831,0.5519320964813232,0.43967005610466003,-0.007049690932035446,0.5474792718887329,0.42629721760749817,-0.0017969340551644564,0.5415968298912048,0.4228179156780243,0.002289294730871916
0.48438340425491333,0.5125815868377686,-2.2215441930484303e-08,0.4830559492111206,0.45387741923332214,0.0015379502438008785,0.49999678134918213,0.4102610647678375,0.0028763136360794306,0.5174388885498047,0.38804614543914795,0.00426656985655427,0.5245409607887268,0.3752484619617462,0.005748091731220484,0.5227676630020142,0.4088500738143921,-0.0071870554238557816,0.5457285642623901,0.36109378933906555,-0.009272612631320953,0.5541443228721619,0.33779698610305786,-0.008603138849139214,0.558271050453186,0.3210375905036926,-0.0069504184648394585,0.5371810793876648,0.4348544180393219,-0.008540136739611626,0.5582587122917175,0.3831636905670166,-0.008721298538148403,0.5615407824516296,0.35365036129951477,-0.006520417984575033,0.5602524280548096,0.3346528708934784,-0.004310880787670612,0.5445011258125305,0.45875075459480286,-0.009029422886669636,0.5523969531059265,0.4208100140094757,-0.008359076455235481,0.5472692847251892,0.40949955582618713,-0.005533204879611731,0.5406288504600525,0.40939897298812866,-0.0029296947177499533,0.546144962310791,0.4749319851398468,-0.009433385916054249,0.5489854216575623,0.44284456968307495,-0.0064729927107691765,0.5442161560058594,0.43266820907592773,-0.0019339141435921192,0.5379698872566223,0.43244996666908264,0.0018504473846405745
0.48401325941085815,0.5089934468269348,-1.5304392197990069e-09,0.482663631439209,0.4507739245891571,0.00019355196855030954,0.5000278949737549,0.4082983136177063,0.0006551313563250005,0.5188513994216919,0.3886542320251465,0.0015243692323565483,0.5282890200614929,0.37919166684150696,0.002603254746645689,0.5206810235977173,0.40834057331085205,-0.009684676304459572,0.544501781463623,0.359371542930603,-0.012340637855231762,0.5533457398414612,0.3355908691883087,-0.011801994405686855,0.5580409169197083,0.3187607526779175,-0.010285627096891403,0.5353014469146729,0.4337475001811981,-0.010454608127474785,0.5568837523460388,0.37990903854370117,-0.011621389538049698,0.5602407455444336,0.35111910104751587,-0.009498011320829391,0.5592318177223206,0.33317768573760986,-0.007172548212110996,0.5429913997650146,0.4568652808666229,-0.010324454866349697,0.5514499545097351,0.41602587699890137,-0.010246317833662033,0.5455850958824158,0.40508028864860535,-0.0068951561115682125,0.5387203693389893,0.40560078620910645,-0.003781284671276808,0.5449565649032593,0.47244536876678467,-0.010219758376479149,0.5478531718254089,0.43827879428863525,-0.00795483123511076,0.5424876809120178,0.42753174901008606,-0.003378478344529867,0.5363529324531555,0.4269411563873291,0.000602364947553724
0.4827294647693634,0.5084019899368286,-7.877426710933833e-09,0.4813876152038574,0.4514637291431427,0.0007234062068164349,0.4985176622867584,0.4091418385505676,0.0014323695795610547,0.5162459015846252,0.386099636554718,0.0025540594942867756,0.5230404138565063,0.3711867928504944,0.0038877155166119337,0.5191564559936523,0.4086102843284607,-0.009614483453333378,0.5427475571632385,0.3607455790042877,-0.01236470602452755,0.5517807602882385,0.33695027232170105,-0.011890568770468235,0.5565353035926819,0.31995871663093567,-0.010386897251009941,0.5334578156471252,0.4346073567867279,-0.010708827525377274,0.5557811856269836,0.3822031021118164,-0.011638573370873928,0.5601484179496765,0.3527641296386719,-0.009313810616731644,0.5599305033683777,0.3341280221939087,-0.007002544589340687,0.5411295890808105,0.458259254693985,-0.010858742520213127,0.5506807565689087,0.41802647709846497,-0.01064563263207674,0.5457969307899475,0.40522080659866333,-0.007138431537896395,0.5394735336303711,0.40430232882499695,-0.004076899029314518,0.5433514714241028,0.4742136001586914,-0.010971704497933388,0.5466864705085754,0.4400651156902313,-0.008784971199929714,0.5417619943618774,0.42911583185195923,-0.004132953472435474,0.5357475280761719,0.428806871175766,-0.00017004225810524076
0.48290181159973145,0.5092787146568298,-7.82489006923015e-09,0.4811534881591797,0.45154768228530884,0.0006520085735246539,0.49893876910209656,0.4079567790031433,0.00124730181414634,0.5175853371620178,0.38595181703567505,0.002592135686427355,0.5252896547317505,0.3729308545589447,0.004229675512760878,0.5183618664741516,0.41066455841064453,-0.01159160491079092,0.5427619218826294,0.36109429597854614,-0.013668172992765903,0.5511427521705627,0.3376770317554474,-0.01210370659828186,0.5553395748138428,0.32222795486450195,-0.00986839085817337,0.5325461626052856,0.4371449947357178,-0.01235094852745533,0.5560014843940735,0.38253894448280334,-0.012882465496659279,0.5596847534179688,0.3536468744277954,-0.009436258114874363,0.558638334274292,0.3367972671985626,-0.0063253468833863735,0.540095865726471,0.4602360725402832,-0.011979161761701107,0.5515353679656982,0.4161439538002014,-0.010723044164478779,0.5472544431686401,0.3993300497531891,-0.006187349557876587,0.5414057970046997,0.3956150710582733,-0.0027638915926218033,0.5420112013816833,0.47531014680862427,-0.011571444571018219,0.5461879372596741,0.43876510858535767,-0.008535902015864849,0.5415539741516113,0.4245283305644989,-0.003426456591114402,0.5357099771499634,0.42165178060531616,0.0006263506948016584
0.4809615910053253,0.5113747715950012,-7.051246697642455e-09,0.4799395501613617,0.45229220390319824,0.0004078937927260995,0.4988623559474945,0.4088592529296875,0.0009668775019235909,0.5188804268836975,0.38882434368133545,0.0021348248701542616,0.5289911031723022,0.37781792879104614,0.003602715441957116,0.5170369148254395,0.4132852852344513,-0.011598850600421429,0.5416417717933655,0.362367182970047,-0.013953709974884987,0.5499086380004883,0.3387250006198883,-0.012529157102108002,0.5543731451034546,0.3230476677417755,-0.010391813702881336,0.5312415361404419,0.4399110972881317,-0.01259544026106596,0.5549699068069458,0.38495102524757385,-0.013722402974963188,0.5588809251785278,0.3551977872848511,-0.010887335985898972,0.558131217956543,0.337764173746109,-0.00811611209064722,0.5390464663505554,0.4630715847015381,-0.012545072473585606,0.5493248701095581,0.41903167963027954,-0.01212380826473236,0.5440001487731934,0.40457573533058167,-0.008329825475811958,0.5377294421195984,0.40360406041145325,-0.0051724654622375965,0.5411404967308044,0.4779270887374878,-0.012485562823712826,0.544687032699585,0.4419415593147278,-0.010121463797986507,0.5391373634338379,0.4287708103656769,-0.005542222876101732,0.5328838229179382,0.4271446764469147,-0.0017513118218630552
0.4794251322746277,0.5120629072189331,4.809398657101838e-09,0.47874194383621216,0.4524429738521576,-5.71423806832172e-05,0.4978026747703552,0.4097138047218323,0.0003969356475863606,0.517790675163269,0.3898012638092041,0.0014628279022872448,0.5276809334754944,0.3787403702735901,0.002810598583891988,0.5153301358222961,0.4132300317287445,-0.0113814827054739,0.5399948358535767,0.36438846588134766,-0.013967587612569332,0.549061119556427,0.34075698256492615,-0.012948743999004364,0.5540565252304077,0.32418063282966614,-0.01111610233783722,0.5292382836341858,0.44007572531700134,-0.012301469221711159,0.5529220700263977,0.3869543671607971,-0.013859112747013569,0.558042049407959,0.35691192746162415,-0.011793256737291813,0.558083713054657,0.3380119502544403,-0.009576698765158653,0.5370485186576843,0.46355748176574707,-0.01223161444067955,0.5465106964111328,0.4211554527282715,-0.012594155967235565,0.540882408618927,0.4091078042984009,-0.009610146284103394,0.5341357588768005,0.40947285294532776,-0.006792627740651369,0.5394815802574158,0.47855159640312195,-0.012131624855101109,0.5426638126373291,0.4428158402442932,-0.010353119112551212,0.5370028018951416,0.43128639459609985,-0.006137907039374113,0.5305396318435669,0.430675745010376,-0.002496022032573819
0.4770911633968353,0.5107088088989258,3.213432364645996e-08,0.4773551821708679,0.4512713849544525,-0.0005174148245714605,0.4970366358757019,0.4106490910053253,-0.0004706475592684001,0.5179767608642578,0.39640331268310547,3.44489817507565e-05,0.5291981101036072,0.39109838008880615,0.0007339796284213662,0.5135263800621033,0.41447827219963074,-0.01144020352512598,0.5382632613182068,0.36684370040893555,-0.014791770838201046,0.5482434034347534,0.343064546585083,-0.01438194140791893,0.5541480183601379,0.3257148265838623,-0.01292597409337759,0.5272355675697327,0.4411165714263916,-0.012586262077093124,0.5512669086456299,0.3890465497970581,-0.015026270411908627,0.557034432888031,0.35972440242767334,-0.013914116658270359,0.5579957962036133,0.3409685492515564,-0.012153145857155323,0.5350454449653625,0.46504026651382446,-0.012802090495824814,0.5428311824798584,0.425837904214859,-0.014404893852770329,0.535736083984375,0.41752079129219055,-0.012208350002765656,0.5283041596412659,0.4206569790840149,-0.009455322287976742,0.537348747253418,0.4807611107826233,-0.012993348762392998,0.5395617485046387,0.4475342035293579,-0.01190035231411457,0.5330681204795837,0.4388773441314697,-0.007843516767024994,0.5265768766403198,0.4409187436103821,-0.004061022773385048
0.47627654671669006,0.5109039545059204,2.7501922517103594e-08,0.47624900937080383,0.45170530676841736,-0.0005945434095337987,0.4961168169975281,0.41050058603286743,-0.00032630699570290744,0.5168697834014893,0.39553970098495483,0.0005159848369657993,0.5275540947914124,0.3901876211166382,0.0015459355199709535,0.5121495723724365,0.4143398702144623,-0.0112862978130579,0.5369618535041809,0.36799490451812744,-0.014431496150791645,0.5472022891044617,0.3446688652038574,-0.013858184218406677,0.553477942943573,0.327403724193573,-0.012347348965704441,0.5258423089981079,0.44072040915489197,-0.012195383198559284,0.5500396490097046,0.38957735896110535,-0.014632124453783035,0.5553832054138184,0.36042168736457825,-0.013350067660212517,0.5560606122016907,0.3415609896183014,-0.011353232897818089,0.5336885452270508,0.4643036127090454,-0.012170974165201187,0.5416616797447205,0.42544084787368774,-0.013849661685526371,0.5344620943069458,0.41792404651641846,-0.011515403166413307,0.5270012617111206,0.4215609133243561,-0.008547176606953144,0.5362794995307922,0.4799259901046753,-0.012104234658181667,0.5389813184738159,0.4466102123260498,-0.01098032295703888,0.5324013829231262,0.43833231925964355,-0.006834637373685837,0.5258962512016296,0.440572589635849,-0.0029594970401376486
0.4745957553386688,0.510459303855896,2.7217669895662766e-08,0.4749116897583008,0.4525257647037506,-0.001017285045236349,0.4943397045135498,0.4110933542251587,-0.0011387331178411841,0.5144580006599426,0.39087292551994324,-0.00041272706585004926,0.5232357382774353,0.3773917257785797,0.0005422859103418887,0.5113013386726379,0.4157489240169525,-0.012990603223443031,0.53603196144104,0.3692011833190918,-0.01638932339847088,0.5464878678321838,0.3457166254520416,-0.015903538092970848,0.5532659292221069,0.3280547559261322,-0.014546075835824013,0.5243510007858276,0.4435564875602722,-0.013775130733847618,0.5487837195396423,0.392780065536499,-0.016025567427277565,0.5546123385429382,0.36423027515411377,-0.014224909245967865,0.5559176206588745,0.34570086002349854,-0.012201097793877125,0.5315420031547546,0.46806055307388306,-0.013595661148428917,0.5408095121383667,0.42761921882629395,-0.01525790523737669,0.5343798398971558,0.4170434772968292,-0.012213783338665962,0.527360200881958,0.41838890314102173,-0.009060229174792767,0.5337986946105957,0.4841417372226715,-0.01337546855211258,0.5376267433166504,0.4485883116722107,-0.012800580821931362,0.5313724875450134,0.43904152512550354,-0.008525277487933636,0.5248636603355408,0.4407273530960083,-0.004650023765861988
0.47395551204681396,0.5107356309890747,2.2874914407111646e-08,0.4740891456604004,0.45312178134918213,-0.0012556976871564984,0.49381116032600403,0.4116308391094208,-0.0015422767028212547,0.5146015882492065,0.39265820384025574,-0.0008548913756385446,0.5251113772392273,0.38281771540641785,5.9612739278236404e-05,0.5084383487701416,0.41751334071159363,-0.014020823873579502,0.5344132781028748,0.37088310718536377,-0.01755748875439167,0.5452600121498108,0.34742364287376404,-0.016762321814894676,0.552422046661377,0.330039381980896,-0.015167482197284698,0.5219469666481018,0.44449469447135925,-0.014703722670674324,0.5479264259338379,0.3929263651371002,-0.017758378759026527,0.5527715086936951,0.36446940898895264,-0.015778981149196625,0.5529706478118896,0.3465171456336975,-0.013192472979426384,0.529945969581604,0.46790364384651184,-0.014352408237755299,0.5396991968154907,0.4255828559398651,-0.016190597787499428,0.532828688621521,0.4160683751106262,-0.012700457125902176,0.5257917046546936,0.41852274537086487,-0.009027019143104553,0.5329174399375916,0.482884019613266,-0.014008025638759136,0.5362492799758911,0.44664934277534485,-0.013158162124454975,0.5297209620475769,0.4368790090084076,-0.008653727360069752,0.523495614528656,0.43838346004486084,-0.004564549773931503
0.47209152579307556,0.5089747309684753,3.809965321011077e-08,0.47364839911460876,0.45138028264045715,-0.0016571341548115015,0.4932776689529419,0.4104859530925751,-0.0025219067465513945,0.5138832926750183,0.3907901346683502,-0.0024702108930796385,0.5242580771446228,0.3790614604949951,-0.002168224658817053,0.5074369311332703,0.41713348031044006,-0.014283670112490654,0.5323944687843323,0.37198740243911743,-0.018490968272089958,0.5437296628952026,0.34860533475875854,-0.018393592908978462,0.5514624714851379,0.33026552200317383,-0.01733623631298542,0.5205444693565369,0.4444352090358734,-0.015258844941854477,0.5465028285980225,0.3943817615509033,-0.018844004720449448,0.5522863864898682,0.366043359041214,-0.01734134368598461,0.5532833337783813,0.34757837653160095,-0.01514401100575924,0.5281678438186646,0.4683583378791809,-0.015271306037902832,0.5382921099662781,0.427285373210907,-0.018022587522864342,0.5313893556594849,0.41794463992118835,-0.014602025039494038,0.5241705775260925,0.4204736649990082,-0.01079364400357008,0.530669093132019,0.4842483401298523,-0.01530369371175766,0.5348523259162903,0.44836661219596863,-0.0152917904779315,0.5282604098320007,0.43925249576568604,-0.0107047650963068,0.5218302011489868,0.44152528047561646,-0.006399677600711584
0.4705558121204376,0.5094576478004456,1.893744361325389e-08,0.47140538692474365,0.4537024199962616,-0.0031676292419433594,0.4904908239841461,0.41080552339553833,-0.004202921409159899,0.5096364617347717,0.3857259154319763,-0.003877767128869891,0.5191394090652466,0.3664547801017761,-0.003192528383806348,0.5066030621528625,0.4208906292915344,-0.014953596517443657,0.5309720635414124,0.3722834885120392,-0.01940211094915867,0.5424522161483765,0.347779244184494,-0.01954338327050209,0.5502991080284119,0.32901740074157715,-0.01865178719162941,0.5200060606002808,0.4473578631877899,-0.014924672432243824,0.5455377697944641,0.3951919376850128,-0.019210781902074814,0.5497126579284668,0.36610543727874756,-0.018067041411995888,0.5491886138916016,0.3473454415798187,-0.01585467718541622,0.5275585055351257,0.469251811504364,-0.014043289236724377,0.5383183360099792,0.42497915029525757,-0.01744537241756916,0.532005786895752,0.4134097993373871,-0.014468681067228317,0.5251427292823792,0.41444066166877747,-0.010828472673892975,0.5298029184341431,0.48280733823776245,-0.01324713509529829,0.5330324769020081,0.44528457522392273,-0.014322028495371342,0.526406466960907,0.4346868693828583,-0.010632447898387909,0.5198797583580017,0.4359092712402344,-0.006765425670892
0.46964702010154724,0.5103064179420471,1.3249288777217316e-08,0.46932148933410645,0.45352891087532043,-0.0032849558629095554,0.48771825432777405,0.4103681743144989,-0.00437950249761343,0.5076568722724915,0.38604381680488586,-0.004230760969221592,0.5178282856941223,0.36682188510894775,-0.003698749467730522,0.5049909353256226,0.4201771020889282,-0.014297553338110447,0.5290769934654236,0.37214040756225586,-0.01903107576072216,0.5407445430755615,0.34792786836624146,-0.019424576312303543,0.5489697456359863,0.3293602466583252,-0.018711915239691734,0.5188025832176208,0.4463942050933838,-0.014475508593022823,0.544593095779419,0.3943471908569336,-0.019263580441474915,0.5485492944717407,0.3653867542743683,-0.01844814047217369,0.5480607748031616,0.34680426120758057,-0.01630825735628605,0.5265876650810242,0.46793538331985474,-0.013897313736379147,0.5369793176651001,0.42382189631462097,-0.018119079992175102,0.530051589012146,0.4139569103717804,-0.0154569735750556,0.5229486227035522,0.4164862632751465,-0.011760302819311619,0.5289101004600525,0.4812474548816681,-0.013413546606898308,0.5319915413856506,0.44405895471572876,-0.015089982189238071,0.5252156257629395,0.43490633368492126,-0.011618135496973991,0.5187620520591736,0.4371030926704407,-0.007759670726954937
0.4683886766433716,0.5114823579788208,2.985004243782896e-08,0.46829041838645935,0.45355772972106934,-0.00314813363365829,0.48692598938941956,0.4104354679584503,-0.004384436644613743,0.5072817206382751,0.386355996131897,-0.004417638294398785,0.5177331566810608,0.3681614100933075,-0.003995525185018778,0.5028843879699707,0.4196365773677826,-0.014601537026464939,0.5274481177330017,0.3719799220561981,-0.01884089969098568,0.53926020860672,0.3483958840370178,-0.01883811689913273,0.5480361580848694,0.3302493095397949,-0.017985699698328972,0.5165684819221497,0.44641098380088806,-0.01480218768119812,0.5419456958770752,0.39459478855133057,-0.01903383433818817,0.5481052398681641,0.365228533744812,-0.018190883100032806,0.5500034093856812,0.3460081219673157,-0.016464583575725555,0.5246307253837585,0.46893349289894104,-0.01415503490716219,0.5353245735168457,0.4250282645225525,-0.018019048497080803,0.5281531810760498,0.41501566767692566,-0.01532488502562046,0.520684003829956,0.4174021780490875,-0.011823845095932484,0.5275740623474121,0.48311159014701843,-0.013575457036495209,0.5311285853385925,0.4449359178543091,-0.015081360936164856,0.524556577205658,0.43522772192955017,-0.01158155407756567,0.517995297908783,0.43726006150245667,-0.007816181518137455
0.4668485224246979,0.5104554891586304,3.4007843652261727e-08,0.4679837226867676,0.4538056254386902,-0.002857851330190897,0.4868309795856476,0.41165846586227417,-0.004264640621840954,0.5059992074966431,0.3856833279132843,-0.004413190297782421,0.5133113861083984,0.3632358908653259,-0.004175901412963867,0.5016717910766602,0.4205031991004944,-0.015378134325146675,0.5261306762695312,0.37391239404678345,-0.01965884305536747,0.5381153225898743,0.35010483860969543,-0.019794989377260208,0.5472496151924133,0.3316553831100464,-0.01919812522828579,0.514682412147522,0.44821012020111084,-0.01580609753727913,0.5399824976921082,0.3979864716529846,-0.019560998305678368,0.54579758644104,0.36862272024154663,-0.018214231356978416,0.5477462410926819,0.3493354618549347,-0.016546882688999176,0.5222862362861633,0.47151634097099304,-0.015318145044147968,0.534592866897583,0.4280620813369751,-0.01872619427740574,0.528079092502594,0.4161694645881653,-0.015428128652274609,0.5210126042366028,0.41746577620506287,-0.011929591186344624,0.5251567959785461,0.4862138032913208,-0.014886193908751011,0.5300005674362183,0.4481615722179413,-0.01620021089911461,0.5232154726982117,0.4375975430011749,-0.012439725920557976,0.5165339112281799,0.43947315216064453,-0.008783436380326748
0.4658054709434509,0.5113698244094849,2.974848634096361e-08,0.4661923050880432,0.45486220717430115,-0.0031945095397531986,0.48505717515945435,0.4119190275669098,-0.004409122746437788,0.5045258402824402,0.3857899308204651,-0.0041710990481078625,0.513725757598877,0.363582968711853,-0.0035753364209085703,0.5002052187919617,0.4227795898914337,-0.015310820192098618,0.5246044397354126,0.3740532398223877,-0.019563697278499603,0.537018895149231,0.35004404187202454,-0.019789328798651695,0.5462599396705627,0.33180874586105347,-0.01920889876782894,0.5137860178947449,0.44964122772216797,-0.015337792225182056,0.5402243733406067,0.3990943133831024,-0.019410934299230576,0.544446587562561,0.3709450364112854,-0.01815865747630596,0.5440722107887268,0.35337409377098083,-0.016042642295360565,0.5216861963272095,0.47205522656440735,-0.0144476518034935,0.5341078042984009,0.42875146865844727,-0.01726086437702179,0.5274466872215271,0.4159860908985138,-0.013829913921654224,0.5201204419136047,0.4163298010826111,-0.010174027644097805,0.5244106650352478,0.4859936833381653,-0.013697636313736439,0.5281543135643005,0.4497561752796173,-0.014452957548201084,0.5213843584060669,0.4382750988006592,-0.01064927875995636,0.5145811438560486,0.4390346109867096,-0.006867985241115093
0.46445757150650024,0.5111571550369263,2.292119916091906e-08,0.46497994661331177,0.4542362689971924,-0.0029849540442228317,0.484030157327652,0.41102373600006104,-0.004094093106687069,0.5036255717277527,0.38478684425354004,-0.003739727661013603,0.5130202174186707,0.3624139428138733,-0.003052483079954982,0.4986218810081482,0.4213152229785919,-0.0152492206543684,0.5231706500053406,0.3732258081436157,-0.019335085526108742,0.5357517600059509,0.3495675325393677,-0.01943023130297661,0.5453166365623474,0.33171147108078003,-0.018788959830999374,0.5122263431549072,0.4486703872680664,-0.015270992182195187,0.5388518571853638,0.39808589220046997,-0.019056839868426323,0.5429427623748779,0.37003234028816223,-0.01757694035768509,0.5427696108818054,0.35288816690444946,-0.015387511812150478,0.5202551484107971,0.471390962600708,-0.014346105046570301,0.5334545373916626,0.426914781332016,-0.016895418986678123,0.5268984436988831,0.41337403655052185,-0.013249445706605911,0.519676685333252,0.41352352499961853,-0.009540210478007793,0.5232202410697937,0.4854552149772644,-0.013538931496441364,0.5276786684989929,0.44785627722740173,-0.01408432237803936,0.521109402179718,0.43590858578681946,-0.01019497774541378,0.5144038200378418,0.43655842542648315,-0.006431739777326584
0.4634886085987091,0.511308491230011,3.265427039877977e-08,0.4636213779449463,0.4538003206253052,-0.003257604781538248,0.4828038811683655,0.40973803400993347,-0.004537046886980534,0.502792239189148,0.3818044066429138,-0.004219193942844868,0.5119480490684509,0.3567317724227905,-0.003555578412488103,0.4972963333129883,0.41992053389549255,-0.015762049704790115,0.522189199924469,0.37275904417037964,-0.01945897750556469,0.5348437428474426,0.3493277430534363,-0.019306743517518044,0.5445753335952759,0.331195205450058,-0.01863793097436428,0.5105985999107361,0.4475906193256378,-0.015604392625391483,0.5370556116104126,0.39754489064216614,-0.018440313637256622,0.5424190163612366,0.3685871362686157,-0.01648491621017456,0.5436106324195862,0.349945068359375,-0.014501775614917278,0.5184667706489563,0.4708682596683502,-0.014526447281241417,0.5334397554397583,0.4267946779727936,-0.016611408442258835,0.5282219648361206,0.410843163728714,-0.012871736660599709,0.5217385292053223,0.4084738492965698,-0.009516877122223377,0.5216390490531921,0.4856065511703491,-0.013572351075708866,0.5270784497261047,0.4473855793476105,-0.01427449844777584,0.5207693576812744,0.4342288672924042,-0.010574525222182274,0.514000654220581,0.4339236319065094,-0.007128383498638868
0.463381826877594,0.5107921957969666,3.526551850541182e-08,0.4637412428855896,0.45293325185775757,-0.003306675935164094,0.4835197329521179,0.40810155868530273,-0.004458158276975155,0.5041700005531311,0.38188374042510986,-0.003940865397453308,0.5153239965438843,0.3588631749153137,-0.0030985858757048845,0.49690404534339905,0.4199601411819458,-0.016395140439271927,0.5214227437973022,0.37200677394866943,-0.01979178376495838,0.5334539413452148,0.3482276499271393,-0.019275231286883354,0.5428134799003601,0.3298480212688446,-0.018348485231399536,0.5102629661560059,0.44777804613113403,-0.016079271212220192,0.5362544655799866,0.39664387702941895,-0.01838786154985428,0.5416761040687561,0.3669445812702179,-0.01599486730992794,0.5427078008651733,0.3480747640132904,-0.013852482661604881,0.5182139277458191,0.47113943099975586,-0.014830067753791809,0.5334269404411316,0.42615655064582825,-0.01662374660372734,0.5281065106391907,0.40989235043525696,-0.012768504209816456,0.5214071869850159,0.4072684347629547,-0.009445922449231148,0.5213597416877747,0.4859086871147156,-0.013693888671696186,0.5266048312187195,0.44774189591407776,-0.014337209984660149,0.5200050473213196,0.4342555105686188,-0.010631981305778027,0.5131101608276367,0.43384572863578796,-0.007213887758553028
0.4632188081741333,0.5117049217224121,3.3004116772872294e-08,0.4633435606956482,0.45278310775756836,-0.00299308099783957,0.48279237747192383,0.40813782811164856,-0.004369135946035385,0.5041483044624329,0.3827042579650879,-0.004007524345070124,0.516186535358429,0.36153554916381836,-0.0033639236353337765,0.49548980593681335,0.4207979738712311,-0.017426295205950737,0.5207116603851318,0.37163081765174866,-0.020706990733742714,0.5329002737998962,0.34786152839660645,-0.020027289167046547,0.5423005223274231,0.3294215798377991,-0.01902322843670845,0.5092675685882568,0.44872620701789856,-0.01711290329694748,0.5358859896659851,0.39712971448898315,-0.018763473257422447,0.5412177443504333,0.36745351552963257,-0.01571439392864704,0.5418217778205872,0.3485931158065796,-0.013330002315342426,0.5174716711044312,0.47212517261505127,-0.01575617305934429,0.5339412093162537,0.4260115325450897,-0.016263939440250397,0.5297756791114807,0.40788906812667847,-0.011627805419266224,0.5236251354217529,0.40393558144569397,-0.008281413465738297,0.5207555890083313,0.4869111478328705,-0.014553490094840527,0.5265140533447266,0.44762787222862244,-0.014394526369869709,0.5204808712005615,0.4325543940067291,-0.010312067344784737,0.5137596726417542,0.4308374226093292,-0.006870780140161514
0.463032066822052,0.5139654874801636,3.087077260488513e-08,0.46291232109069824,0.4543727934360504,-0.003264498431235552,0.4826929569244385,0.4080204367637634,-0.004636238794773817,0.5043708086013794,0.380440354347229,-0.004059591796249151,0.5168678760528564,0.35803496837615967,-0.0030952319502830505,0.49436673521995544,0.4221828281879425,-0.017913831397891045,0.5199985504150391,0.3728809058666229,-0.020668422803282738,0.5317767262458801,0.34873712062835693,-0.019404133781790733,0.5408370494842529,0.33015403151512146,-0.018050523474812508,0.5081936120986938,0.45059388875961304,-0.01724579930305481,0.5349383354187012,0.3980525732040405,-0.018287884071469307,0.5408943891525269,0.3684338927268982,-0.014925219118595123,0.5421019792556763,0.34961071610450745,-0.0126041229814291,0.5167091488838196,0.4739234447479248,-0.015487139113247395,0.5348034501075745,0.4254930019378662,-0.01553479116410017,0.5325697064399719,0.40416157245635986,-0.01095853466540575,0.5276087522506714,0.3970573842525482,-0.008050363510847092,0.5203934907913208,0.48821139335632324,-0.01385904848575592,0.5265258550643921,0.44705861806869507,-0.013642773032188416,0.5213769674301147,0.4296990931034088,-0.009867511689662933,0.5154085159301758,0.42539453506469727,-0.00686250813305378
0.4624384045600891,0.5152729749679565,3.2409669614708037e-08,0.4618731737136841,0.4559144377708435,-0.003060630289837718,0.4814910888671875,0.40944868326187134,-0.004282650072127581,0.5030407309532166,0.38054168224334717,-0.003625666256994009,0.5156352519989014,0.35663771629333496,-0.002518273890018463,0.4940890669822693,0.4229346513748169,-0.016983341425657272,0.5194090604782104,0.37316474318504333,-0.019593089818954468,0.5310409069061279,0.3492222726345062,-0.01818954572081566,0.5400217771530151,0.3309643268585205,-0.016665728762745857,0.5078619718551636,0.4510200619697571,-0.016464559361338615,0.5342453718185425,0.398438423871994,-0.017528580501675606,0.540332019329071,0.368753582239151,-0.014238428324460983,0.5420421361923218,0.3492796719074249,-0.011856742203235626,0.5162330865859985,0.4742599427700043,-0.014884538017213345,0.5340429544448853,0.42628777027130127,-0.01511889323592186,0.5317225456237793,0.40473654866218567,-0.010574649088084698,0.5272377729415894,0.39639347791671753,-0.007546329405158758,0.5197553634643555,0.4890744090080261,-0.013386229053139687,0.5262757539749146,0.4484557509422302,-0.013090281747281551,0.5211855173110962,0.4307979643344879,-0.009046598337590694,0.5153375267982483,0.4256664216518402,-0.005763405933976173
0.4616115093231201,0.5166082382202148,3.694315253710556e-08,0.460965096950531,0.4579257667064667,-0.0031155813485383987,0.48011118173599243,0.4112231433391571,-0.004604959394782782,0.5018512606620789,0.3819364607334137,-0.004270042758435011,0.5146121978759766,0.3578314781188965,-0.0035634839441627264,0.4917367100715637,0.42432573437690735,-0.017748083919286728,0.5177818536758423,0.3741210103034973,-0.020951520651578903,0.5299282073974609,0.3496212959289551,-0.01973799243569374,0.5389738082885742,0.33103495836257935,-0.018207695335149765,0.506076991558075,0.45191875100135803,-0.017419591546058655,0.5337260961532593,0.3985980749130249,-0.019126873463392258,0.5400717258453369,0.3684495687484741,-0.016051217913627625,0.5413583517074585,0.3492717146873474,-0.013592824339866638,0.5150826573371887,0.4749930500984192,-0.01599213294684887,0.5334846377372742,0.4264299273490906,-0.01675594411790371,0.5306602716445923,0.4057587683200836,-0.012243436649441719,0.5255769491195679,0.39888089895248413,-0.009024078957736492,0.5191252827644348,0.4898548126220703,-0.014630952849984169,0.525465726852417,0.4488709270954132,-0.014825697056949139,0.520180344581604,0.43148139119148254,-0.010902728885412216,0.514259934425354,0.42692655324935913,-0.007533261552453041
0.46073517203330994,0.5191020965576172,4.247345941621461e-08,0.46026843786239624,0.4601459801197052,-0.004090192262083292,0.4804183840751648,0.41165319085121155,-0.005078671500086784,0.5020102858543396,0.3805781900882721,-0.003968097269535065,0.5139210224151611,0.3547510504722595,-0.002325289649888873,0.4916935861110687,0.42517033219337463,-0.01659032329916954,0.5172613263130188,0.37494975328445435,-0.018878845497965813,0.529408872127533,0.35024186968803406,-0.017444368451833725,0.5385035276412964,0.3311631977558136,-0.015938272699713707,0.5058590173721313,0.4533252418041229,-0.015239829197525978,0.5319953560829163,0.40104907751083374,-0.015959201380610466,0.539785623550415,0.37048840522766113,-0.013328160159289837,0.542599618434906,0.34940335154533386,-0.011637380346655846,0.5149128437042236,0.4764031171798706,-0.012976511381566525,0.5328901410102844,0.42717796564102173,-0.01374067459255457,0.532179057598114,0.4043925404548645,-0.01087102759629488,0.5282049179077148,0.3948332965373993,-0.008954630233347416,0.5191747546195984,0.49062401056289673,-0.01076137088239193,0.5254770517349243,0.448653906583786,-0.011708586476743221,0.5207474231719971,0.42948997020721436,-0.009320460259914398,0.5149478912353516,0.42293214797973633,-0.007129116915166378
0.46066275238990784,0.5190936923027039,4.642907924790052e-08,0.4595538079738617,0.46060624718666077,-0.004554038867354393,0.4797637164592743,0.4125235378742218,-0.005603831261396408,0.5018941164016724,0.3822789788246155,-0.004388626664876938,0.5130987167358398,0.35491716861724854,-0.002644500695168972,0.49160611629486084,0.4268598258495331,-0.017100080847740173,0.516886830329895,0.3757971525192261,-0.01949220336973667,0.5292099118232727,0.35010895133018494,-0.018291937187314034,0.5383812785148621,0.3301212787628174,-0.016990501433610916,0.505827784538269,0.4544505476951599,-0.01550192479044199,0.5315221548080444,0.4013747274875641,-0.01631002686917782,0.5396567583084106,0.3708702325820923,-0.01377822645008564,0.5428800582885742,0.3497064709663391,-0.012232988141477108,0.5149738788604736,0.4770576059818268,-0.01302224863320589,0.5332571268081665,0.42836084961891174,-0.014016669243574142,0.5327060222625732,0.4066944718360901,-0.011322359554469585,0.5286434292793274,0.39759373664855957,-0.009524963796138763,0.5194221138954163,0.4912060797214508,-0.010618241503834724,0.5260348320007324,0.44986748695373535,-0.01189476903527975,0.5211610794067383,0.43118974566459656,-0.009705247357487679,0.515132486820221,0.4244433045387268,-0.007648680824786425
0.46163687109947205,0.5210239887237549,4.0607396556424646e-08,0.4597882032394409,0.4628995358943939,-0.004729794804006815,0.4797542691230774,0.41415563225746155,-0.0063218832947313786,0.5021800994873047,0.38158491253852844,-0.00568015780299902,0.5134795308113098,0.35173511505126953,-0.004663513973355293,0.4910169243812561,0.4280567169189453,-0.01802961900830269,0.5162790417671204,0.377315491437912,-0.021456565707921982,0.5292794704437256,0.3514803647994995,-0.020956721156835556,0.5390555262565613,0.33161500096321106,-0.020061742514371872,0.5056449770927429,0.4554915130138397,-0.016720127314329147,0.5316609144210815,0.40145283937454224,-0.018230542540550232,0.5394446849822998,0.3710289001464844,-0.015905695036053658,0.5424332022666931,0.350869357585907,-0.014431124553084373,0.5152551531791687,0.4780132472515106,-0.014546225778758526,0.5347676277160645,0.42762893438339233,-0.016040097922086716,0.5349647402763367,0.40233534574508667,-0.0133332759141922,0.531691312789917,0.3905273675918579,-0.011587914079427719,0.5200713276863098,0.49212419986724854,-0.012464511208236217,0.5271059274673462,0.4495968222618103,-0.014075075276196003,0.5225443243980408,0.42974361777305603,-0.011926732026040554,0.5169302225112915,0.4223381578922272,-0.009931878186762333
0.4629616141319275,0.5216132998466492,4.345619686318969e-08,0.4607684314250946,0.46278464794158936,-0.004189808387309313,0.4801565110683441,0.41411158442497253,-0.005577140022069216,0.5025433301925659,0.3831855058670044,-0.004809720441699028,0.5145410299301147,0.356568843126297,-0.003697852836921811,0.49181753396987915,0.4291858375072479,-0.017864525318145752,0.5172845721244812,0.3774331212043762,-0.021027063950896263,0.5301826596260071,0.35135042667388916,-0.02012949250638485,0.5397564172744751,0.33205679059028625,-0.018866615369915962,0.5067077279090881,0.4568612575531006,-0.016716279089450836,0.5323989391326904,0.4014703929424286,-0.017975404858589172,0.540290892124176,0.37151849269866943,-0.015335362404584885,0.543452799320221,0.35256072878837585,-0.013554067350924015,0.5165521502494812,0.4793418049812317,-0.014640549197793007,0.5358109474182129,0.4277324676513672,-0.015860700979828835,0.5358690619468689,0.4020311236381531,-0.012877114117145538,0.5326987504959106,0.390107661485672,-0.01089668832719326,0.5215896964073181,0.49342960119247437,-0.012595121748745441,0.5283206701278687,0.45001983642578125,-0.013977104797959328,0.5236676335334778,0.42987585067749023,-0.011493486352264881,0.5181598663330078,0.42242223024368286,-0.009193604812026024
0.4640287160873413,0.5228347182273865,4.641962192408755e-08,0.4616379141807556,0.46440720558166504,-0.0045399111695587635,0.4807927906513214,0.41606250405311584,-0.0062978011555969715,0.5028319358825684,0.38395145535469055,-0.005850678309798241,0.514000415802002,0.35523685812950134,-0.005049829371273518,0.49281367659568787,0.43131643533706665,-0.019003188237547874,0.5188007354736328,0.37944158911705017,-0.02268190123140812,0.5317600965499878,0.35268476605415344,-0.02203466184437275,0.5411826372146606,0.3329229950904846,-0.020836208015680313,0.5078522562980652,0.4590018689632416,-0.017760397866368294,0.5335100293159485,0.403079092502594,-0.01948981173336506,0.5417619943618774,0.3723255693912506,-0.01705927774310112,0.5454540252685547,0.3525238335132599,-0.015360414981842041,0.5179461240768433,0.48172590136528015,-0.015523665584623814,0.5364352464675903,0.4302058815956116,-0.016960836946964264,0.5359199047088623,0.405303031206131,-0.013703735545277596,0.5323905348777771,0.3944252133369446,-0.011395604349672794,0.5232462882995605,0.4958692491054535,-0.01333992276340723,0.5300198197364807,0.45204681158065796,-0.014714999124407768,0.5252294540405273,0.4325607120990753,-0.011860811151564121,0.5195572972297668,0.4262731075286865,-0.00918140821158886
0.4652455151081085,0.5243946313858032,5.45942491214646e-08,0.46304604411125183,0.46540310978889465,-0.0047719539143145084,0.4819106459617615,0.41853830218315125,-0.006975354626774788,0.5037866830825806,0.3871798813343048,-0.0071807559579610825,0.5148553252220154,0.3583735227584839,-0.007008307613432407,0.494279146194458,0.4322667121887207,-0.01909065432846546,0.5200240015983582,0.38098323345184326,-0.023774152621626854,0.5330190658569336,0.3542492389678955,-0.024054817855358124,0.5426549911499023,0.3343641757965088,-0.023474786430597305,0.5094031095504761,0.46024778485298157,-0.018315423280000687,0.5347433686256409,0.4059567153453827,-0.02151893451809883,0.5429712533950806,0.37463128566741943,-0.0201011560857296,0.547042965888977,0.3539009690284729,-0.01890658773481846,0.5194198489189148,0.48372653126716614,-0.016588671132922173,0.5364025235176086,0.43387922644615173,-0.0192862618714571,0.5333375930786133,0.41279417276382446,-0.015901638194918633,0.5280200242996216,0.40563085675239563,-0.013063732534646988,0.5245603322982788,0.49840956926345825,-0.014984223991632462,0.5310671329498291,0.4551275074481964,-0.016982248052954674,0.5254831910133362,0.4378994107246399,-0.01372056920081377,0.5191589593887329,0.4343273639678955,-0.01047954335808754
0.4670329689979553,0.5296099781990051,6.543817931969897e-08,0.4651890993118286,0.4693979024887085,-0.003112243488430977,0.48403841257095337,0.4279804229736328,-0.005408226512372494,0.5074312090873718,0.41106167435646057,-0.006289010401815176,0.5210256576538086,0.4012277126312256,-0.007035606540739536,0.495821475982666,0.435843288898468,-0.018133271485567093,0.5222642421722412,0.38581424951553345,-0.02260717563331127,0.5359176397323608,0.35958316922187805,-0.02271971106529236,0.5458687543869019,0.3400050699710846,-0.022030677646398544,0.5111142992973328,0.46478408575057983,-0.018353253602981567,0.5365312099456787,0.4117943048477173,-0.021995844319462776,0.5450646281242371,0.3798102140426636,-0.020991124212741852,0.549124002456665,0.3589491546154022,-0.019837521016597748,0.5216071605682373,0.48929083347320557,-0.017440028488636017,0.5383520126342773,0.4396030008792877,-0.02071748673915863,0.5331653952598572,0.4225749969482422,-0.017746543511748314,0.525982141494751,0.42019349336624146,-0.01468658447265625,0.5272848606109619,0.5045122504234314,-0.016484005376696587,0.5331743955612183,0.45976537466049194,-0.01861710473895073,0.5267155766487122,0.4439260959625244,-0.015332204289734364,0.5200441479682922,0.4424975514411926,-0.011811510659754276
0.4697151482105255,0.5416577458381653,6.378149208785544e-08,0.46733736991882324,0.4824482798576355,-0.003090365557000041,0.4861856698989868,0.4387328028678894,-0.005570795387029648,0.5096552968025208,0.41757363080978394,-0.006779874674975872,0.522321343421936,0.4033478796482086,-0.007912078872323036,0.4963456094264984,0.44597095251083374,-0.019047334790229797,0.5245513319969177,0.39567339420318604,-0.024616511538624763,0.5396745800971985,0.3694889545440674,-0.025097280740737915,0.5502472519874573,0.3501908481121063,-0.024413930252194405,0.5119788646697998,0.4755439758300781,-0.019755231216549873,0.5396316647529602,0.42193353176116943,-0.024727335199713707,0.5479058027267456,0.38963595032691956,-0.02395445853471756,0.5510966181755066,0.3685963749885559,-0.022636255249381065,0.5230785012245178,0.5008338689804077,-0.019330540671944618,0.5423592925071716,0.44931161403656006,-0.024038875475525856,0.5370177030563354,0.43220895528793335,-0.021167054772377014,0.5293705463409424,0.4303673207759857,-0.01774704083800316,0.5296992659568787,0.5168433785438538,-0.01876494102180004,0.5380198955535889,0.4694969654083252,-0.021635722368955612,0.5317517518997192,0.45416462421417236,-0.018325217068195343,0.524860143661499,0.45345360040664673,-0.014593842439353466
0.4716692566871643,0.5627211332321167,7.669061830029023e-08,0.4701746106147766,0.5027444362640381,-0.0046143545769155025,0.4912077486515045,0.4595319628715515,-0.008019656874239445,0.5174704790115356,0.445794939994812,-0.010183515958487988,0.5343905091285706,0.44584813714027405,-0.012020682916045189,0.49866124987602234,0.4678107798099518,-0.018556460738182068,0.5286648273468018,0.4163375794887543,-0.025032484903931618,0.5454760789871216,0.38934311270713806,-0.026864271610975266,0.5574896931648254,0.3702836036682129,-0.027137676253914833,0.5137147307395935,0.4995320439338684,-0.01905958168208599,0.5425541400909424,0.44510024785995483,-0.024408511817455292,0.5525288581848145,0.4122256636619568,-0.02475898340344429,0.5570838451385498,0.39066240191459656,-0.0242985300719738,0.5246601104736328,0.5247775912284851,-0.01875315234065056,0.5481059551239014,0.46942833065986633,-0.022936619818210602,0.5493327975273132,0.4403461217880249,-0.020526960492134094,0.5466110110282898,0.4261770248413086,-0.017871471121907234,0.5315902233123779,0.539765477180481,-0.018598483875393867,0.5440717339515686,0.4891388416290283,-0.021228859201073647,0.5423465371131897,0.462842732667923,-0.01821599341928959,0.5386807918548584,0.45058292150497437,-0.014935571700334549
0.4726449251174927,0.5924662947654724,1.2213962463647476e-07,0.47198596596717834,0.5345282554626465,-0.007173152174800634,0.49305209517478943,0.4862840473651886,-0.01213605236262083,0.5194633603096008,0.46658480167388916,-0.01523593720048666,0.5382028818130493,0.4640331268310547,-0.018061934038996696,0.49731045961380005,0.49772751331329346,-0.024930240586400032,0.5337494611740112,0.4500977098941803,-0.0334673635661602,0.5541155934333801,0.4250936508178711,-0.036262188106775284,0.5689556002616882,0.40683266520500183,-0.03704512491822243,0.5112763047218323,0.5324750542640686,-0.02504711039364338,0.5459690093994141,0.47967609763145447,-0.03219391778111458,0.5615164041519165,0.4483262896537781,-0.033499378710985184,0.5713616609573364,0.4256785213947296,-0.03397427499294281,0.5228279232978821,0.5599548816680908,-0.024240493774414062,0.5524615049362183,0.505075216293335,-0.029526982456445694,0.5603452920913696,0.4722077250480652,-0.028219887986779213,0.5633053779602051,0.45034363865852356,-0.026821525767445564,0.5317779779434204,0.5765105485916138,-0.02373560331761837,0.5488649606704712,0.5255100727081299,-0.027334164828062057,0.5511330962181091,0.49510446190834045,-0.025159968063235283,0.5506475567817688,0.47601452469825745,-0.022817062214016914
0.4731602668762207,0.6329184770584106,2.150052722527107e-07,0.4747990667819977,0.5764986872673035,-0.00990813598036766,0.4982585906982422,0.5313910245895386,-0.01873128116130829,0.5286201238632202,0.5177004933357239,-0.02490374818444252,0.5518173575401306,0.5136614441871643,-0.03085319697856903,0.49572139978408813,0.5308179259300232,-0.034922510385513306,0.5392075777053833,0.49394693970680237,-0.04727698862552643,0.5644431710243225,0.47375789284706116,-0.05198441073298454,0.583253026008606,0.45683860778808594,-0.0535651296377182,0.5048481822013855,0.5677291750907898,-0.03510170802474022,0.5482277870178223,0.5199891328811646,-0.04518192633986473,0.5717795491218567,0.49325764179229736,-0.04712332412600517,0.5895774960517883,0.47179070115089417,-0.04785189777612686,0.5148589611053467,0.6018707752227783,-0.03410951420664787,0.5536201000213623,0.5527179837226868,-0.04084965959191322,0.573060154914856,0.5219448804855347,-0.03849458694458008,0.5862582921981812,0.49831655621528625,-0.0362980030477047,0.5241940021514893,0.628016471862793,-0.03357166796922684,0.551998496055603,0.5808297395706177,-0.03718331456184387,0.5636709928512573,0.5526918768882751,-0.033528391271829605,0.5712462067604065,0.5321481823921204,-0.030066153034567833
