0,1,2,3,4,5,6,7,8,9,10,11,12,13,14,15,16,17,18,19,20,21,22,23,24,25,26,27,28,29,30,31,32,33,34,35,36,37,38,39,40,41,42,43,44,45,46,47,48,49,50,51,52,53,54,55,56,57,58,59,60,61,62
0.44596171379089355,1.0116498470306396,1.5537713693447586e-07,0.4354051649570465,0.9231465458869934,-0.016467517241835594,0.4626564383506775,0.8454010486602783,-0.024910496547818184,0.501125693321228,0.7962731122970581,-0.028284244239330292,0.5248802304267883,0.748002827167511,-0.030120141804218292,0.4980299770832062,0.8790344595909119,-0.03995369374752045,0.5523924231529236,0.79685378074646,-0.048379648476839066,0.5781071782112122,0.7514111399650574,-0.04802709072828293,0.5935503244400024,0.7156977653503418,-0.045333825051784515,0.5231613516807556,0.9253472685813904,-0.034037996083498,0.5777384638786316,0.8373798131942749,-0.038903940469026566,0.5946226716041565,0.7815978527069092,-0.03463089093565941,0.5998551845550537,0.7384297251701355,-0.03034992888569832,0.5386231541633606,0.9600473642349243,-0.02707594819366932,0.5809463262557983,0.87451171875,-0.029856810346245766,0.5891985297203064,0.8247051239013672,-0.022734466940164566,0.588786780834198,0.7937379479408264,-0.016422970220446587,0.5456228256225586,0.9806516170501709,-0.020990710705518723,0.5701812505722046,0.9081578254699707,-0.022739805281162262,0.5725744962692261,0.8611659407615662,-0.016514746472239494,0.5681982636451721,0.8318204879760742,-0.009933619759976864
0.45286986231803894,1.0023677349090576,2.123276061638535e-07,0.43511897325515747,0.9091368913650513,-0.019413037225604057,0.45797356963157654,0.8276320695877075,-0.028113601729273796,0.4945526719093323,0.7793548107147217,-0.030958442017436028,0.5165618062019348,0.7305126786231995,-0.031358107924461365,0.5026167631149292,0.8482239246368408,-0.040529027581214905,0.5558794736862183,0.7631644606590271,-0.04891106113791466,0.5792424082756042,0.717065691947937,-0.04902324080467224,0.5940382480621338,0.6833655834197998,-0.04673776030540466,0.5290747880935669,0.8923823833465576,-0.032234229147434235,0.5837180614471436,0.810512125492096,-0.039123401045799255,0.600892186164856,0.7517213821411133,-0.03623468428850174,0.6075392365455627,0.7095643281936646,-0.03190743550658226,0.5435298085212708,0.9265692830085754,-0.02306608110666275,0.5698463916778564,0.8454515337944031,-0.028092188760638237,0.5583059787750244,0.8114970326423645,-0.021597908809781075,0.5447167754173279,0.7985332608222961,-0.013991964049637318,0.5491161346435547,0.9465158581733704,-0.014924767427146435,0.5627798438072205,0.8784295320510864,-0.017869869247078896,0.5555434823036194,0.8459784388542175,-0.011631710454821587,0.5452666878700256,0.8315830826759338,-0.0040451111271977425
0.4540324807167053,0.9935966730117798,2.459868255755282e-07,0.4352777600288391,0.8986270427703857,-0.01596073992550373,0.45685553550720215,0.814681887626648,-0.023283664137125015,0.49260425567626953,0.7631801962852478,-0.025303689762949944,0.5146056413650513,0.7150765061378479,-0.02510455623269081,0.5035593509674072,0.8265653252601624,-0.03745962306857109,0.5558318495750427,0.742948055267334,-0.04406694695353508,0.577827513217926,0.698742687702179,-0.042951446026563644,0.591935396194458,0.6671590805053711,-0.03973589465022087,0.529948890209198,0.8698461055755615,-0.029745373874902725,0.5832490921020508,0.7845362424850464,-0.03330669179558754,0.5998977422714233,0.7279170155525208,-0.028724972158670425,0.606499195098877,0.6924424171447754,-0.023877408355474472,0.5438977479934692,0.9065393805503845,-0.02084328792989254,0.5669795870780945,0.8295171856880188,-0.021765893325209618,0.5537921190261841,0.7988932728767395,-0.014234591275453568,0.5390980243682861,0.7919922471046448,-0.007021906320005655,0.5483756065368652,0.9308961629867554,-0.012875535525381565,0.5578848719596863,0.8675792217254639,-0.012285194359719753,0.54794842004776,0.8388868570327759,-0.005119234323501587,0.5359956622123718,0.8287770748138428,0.0024318282958120108
0.45536142587661743,0.9919310212135315,2.1524343196688278e-07,0.4336795508861542,0.8936982750892639,-0.013079909607768059,0.455185204744339,0.8032432198524475,-0.0156661756336689,0.4931911826133728,0.7490069270133972,-0.013573864474892616,0.5140315890312195,0.7004010677337646,-0.009283388033509254,0.5075191855430603,0.8080883026123047,-0.02404908277094364,0.556637704372406,0.7274948954582214,-0.02407650277018547,0.577663004398346,0.6839884519577026,-0.020068814978003502,0.5917102694511414,0.652513861656189,-0.015568777918815613,0.5316591858863831,0.853019118309021,-0.015777571126818657,0.5783361792564392,0.766106903553009,-0.012870199047029018,0.5920053124427795,0.7104538679122925,-0.007394042797386646,0.5964112877845764,0.6766062378883362,-0.0027954448014497757,0.5433358550071716,0.8921968340873718,-0.0066796839237213135,0.558521568775177,0.8221799731254578,-0.0037529803812503815,0.5459568500518799,0.7946759462356567,0.0011196266859769821,0.5327579379081726,0.7891556024551392,0.0058553884737193584,0.5467051863670349,0.9188024401664734,0.0017703379271551967,0.5520685315132141,0.8608992099761963,0.00558250118046999,0.5413542985916138,0.8352534174919128,0.011572808027267456,0.5298842787742615,0.8268156051635742,0.017495296895503998
0.4592180848121643,0.9907891154289246,2.111799659587632e-07,0.4331885278224945,0.8931814432144165,-0.013461166992783546,0.4505990147590637,0.7976071834564209,-0.01567406766116619,0.48912686109542847,0.7391160726547241,-0.012695218436419964,0.5124369859695435,0.6921578645706177,-0.006947326939553022,0.5094800591468811,0.7937721014022827,-0.020120495930314064,0.5542405843734741,0.7099519968032837,-0.01728924736380577,0.5739358067512512,0.6695209741592407,-0.0122371856123209,0.5880556702613831,0.6405892372131348,-0.0073619927279651165,0.5348044633865356,0.8360593914985657,-0.010009177029132843,0.5760857462882996,0.7491682767868042,-0.004272719845175743,0.5891247391700745,0.6965596079826355,0.0023737505543977022,0.5931223034858704,0.6642531156539917,0.007319843862205744,0.5465067625045776,0.8723878860473633,0.0006375835509970784,0.5596701502799988,0.7997268438339233,0.006627068854868412,0.5501715540885925,0.7650684714317322,0.011555046774446964,0.538088321685791,0.7507412433624268,0.015395278111100197,0.5498566031455994,0.8977196216583252,0.010488356463611126,0.5532709360122681,0.837889552116394,0.016216905787587166,0.5443801879882812,0.8064630627632141,0.021567491814494133,0.533815324306488,0.790622889995575,0.026580799371004105
0.4583635628223419,0.9904497861862183,2.3526060033418617e-07,0.43261101841926575,0.8917536735534668,-0.009867100976407528,0.45002317428588867,0.7962027192115784,-0.0112011032178998,0.48792722821235657,0.7346073985099792,-0.008499721996486187,0.5114930868148804,0.6891052722930908,-0.0032239367719739676,0.5062747597694397,0.789118230342865,-0.016203129664063454,0.5511031746864319,0.7055808901786804,-0.01453271135687828,0.5723023414611816,0.6650044918060303,-0.010115714743733406,0.5865970849990845,0.6346335411071777,-0.005131489131599665,0.5320230722427368,0.8298691511154175,-0.008374206721782684,0.5746710896492004,0.7478917837142944,-0.0028079955372959375,0.5913189649581909,0.6944392323493958,0.0029960465617477894,0.5987623333930969,0.6556689739227295,0.0072697363793849945,0.545163631439209,0.8656451106071472,8.070707553997636e-05,0.555546224117279,0.7957136631011963,0.005365198943763971,0.5417336225509644,0.7687034606933594,0.00980872567743063,0.5262082815170288,0.7611175179481506,0.013801772147417068,0.5494930744171143,0.8920678496360779,0.007981805130839348,0.5492517948150635,0.8344974517822266,0.013609133660793304,0.5366801619529724,0.8112478256225586,0.01937619410455227,0.5222723484039307,0.8030959367752075,0.025000806897878647
0.45952674746513367,0.992256224155426,2.1356586898946261e-07,0.43447455763816833,0.8925477266311646,-0.012211820110678673,0.4537718594074249,0.7971599102020264,-0.012840368784964085,0.4910503923892975,0.7382974624633789,-0.009578891098499298,0.5120074152946472,0.6906441450119019,-0.0036401960533112288,0.5108143091201782,0.7899883389472961,-0.010831436142325401,0.5504956841468811,0.7101174592971802,-0.009138223715126514,0.5704038143157959,0.6702631711959839,-0.006501181982457638,0.5847817659378052,0.639972984790802,-0.003071953309699893,0.5351191759109497,0.8281686305999756,-0.0026540763210505247,0.5727412104606628,0.7477421760559082,0.0034811063669621944,0.5880401134490967,0.6941706538200378,0.007863635197281837,0.595220148563385,0.655046284198761,0.010791556909680367,0.5468303561210632,0.8617810010910034,0.005092758685350418,0.5568946003913879,0.7909297943115234,0.009350589476525784,0.545560896396637,0.7591146230697632,0.011830313131213188,0.5326036214828491,0.7460730075836182,0.014439929276704788,0.5500264167785645,0.8881780505180359,0.011931762099266052,0.5505273938179016,0.8285812735557556,0.015899905934929848,0.5398067831993103,0.80416339635849,0.02031649276614189,0.527204155921936,0.7939919233322144,0.024917712435126305
0.46119585633277893,0.9883667230606079,1.811711456412013e-07,0.43586206436157227,0.8902672529220581,-0.007762735243886709,0.457320898771286,0.7961151599884033,-0.004989767912775278,0.4928716719150543,0.7391833662986755,0.0012573067797347903,0.5119123458862305,0.6931079030036926,0.010026268661022186,0.5116036534309387,0.7839353084564209,-0.004846495110541582,0.5503656268119812,0.7041320204734802,0.000614291406236589,0.5694050788879395,0.6664236187934875,0.006094476208090782,0.5833851099014282,0.6386914849281311,0.011250704526901245,0.5363680720329285,0.8247015476226807,0.0025696191005408764,0.5730898380279541,0.744443416595459,0.011840143240988255,0.5871764421463013,0.6956092715263367,0.018195588141679764,0.5943810343742371,0.6599007248878479,0.022524014115333557,0.5483888983726501,0.8606587648391724,0.009870951063930988,0.5626023411750793,0.7872785925865173,0.017508504912257195,0.5569733381271362,0.748263418674469,0.020861027762293816,0.5484761595726013,0.7272651195526123,0.02329760044813156,0.551293671131134,0.8875918388366699,0.016596490517258644,0.5543609261512756,0.8272528052330017,0.02404307946562767,0.5465604066848755,0.7978888154029846,0.029373155906796455,0.5359456539154053,0.7822964787483215,0.033954959362745285
0.45940592885017395,0.9900974631309509,1.579284258923508e-07,0.4383399486541748,0.8890093564987183,-0.0076812258921563625,0.46065834164619446,0.7961438298225403,-0.005140322260558605,0.496613085269928,0.7428141832351685,0.0005803717649541795,0.5137965083122253,0.6967623233795166,0.008471696637570858,0.516328752040863,0.7928519248962402,-0.005433110985904932,0.5499072074890137,0.7081685662269592,-6.561906502611237e-06,0.5670660734176636,0.6681191325187683,0.004904583562165499,0.5809200406074524,0.6385324001312256,0.009586845524609089,0.5398653745651245,0.8332290649414062,0.0018803357379510999,0.5720809102058411,0.752074122428894,0.011404463090002537,0.585517168045044,0.7017433643341064,0.016774041578173637,0.5930641293525696,0.6658967733383179,0.01993957720696926,0.5500818490982056,0.8691768646240234,0.009163735434412956,0.5575684309005737,0.8007312417030334,0.01604575477540493,0.5457519888877869,0.77082359790802,0.01797868311405182,0.5325717329978943,0.7599442601203918,0.01969423145055771,0.5516559481620789,0.8968151807785034,0.01603061705827713,0.5512913465499878,0.8399916291236877,0.02227935940027237,0.5406162738800049,0.8160218596458435,0.026692626997828484,0.5272802114486694,0.806435227394104,0.030735420063138008
0.45753082633018494,0.9914733171463013,1.2071423327597586e-07,0.4375971853733063,0.8897912502288818,-0.007274814881384373,0.4597102403640747,0.798244059085846,-0.005989158526062965,0.4952313005924225,0.7447595596313477,-0.002087791683152318,0.5151307582855225,0.6979342699050903,0.003930332139134407,0.5132967829704285,0.796955943107605,-0.008486749604344368,0.5480825901031494,0.7135148644447327,-0.006829856429249048,0.5666249394416809,0.674809992313385,-0.004047241061925888,0.5824751853942871,0.6463110446929932,-0.0007211689371615648,0.538909912109375,0.8396246433258057,-0.002839801600202918,0.5692130923271179,0.7565985918045044,0.0021310497540980577,0.5806326866149902,0.7055245041847229,0.006138859782367945,0.5884033441543579,0.6692907810211182,0.009106870740652084,0.5512198209762573,0.8778270483016968,0.0029284011106938124,0.5542165637016296,0.808269739151001,0.005907709244638681,0.539518415927887,0.7804370522499084,0.009183377027511597,0.5260776281356812,0.7716773152351379,0.012906219810247421,0.5545807480812073,0.9058763980865479,0.008264089934527874,0.5525317192077637,0.8468220829963684,0.01245189644396305,0.5400619506835938,0.8218238949775696,0.01800309121608734,0.5265554189682007,0.8126744627952576,0.02344617433845997
0.45584970712661743,0.9912856817245483,9.493320618503276e-08,0.43768393993377686,0.8900872468948364,-0.007211841642856598,0.4595298767089844,0.7996915578842163,-0.00614231126382947,0.49454358220100403,0.7454369068145752,-0.002383548067882657,0.5152470469474792,0.6995525360107422,0.0033210611436516047,0.5129078030586243,0.8023195862770081,-0.010668892413377762,0.5466739535331726,0.7181848883628845,-0.00914956908673048,0.563700258731842,0.6787476539611816,-0.005970376543700695,0.5784173011779785,0.6507213115692139,-0.002497621113434434,0.5381343364715576,0.8463799357414246,-0.005300613585859537,0.567432165145874,0.7599380612373352,-0.0009860752616077662,0.5775688886642456,0.7078759670257568,0.003017810406163335,0.583981990814209,0.6732072830200195,0.006021818611770868,0.5502064824104309,0.8855640888214111,0.00039651471888646483,0.5511742830276489,0.8163996338844299,0.002228777389973402,0.536055862903595,0.7954658269882202,0.004863429348915815,0.5224937200546265,0.7936921715736389,0.008392654359340668,0.5535236597061157,0.9133204221725464,0.005849829409271479,0.550193190574646,0.8557060956954956,0.009295018389821053,0.5370970964431763,0.836539626121521,0.014285394921898842,0.5240250825881958,0.8333731293678284,0.01933288387954235
0.4558485746383667,0.9928042888641357,9.332232053793632e-08,0.43600404262542725,0.8903809785842896,-0.0104579608887434,0.45884692668914795,0.8018643856048584,-0.010815836489200592,0.49558115005493164,0.7490738034248352,-0.007775906473398209,0.517281174659729,0.7031267285346985,-0.0027752977330237627,0.5103615522384644,0.8062673211097717,-0.015407531522214413,0.5440050959587097,0.7178906798362732,-0.014645352028310299,0.5614517331123352,0.6799898147583008,-0.01151997596025467,0.5768900513648987,0.6540970206260681,-0.008110512048006058,0.536263644695282,0.8506169319152832,-0.008590040728449821,0.5641663074493408,0.7568438053131104,-0.004154240246862173,0.5727648735046387,0.7044614553451538,0.0006246664561331272,0.5782495141029358,0.6722723841667175,0.003986351191997528,0.5487475991249084,0.8901053667068481,-0.0016439800383523107,0.5514794588088989,0.8188425302505493,0.0005319580086506903,0.536781370639801,0.7983383536338806,0.0035956120118498802,0.5239563584327698,0.7983859181404114,0.0070522683672606945,0.5524805188179016,0.917203962802887,0.004714647773653269,0.5496832132339478,0.8582793474197388,0.007854895666241646,0.537383496761322,0.8387857675552368,0.012308674864470959,0.5249896049499512,0.8363058567047119,0.01677730679512024
0.45181578397750854,0.9963864088058472,8.561868725109889e-08,0.434286892414093,0.8928185105323792,-0.010208780877292156,0.4589117765426636,0.8037750720977783,-0.010636921972036362,0.4956716001033783,0.7499333024024963,-0.007142357993870974,0.5172418355941772,0.7027511596679688,-0.0015836748061701655,0.5085363388061523,0.8129801750183105,-0.018418697640299797,0.5417026281356812,0.7193323969841003,-0.01683291420340538,0.5587266683578491,0.6808863282203674,-0.012595676816999912,0.5739113688468933,0.6555715799331665,-0.008436767384409904,0.5342947244644165,0.857345461845398,-0.010813110508024693,0.561896562576294,0.7593499422073364,-0.005347781348973513,0.5705636739730835,0.7061471939086914,0.0008745921077206731,0.5761291980743408,0.6749221086502075,0.005045741330832243,0.5470726490020752,0.8962294459342957,-0.0026727530639618635,0.5510618686676025,0.8203274607658386,0.001353807863779366,0.5361966490745544,0.7970825433731079,0.0056383549235761166,0.523025631904602,0.796594500541687,0.009446686133742332,0.5511413216590881,0.9231014251708984,0.004917901940643787,0.5485809445381165,0.8620895743370056,0.009296240285038948,0.5363675355911255,0.8408253192901611,0.014208500273525715,0.5240311622619629,0.8383166790008545,0.01880573481321335
0.44655370712280273,0.9982860684394836,6.86455976506295e-08,0.432532399892807,0.8929240703582764,-0.00784989446401596,0.4581540822982788,0.8053684830665588,-0.007889867760241032,0.4957633912563324,0.7525739669799805,-0.0048598796129226685,0.517781138420105,0.7049591541290283,1.216407872561831e-05,0.505148708820343,0.817807137966156,-0.015296469442546368,0.53815096616745,0.7246817350387573,-0.014189444482326508,0.5545710325241089,0.6860007643699646,-0.010673446580767632,0.5695056915283203,0.6594648957252502,-0.007331489585340023,0.5310525894165039,0.8629415035247803,-0.009914356283843517,0.5585798025131226,0.7644538879394531,-0.005706232972443104,0.568326473236084,0.7119575142860413,-0.000947988941334188,0.5749353170394897,0.6801944971084595,0.0020336206071078777,0.5449377298355103,0.9024531245231628,-0.003921801690012217,0.5484803915023804,0.8227751851081848,-0.0015844214940443635,0.5320889949798584,0.8038368225097656,0.002067504683509469,0.517604649066925,0.8072140216827393,0.005574442911893129,0.5502160787582397,0.9299947023391724,0.0016711789648979902,0.5473061203956604,0.8661795854568481,0.0043593505397439,0.5340366959571838,0.8476436138153076,0.008811482228338718,0.5217087268829346,0.8483662009239197,0.013202382251620293
0.44189316034317017,0.9967164993286133,5.584943707503953e-08,0.4297615885734558,0.891396164894104,-0.008438444696366787,0.4560930132865906,0.8046433925628662,-0.00991376955062151,0.49509096145629883,0.7547485828399658,-0.007501001935452223,0.5173030495643616,0.7108774185180664,-0.003575311042368412,0.49973487854003906,0.822712779045105,-0.023265251889824867,0.5343661904335022,0.7260124683380127,-0.02241412363946438,0.551145613193512,0.6897377967834473,-0.018298760056495667,0.5667787194252014,0.6653872728347778,-0.01487317867577076,0.527185320854187,0.8672802448272705,-0.01720535196363926,0.5557516813278198,0.7663677334785461,-0.013217458501458168,0.5629913210868835,0.717032790184021,-0.007298747543245554,0.56822669506073,0.6883095502853394,-0.0037272339686751366,0.5421697497367859,0.9050930738449097,-0.009794831275939941,0.5454060435295105,0.8210222721099854,-0.006318035535514355,0.5275771617889404,0.8039984703063965,-0.000969697895925492,0.5133023262023926,0.8092038631439209,0.0029153975192457438,0.5477815866470337,0.9298194050788879,-0.002733517438173294,0.5449742078781128,0.8635935187339783,0.0006130330148153007,0.5309168100357056,0.8471894860267639,0.005920938216149807,0.5193538665771484,0.8499476313591003,0.010481608100235462
0.43911686539649963,1.0000548362731934,2.9599602768826117e-08,0.42770060896873474,0.8928062319755554,-0.009259188547730446,0.4539928436279297,0.806486964225769,-0.010898476466536522,0.49339747428894043,0.7578359246253967,-0.008037541061639786,0.5175462365150452,0.715406596660614,-0.003734416561201215,0.49641746282577515,0.8311010599136353,-0.027005042880773544,0.5308946967124939,0.7313410639762878,-0.024877328425645828,0.5466611385345459,0.6951800584793091,-0.01935441605746746,0.562127947807312,0.6706020832061768,-0.015207896940410137,0.5235161781311035,0.8763687610626221,-0.019806988537311554,0.5516685843467712,0.7721970081329346,-0.014529053121805191,0.5593477487564087,0.7208240628242493,-0.007285733707249165,0.5642076134681702,0.6900736689567566,-0.003406327683478594,0.5382674932479858,0.913455605506897,-0.01098256092518568,0.5440438985824585,0.8247018456459045,-0.005906729027628899,0.5292178392410278,0.8049052357673645,-8.909107236831915e-06,0.5158300995826721,0.8077114820480347,0.00338535918854177,0.5443204641342163,0.9372693300247192,-0.0026037462521344423,0.5414496660232544,0.8688421249389648,0.0009511647513136268,0.5279241800308228,0.8497283458709717,0.005594581365585327,0.5161004066467285,0.849928081035614,0.009293141774833202
0.43513190746307373,1.0026124715805054,1.2931898218937476e-08,0.426011323928833,0.8949050307273865,-0.009491423144936562,0.45294949412345886,0.8083968162536621,-0.011960958130657673,0.49275097250938416,0.7618865370750427,-0.00958582665771246,0.5182147026062012,0.7267143726348877,-0.005955127067863941,0.493173211812973,0.8384701609611511,-0.031163549050688744,0.5278646349906921,0.739502489566803,-0.028662173077464104,0.5427946448326111,0.7016449570655823,-0.022546811029314995,0.5572606921195984,0.6741577386856079,-0.018371064215898514,0.5203788876533508,0.8846098780632019,-0.02392171323299408,0.5490933060646057,0.7807440161705017,-0.018610447645187378,0.5553328394889832,0.7303580641746521,-0.01073142234236002,0.5579569339752197,0.6993961334228516,-0.006555106956511736,0.5350230932235718,0.922035276889801,-0.014599564485251904,0.541469395160675,0.8329352140426636,-0.00935320183634758,0.5269144177436829,0.814021110534668,-0.002839720109477639,0.5131186842918396,0.8168044090270996,0.0007727572810836136,0.5407785177230835,0.9452874660491943,-0.005607094615697861,0.538874089717865,0.8757197856903076,-0.002115633338689804,0.525885820388794,0.8564537167549133,0.0029032970778644085,0.514061450958252,0.8569061756134033,0.006782550364732742
0.43192189931869507,1.002699851989746,-1.7573929866898652e-08,0.4247458279132843,0.8951978087425232,-0.008724919520318508,0.4529133141040802,0.8109895586967468,-0.011200943030416965,0.49215972423553467,0.7674254775047302,-0.009008213877677917,0.5181463360786438,0.7396270036697388,-0.005622954107820988,0.4913226366043091,0.8436204791069031,-0.031112613156437874,0.5253210067749023,0.7484204769134521,-0.02875305339694023,0.5389070510864258,0.7120679020881653,-0.022736888378858566,0.5514402985572815,0.6853164434432983,-0.018709758296608925,0.517695963382721,0.8913824558258057,-0.02429851144552231,0.5472044348716736,0.7901641130447388,-0.01944088004529476,0.5523911118507385,0.7410532236099243,-0.011641215533018112,0.5530098080635071,0.7103701233863831,-0.007444059010595083,0.5323261022567749,0.9293262958526611,-0.015267683193087578,0.5411625504493713,0.837199330329895,-0.010393316857516766,0.5287209749221802,0.8158140182495117,-0.003596886759623885,0.5159304738044739,0.8167649507522583,0.0002104314771713689,0.5384328961372375,0.9521448612213135,-0.006468491163104773,0.5389770269393921,0.8795419335365295,-0.0033247387036681175,0.5269415378570557,0.8574995994567871,0.0019597276113927364,0.5152704119682312,0.8561800718307495,0.006104542873799801
0.42764586210250854,1.0059394836425781,-5.367832756064672e-08,0.4243088662624359,0.9003111720085144,-0.013075842522084713,0.45333337783813477,0.8178055286407471,-0.018124379217624664,0.49367254972457886,0.7728697657585144,-0.016254566609859467,0.5218503475189209,0.743317186832428,-0.012895875610411167,0.48678869009017944,0.8647608160972595,-0.045143526047468185,0.5227042436599731,0.7605088353157043,-0.04223087057471275,0.5350319147109985,0.7208004593849182,-0.03259457275271416,0.5449807643890381,0.6931262612342834,-0.025561856105923653,0.5119085907936096,0.909461498260498,-0.034092020243406296,0.5396481156349182,0.7934901714324951,-0.028907442465424538,0.5442755222320557,0.7402651309967041,-0.01804889552295208,0.5426144599914551,0.7076974511146545,-0.011981622315943241,0.5270770788192749,0.9429165720939636,-0.019986363127827644,0.5384325981140137,0.8365212082862854,-0.012674188241362572,0.5309534668922424,0.807153582572937,-0.0033087620977312326,0.5201353430747986,0.8028819561004639,0.001183962100185454,0.5350282788276672,0.9622288942337036,-0.006306885741651058,0.5366811156272888,0.8831539154052734,-0.0020412106532603502,0.5261382460594177,0.854946494102478,0.003381204791367054,0.5151515603065491,0.8491719961166382,0.007326821330934763
0.42754265666007996,1.008650302886963,-6.72373658971992e-08,0.42385533452033997,0.9044082164764404,-0.012151534669101238,0.4501287341117859,0.8194568157196045,-0.018280472606420517,0.4889606237411499,0.7724463939666748,-0.01828881911933422,0.5143581628799438,0.744780957698822,-0.017331114038825035,0.48128119111061096,0.8677728772163391,-0.045922450721263885,0.5184133052825928,0.7666093111038208,-0.04717448726296425,0.5326606035232544,0.7268328070640564,-0.04093324393033981,0.5443198680877686,0.697961688041687,-0.03608424961566925,0.5094782710075378,0.9132674932479858,-0.03744075074791908,0.5405473113059998,0.8041309118270874,-0.03703059256076813,0.5450565814971924,0.752562403678894,-0.028611060231924057,0.5428678393363953,0.7210105657577515,-0.023385316133499146,0.5268482565879822,0.944389283657074,-0.025980468839406967,0.5358807444572449,0.8432139158248901,-0.022705495357513428,0.525763213634491,0.8187433481216431,-0.014346538111567497,0.5132670402526855,0.8175845742225647,-0.009513009339571,0.5357484221458435,0.9592257142066956,-0.014912242069840431,0.5372632145881653,0.8815128803253174,-0.01294475793838501,0.5266160368919373,0.8573034405708313,-0.007611948996782303,0.5161630511283875,0.854059636592865,-0.003395711537450552
0.4275641441345215,1.005164384841919,-3.554771055291894e-08,0.42562025785446167,0.9020371437072754,-0.014387364499270916,0.45166826248168945,0.8214960098266602,-0.02316347137093544,0.4902781546115875,0.778072714805603,-0.02495156042277813,0.5178443789482117,0.7513704299926758,-0.025676961988210678,0.47923800349235535,0.869341254234314,-0.054089777171611786,0.5171354413032532,0.7705212831497192,-0.056402936577796936,0.5318703651428223,0.7304925918579102,-0.04943937808275223,0.5442156195640564,0.7003228068351746,-0.04411155730485916,0.5076116919517517,0.916455090045929,-0.045120660215616226,0.5413135886192322,0.807767391204834,-0.045762594789266586,0.5464197993278503,0.7571636438369751,-0.035700224339962006,0.5442984104156494,0.7265859842300415,-0.02930890955030918,0.5255675315856934,0.9489502906799316,-0.03289061412215233,0.5382869243621826,0.8441761136054993,-0.029668908566236496,0.5285499095916748,0.8186810612678528,-0.01861013099551201,0.5162875056266785,0.817314863204956,-0.012181422673165798,0.5352420806884766,0.9649220108985901,-0.021241385489702225,0.5370345711708069,0.8840638399124146,-0.019943231716752052,0.5266796350479126,0.8582087159156799,-0.013671515509486198,0.5169992446899414,0.854371964931488,-0.0087370490655303
0.4306199252605438,1.0071797370910645,-5.361705035511477e-08,0.4281553030014038,0.9051609039306641,-0.016182677820324898,0.4545398950576782,0.8246418833732605,-0.02588256634771824,0.4940878748893738,0.7799434661865234,-0.027707334607839584,0.5215327739715576,0.7502175569534302,-0.02821599505841732,0.4813023507595062,0.8770825862884521,-0.060479503124952316,0.5214253664016724,0.7750961780548096,-0.06254644691944122,0.5351887345314026,0.7342205047607422,-0.05324295163154602,0.5452665090560913,0.7051469683647156,-0.04592899978160858,0.5088385939598083,0.9231064319610596,-0.05050523206591606,0.5446411967277527,0.8101714849472046,-0.05168989673256874,0.5494386553764343,0.7589462399482727,-0.04051291570067406,0.5468002557754517,0.7285303473472595,-0.03319628909230232,0.526867687702179,0.9532536268234253,-0.036939240992069244,0.5412636995315552,0.8455814123153687,-0.03382984921336174,0.5309666395187378,0.8213562369346619,-0.022192932665348053,0.5185101628303528,0.821152925491333,-0.015481144189834595,0.5366913676261902,0.9672674536705017,-0.024009602144360542,0.5390986204147339,0.8843075037002563,-0.02288515865802765,0.5284789204597473,0.8594719767570496,-0.01677953079342842,0.519201934337616,0.8564907908439636,-0.012088917195796967
0.434331476688385,1.0118077993392944,-6.838760668870236e-08,0.43066170811653137,0.9105974435806274,-0.016308514401316643,0.457927405834198,0.8293387293815613,-0.025672540068626404,0.4970930218696594,0.7840297818183899,-0.02706979215145111,0.5241668820381165,0.7546596527099609,-0.02705473266541958,0.48444491624832153,0.8775288462638855,-0.06065579503774643,0.5274580717086792,0.7771658897399902,-0.06322478502988815,0.5411213636398315,0.7360112071037292,-0.05372539162635803,0.5493022799491882,0.7089790105819702,-0.045732028782367706,0.5115905404090881,0.9260969161987305,-0.05036611109972,0.5495427846908569,0.8140351176261902,-0.05186973884701729,0.5540368556976318,0.7617244720458984,-0.04047931730747223,0.5499098300933838,0.731234073638916,-0.03248533979058266,0.5299635529518127,0.958026111125946,-0.03653658553957939,0.5460231304168701,0.8493205904960632,-0.03365342691540718,0.5368625521659851,0.8226339817047119,-0.022041166201233864,0.5251125693321228,0.8208419680595398,-0.014930171892046928,0.5402550101280212,0.9733352661132812,-0.023237498477101326,0.5431026220321655,0.886842668056488,-0.021698428317904472,0.5331964492797852,0.8595549464225769,-0.015303302556276321,0.5241715908050537,0.8554136753082275,-0.010179424658417702
0.44169881939888,1.0146634578704834,-4.8780393058223126e-08,0.436103880405426,0.9133294820785522,-0.015156355686485767,0.46321213245391846,0.8332415819168091,-0.024286501109600067,0.5040615200996399,0.7934624552726746,-0.025955161079764366,0.5328921675682068,0.7756487131118774,-0.02646590583026409,0.490164190530777,0.8831998705863953,-0.05945522338151932,0.5354170203208923,0.7811959981918335,-0.06430787593126297,0.5489791035652161,0.7354823350906372,-0.05698191747069359,0.5559561848640442,0.7041534781455994,-0.050174035131931305,0.5189086198806763,0.9294531941413879,-0.05024401843547821,0.5598644018173218,0.8154880404472351,-0.05481480807065964,0.56358802318573,0.7607032060623169,-0.04558388516306877,0.5591810941696167,0.7278143167495728,-0.03827456384897232,0.5379000306129456,0.9600540399551392,-0.03745134919881821,0.5530808568000793,0.8525213003158569,-0.03694266453385353,0.5415365695953369,0.8308941125869751,-0.026561174541711807,0.5287208557128906,0.8326684832572937,-0.019406897947192192,0.5476252436637878,0.9742472767829895,-0.02504134178161621,0.5499266386032104,0.8890317678451538,-0.02392561174929142,0.5389673113822937,0.8643267154693604,-0.017331795766949654,0.5294730067253113,0.8621501326560974,-0.011834997683763504
0.449413537979126,1.0178064107894897,-2.1660413906943177e-08,0.4435356557369232,0.9129799604415894,-0.01374097540974617,0.47375255823135376,0.8328396677970886,-0.021595103666186333,0.5169025659561157,0.7982466220855713,-0.02339068241417408,0.5461866855621338,0.7860880494117737,-0.02425515465438366,0.4973104000091553,0.8810321092605591,-0.05028918758034706,0.5442101955413818,0.7840878367424011,-0.0577751062810421,0.5599284768104553,0.736368715763092,-0.05436089634895325,0.5678402185440063,0.7027716636657715,-0.05009407922625542,0.526816725730896,0.9269705414772034,-0.0433533601462841,0.569144606590271,0.8207860589027405,-0.05104804039001465,0.5751960277557373,0.7635647058486938,-0.0462527759373188,0.5736677050590515,0.7261427640914917,-0.04133220762014389,0.5461990833282471,0.9581684470176697,-0.03358004614710808,0.5617853403091431,0.8562356233596802,-0.037415508180856705,0.5502885580062866,0.8351528644561768,-0.030005700886249542,0.5376925468444824,0.8362557888031006,-0.023459454998373985,0.556123673915863,0.9722034931182861,-0.024050815030932426,0.5587966442108154,0.8886744976043701,-0.026010556146502495,0.5480160117149353,0.8638034462928772,-0.020291218534111977,0.5386935472488403,0.8600224256515503,-0.014574904926121235
0.45732825994491577,1.0118873119354248,4.261825736762148e-08,0.452015221118927,0.9089513421058655,-0.012049579061567783,0.48364657163619995,0.8299270272254944,-0.01850724034011364,0.5255725383758545,0.802926778793335,-0.01947639510035515,0.5533347129821777,0.804702639579773,-0.019728142768144608,0.508156418800354,0.871454119682312,-0.04634271562099457,0.5542275905609131,0.7726389765739441,-0.05187876150012016,0.5698437690734863,0.7244173884391785,-0.04822339490056038,0.5785757303237915,0.6911488175392151,-0.04417916759848595,0.5369502305984497,0.9174715876579285,-0.04004359245300293,0.5792558789253235,0.8130080103874207,-0.04571590572595596,0.5878735780715942,0.7540985941886902,-0.04116308316588402,0.5889145135879517,0.7151268720626831,-0.036645859479904175,0.5550128221511841,0.9508764147758484,-0.03097100369632244,0.5718708634376526,0.8558779358863831,-0.033700600266456604,0.5594754219055176,0.8346731662750244,-0.027478063479065895,0.5454402565956116,0.8357163667678833,-0.02160830982029438,0.563500702381134,0.9672427177429199,-0.021957485005259514,0.5677470564842224,0.8886233568191528,-0.022682582959532738,0.5569320917129517,0.8639920949935913,-0.01686345413327217,0.5462461709976196,0.8611620664596558,-0.011055143550038338
0.4639904499053955,0.9996004700660706,2.7793070955794974e-08,0.46171829104423523,0.9004519581794739,-0.007760489359498024,0.4911666512489319,0.824363112449646,-0.012615452520549297,0.5282251238822937,0.7941205501556396,-0.012613891623914242,0.5528523921966553,0.7953452467918396,-0.01199091412127018,0.5184476375579834,0.8630807399749756,-0.04462128132581711,0.5623533129692078,0.7619738578796387,-0.04767118766903877,0.5771406292915344,0.7151573300361633,-0.041662465780973434,0.58648681640625,0.6829191446304321,-0.03617091476917267,0.546623945236206,0.9059953689575195,-0.039686959236860275,0.5883446931838989,0.7983896732330322,-0.04324038326740265,0.5950972437858582,0.7418737411499023,-0.036739036440849304,0.5946341753005981,0.7057466506958008,-0.030932432040572166,0.5633191466331482,0.9388077259063721,-0.03124367631971836,0.5782781839370728,0.8466854691505432,-0.03044845722615719,0.5652483105659485,0.8290418386459351,-0.022675368934869766,0.5510543584823608,0.8318427801132202,-0.01644556038081646,0.5689907670021057,0.956031858921051,-0.022662509232759476,0.5731253027915955,0.8845282793045044,-0.019201841205358505,0.5627365708351135,0.8641629815101624,-0.011514770798385143,0.5519024729728699,0.8637433052062988,-0.0050018406473100185
0.4692000150680542,0.9983634948730469,-3.824031580279552e-08,0.4658353924751282,0.8969469666481018,-0.004839069675654173,0.4941207468509674,0.8190797567367554,-0.007161496672779322,0.5299432873725891,0.7875311374664307,-0.0060323853977024555,0.5522051453590393,0.7851306796073914,-0.004615676589310169,0.5282857418060303,0.8537688255310059,-0.033396296203136444,0.5673531889915466,0.7507966756820679,-0.03416460007429123,0.5805105566978455,0.7055193185806274,-0.02849305421113968,0.5895848274230957,0.6751660704612732,-0.023508859798312187,0.5557377934455872,0.8938946723937988,-0.029053866863250732,0.5919299721717834,0.7850717306137085,-0.031269371509552,0.595435380935669,0.73029625415802,-0.026557516306638718,0.5931121110916138,0.696547269821167,-0.021737627685070038,0.5708396434783936,0.9258358478546143,-0.021452853456139565,0.5811975002288818,0.8338416218757629,-0.02002687379717827,0.5658649206161499,0.8189491629600525,-0.014592600055038929,0.5506784915924072,0.8254137635231018,-0.0097415242344141,0.5756951570510864,0.9432275295257568,-0.013561632484197617,0.5777607560157776,0.8743187189102173,-0.009368782863020897,0.5662720799446106,0.8572084307670593,-0.0028595123440027237,0.5552104115486145,0.8599140644073486,0.0028586213011294603
0.47178778052330017,0.9982938170433044,-2.9394438882945906e-08,0.4651032090187073,0.8929457664489746,-0.002641047816723585,0.49182841181755066,0.8174912929534912,-0.0022354498505592346,0.526503324508667,0.7970683574676514,0.00013357623538468033,0.5470890402793884,0.8017258644104004,0.0028017826844006777,0.5351321697235107,0.8381825685501099,-0.01912006177008152,0.5661255717277527,0.7408467531204224,-0.01766953058540821,0.5769764184951782,0.6969157457351685,-0.013560601510107517,0.5855816006660461,0.6656515598297119,-0.010085410438477993,0.56120365858078,0.8778673410415649,-0.015763377770781517,0.5915074348449707,0.7766274809837341,-0.014660309068858624,0.59498530626297,0.7207510471343994,-0.011569992639124393,0.5940117835998535,0.6846977472305298,-0.008462917990982533,0.573713481426239,0.912183403968811,-0.010083631612360477,0.579520583152771,0.8344689011573792,-0.007328488398343325,0.5626693964004517,0.8215142488479614,-0.004889548756182194,0.5468862056732178,0.8289243578910828,-0.0021388442255556583,0.5758755803108215,0.9332740306854248,-0.004195481538772583,0.5746608376502991,0.874476969242096,0.0012761482503265142,0.5622192621231079,0.8597754836082458,0.006763705983757973,0.5501329302787781,0.8634207844734192,0.01159725897014141
0.47323960065841675,0.9981963038444519,-2.0133942513211878e-08,0.46253350377082825,0.8938502073287964,-0.0008059636456891894,0.4875538945198059,0.8171708583831787,0.002278350293636322,0.5214589238166809,0.7971460819244385,0.006797639187425375,0.5415509939193726,0.8013222813606262,0.01182344276458025,0.5342627167701721,0.8270610570907593,-0.010442611761391163,0.56129390001297,0.7321562170982361,-0.0067124939523637295,0.5715817809104919,0.687873125076294,-0.0021233244333416224,0.5801652669906616,0.6573309898376465,0.0015294483164325356,0.5601450204849243,0.8657934665679932,-0.007593611255288124,0.5885698795318604,0.7693893909454346,-0.004277204629033804,0.5923702716827393,0.7120125889778137,-0.0011986171593889594,0.5923065543174744,0.6754286289215088,0.0019116023322567344,0.5721204280853271,0.9014736413955688,-0.0029405797831714153,0.5791306495666504,0.8299815654754639,0.0006860867724753916,0.5620183944702148,0.8158419132232666,0.002140318974852562,0.5463688969612122,0.8226489424705505,0.004481765907257795,0.573872447013855,0.925596296787262,0.0020241194870322943,0.5722215175628662,0.8706405758857727,0.008077559992671013,0.5598946809768677,0.8551755547523499,0.013172690756618977,0.5475828647613525,0.8585602045059204,0.01782074198126793
0.4705447554588318,0.9967830181121826,-2.92868254092582e-08,0.459613174200058,0.8988730311393738,-0.0008891674806363881,0.4818462133407593,0.8239191770553589,0.0032768610399216413,0.5119683742523193,0.8014863133430481,0.008876677602529526,0.5279278755187988,0.8034090399742126,0.015076996758580208,0.5305987000465393,0.8239734172821045,-0.010979726910591125,0.5573497414588928,0.7339106798171997,-0.009344678372144699,0.5689339637756348,0.6892895698547363,-0.005648136138916016,0.577509343624115,0.6574822664260864,-0.002270226599648595,0.5567115545272827,0.8623090982437134,-0.00897910725325346,0.5851104259490967,0.7690123915672302,-0.007512451149523258,0.5893500447273254,0.7119680047035217,-0.004519341513514519,0.589145839214325,0.6744636297225952,-0.001001095399260521,0.5690659880638123,0.8996642827987671,-0.005493205972015858,0.5722779631614685,0.8334811329841614,-0.004525579046458006,0.5557236671447754,0.8247227072715759,-0.0035086781717836857,0.5404263138771057,0.8348345160484314,-0.000677588046528399,0.5709171891212463,0.9262341260910034,-0.0017395596951246262,0.5678848028182983,0.8769303560256958,0.0012568969978019595,0.5553115010261536,0.8637833595275879,0.005082034505903721,0.5419719219207764,0.8677767515182495,0.00939506758004427
0.4686826467514038,1.00100839138031,-4.6410516318928785e-08,0.4573439955711365,0.9062732458114624,0.0005752521101385355,0.4786999225616455,0.8320728540420532,0.006225859746336937,0.5052319765090942,0.8041147589683533,0.013160834088921547,0.5162601470947266,0.7970125079154968,0.02070765197277069,0.527721107006073,0.8245865702629089,-0.009264708496630192,0.5542284250259399,0.7368977665901184,-0.008232134394347668,0.5669622421264648,0.6927593350410461,-0.004573299083858728,0.575890302658081,0.6608513593673706,-0.0009028985514305532,0.5536280870437622,0.8642945885658264,-0.008093598298728466,0.5811830163002014,0.772897481918335,-0.007432788144797087,0.585867702960968,0.7179528474807739,-0.0044119879603385925,0.5859896540641785,0.6813603639602661,-0.0005715464358218014,0.5661133527755737,0.9030361175537109,-0.005493098869919777,0.5672427415847778,0.8392626047134399,-0.006028296425938606,0.550769567489624,0.8335112929344177,-0.005247452296316624,0.5359627604484558,0.8447609543800354,-0.0020312888082116842,0.5682343244552612,0.9305362701416016,-0.002427395200356841,0.5644052624702454,0.8815341591835022,-0.0006720770616084337,0.5518375635147095,0.8704054355621338,0.0027816423680633307,0.5384353399276733,0.8760790228843689,0.0071198646910488605
0.465309202671051,1.0000879764556885,-1.0422704477264233e-08,0.4582861363887787,0.9015235900878906,-0.0010773555841296911,0.48466163873672485,0.8279464840888977,0.0017979755066335201,0.5162259936332703,0.8046004772186279,0.0061783636920154095,0.5337107181549072,0.8018800616264343,0.01085627544671297,0.5248658061027527,0.8356335759162903,-0.01576564647257328,0.5545724630355835,0.7425121665000916,-0.01581551693379879,0.567101001739502,0.6989133358001709,-0.012435280717909336,0.576177179813385,0.6668452620506287,-0.009064205922186375,0.5507550835609436,0.875665009021759,-0.014152808114886284,0.5796588659286499,0.7806332111358643,-0.014148609712719917,0.5833020210266113,0.7258238792419434,-0.011268293485045433,0.5821872353553772,0.6895406246185303,-0.007922865450382233,0.5637413263320923,0.9127340316772461,-0.01074300892651081,0.5671575665473938,0.8430336713790894,-0.01091353315860033,0.5521364212036133,0.8313513398170471,-0.00911127682775259,0.5379365086555481,0.8390758037567139,-0.005781150422990322,0.5660816431045532,0.9369342923164368,-0.006936434656381607,0.5648415684700012,0.8818100094795227,-0.0041954005137085915,0.5520326495170593,0.8666535019874573,0.0007800791063345969,0.5387515425682068,0.8699380159378052,0.005814841482788324
0.4618653655052185,1.0001602172851562,-1.847338104710161e-08,0.4555566608905792,0.900831937789917,-0.003366689896211028,0.48280003666877747,0.826971709728241,-0.002825279487296939,0.5156849026679993,0.8047364354133606,-0.00047663177247159183,0.5340222120285034,0.8084731101989746,0.002027009380981326,0.5211536288261414,0.8442987203598022,-0.021957458928227425,0.5519433617591858,0.7455557584762573,-0.025340506806969643,0.5650487542152405,0.6999346613883972,-0.02321827970445156,0.5746435523033142,0.6685329675674438,-0.020345473662018776,0.5469262003898621,0.8845210075378418,-0.020453015342354774,0.5783583521842957,0.7853050827980042,-0.023837991058826447,0.58141028881073,0.730185329914093,-0.021098846569657326,0.5790570974349976,0.6966372132301331,-0.017126448452472687,0.5601616501808167,0.9206987023353577,-0.01721089892089367,0.563876748085022,0.8470363020896912,-0.01985277235507965,0.5488596558570862,0.8352850675582886,-0.017280422151088715,0.5352134108543396,0.8449717164039612,-0.012869971804320812,0.5627862811088562,0.9438360333442688,-0.013845349662005901,0.562415599822998,0.8861211538314819,-0.012926233932375908,0.5501158833503723,0.8718005418777466,-0.007908969186246395,0.5378971099853516,0.8766462206840515,-0.002449632855132222
0.4570434093475342,1.0022910833358765,4.930874375475014e-09,0.4517437517642975,0.8983866572380066,-0.004433304537087679,0.48164308071136475,0.8280491828918457,-0.005013816989958286,0.516827404499054,0.8113605976104736,-0.0038994320202618837,0.537225067615509,0.8158553838729858,-0.002861877903342247,0.516475260257721,0.8430361747741699,-0.022279206663370132,0.5485586524009705,0.7480356097221375,-0.0253982562571764,0.5628608465194702,0.7047873139381409,-0.023437848314642906,0.5737924575805664,0.6741150617599487,-0.02083698660135269,0.5414283275604248,0.8853510618209839,-0.02050328440964222,0.573008120059967,0.7888132929801941,-0.023952100425958633,0.5769708156585693,0.735257625579834,-0.021953655406832695,0.5757211446762085,0.7021551132202148,-0.01864783652126789,0.554426908493042,0.9236642122268677,-0.01701923832297325,0.5575704574584961,0.8519261479377747,-0.020216505974531174,0.5412228107452393,0.8437697291374207,-0.018184036016464233,0.5275923013687134,0.8562712073326111,-0.014036159962415695,0.557819664478302,0.9480972290039062,-0.01345059834420681,0.5567578077316284,0.8917002081871033,-0.012514385394752026,0.5433409810066223,0.8804307579994202,-0.007312676403671503,0.5319838523864746,0.8877063393592834,-0.0017673434922471642
0.45202142000198364,1.0010379552841187,3.877824283904374e-08,0.4486744999885559,0.8974502086639404,-0.005702605005353689,0.4804072380065918,0.8280738592147827,-0.007414074148982763,0.5163057446479797,0.810929000377655,-0.0068468814715743065,0.5365033745765686,0.8152959942817688,-0.006344384979456663,0.5108201503753662,0.8488898277282715,-0.027223775163292885,0.5455578565597534,0.7517695426940918,-0.031430575996637344,0.5611734390258789,0.7088235020637512,-0.029538467526435852,0.573606014251709,0.6781858801841736,-0.027033424004912376,0.5358608365058899,0.8916637301445007,-0.02496972866356373,0.5688446760177612,0.7933318614959717,-0.029850240796804428,0.5745812654495239,0.7387288808822632,-0.027871595695614815,0.575181245803833,0.703837513923645,-0.024811210110783577,0.5495399832725525,0.928633987903595,-0.020775146782398224,0.5549752116203308,0.8515948057174683,-0.024880483746528625,0.5391891598701477,0.8412990570068359,-0.02207203209400177,0.5256279706954956,0.8522602319717407,-0.017516564577817917,0.5536261796951294,0.9510200023651123,-0.01657511107623577,0.553412914276123,0.8903562426567078,-0.016854142770171165,0.5402687788009644,0.8774421215057373,-0.011702046729624271,0.5291525721549988,0.8839725852012634,-0.006179231684654951
0.4477112889289856,0.9988213181495667,5.340548980825588e-08,0.44754788279533386,0.8963409066200256,-0.005605887621641159,0.480424165725708,0.8299887776374817,-0.008135922253131866,0.5167930722236633,0.8119038939476013,-0.008253523148596287,0.5371704697608948,0.8124797344207764,-0.008344873785972595,0.50482577085495,0.8517477512359619,-0.029367221519351006,0.5417646169662476,0.7521764636039734,-0.0338863730430603,0.5584363341331482,0.7094893455505371,-0.031323906034231186,0.5716486573219299,0.6795689463615417,-0.028038019314408302,0.5300515294075012,0.8940866589546204,-0.02702995017170906,0.5651204586029053,0.7935783267021179,-0.032340291887521744,0.5731505155563354,0.7400580048561096,-0.029904622584581375,0.575497567653656,0.7053524255752563,-0.026350373402237892,0.5445722341537476,0.9295732975006104,-0.02250550128519535,0.5524413585662842,0.8472225666046143,-0.02641456201672554,0.536855936050415,0.8356835842132568,-0.022787485271692276,0.522956907749176,0.8450652956962585,-0.017671946436166763,0.5497884154319763,0.9503776431083679,-0.017928147688508034,0.5508361458778381,0.8868148922920227,-0.01804996468126774,0.5379526019096375,0.8713458180427551,-0.012495020404458046,0.5270704627037048,0.8749344348907471,-0.006628544069826603
0.44213324785232544,0.9986501932144165,6.151358178385635e-08,0.4431336224079132,0.8984576463699341,-0.006555825937539339,0.4761214256286621,0.8332111835479736,-0.010134518146514893,0.5138306617736816,0.8111333847045898,-0.011091670952737331,0.5361481308937073,0.8090717792510986,-0.011630364693701267,0.49845609068870544,0.8540236949920654,-0.03143635019659996,0.5380730628967285,0.7546938061714172,-0.0366550087928772,0.5561729669570923,0.7135216593742371,-0.03411990776658058,0.5701297521591187,0.6848146915435791,-0.030807767063379288,0.5234021544456482,0.8970227837562561,-0.02910546585917473,0.5601319670677185,0.7951991558074951,-0.034842249006032944,0.5709193348884583,0.7430360913276672,-0.03236391767859459,0.5755969285964966,0.708185076713562,-0.029066720977425575,0.5384030938148499,0.9321949481964111,-0.02467852085828781,0.5507783889770508,0.846462607383728,-0.029313070699572563,0.5364559888839722,0.833039402961731,-0.025358065962791443,0.5224894881248474,0.8396583199501038,-0.02011081762611866,0.5441595911979675,0.9520764350891113,-0.020255496725440025,0.5476115345954895,0.8855962753295898,-0.02172304317355156,0.5361163020133972,0.8671496510505676,-0.01674024574458599,0.5251057744026184,0.8675928115844727,-0.011182600632309914
0.4356450140476227,1.0008795261383057,8.083329561259234e-08,0.43802887201309204,0.901347815990448,-0.0060419077053666115,0.4715127944946289,0.8368274569511414,-0.008818435482680798,0.5086723566055298,0.8132982850074768,-0.008988704532384872,0.5299076437950134,0.810687243938446,-0.008663524873554707,0.49229896068573,0.8588062524795532,-0.0300579946488142,0.5330516695976257,0.7605345249176025,-0.03447140008211136,0.5522601008415222,0.7196682095527649,-0.03172894939780235,0.567665159702301,0.690739631652832,-0.028450099751353264,0.517058253288269,0.9015633463859558,-0.02755109779536724,0.5549651384353638,0.8010129332542419,-0.032294388860464096,0.5682870745658875,0.7481403350830078,-0.029886070638895035,0.5758241415023804,0.7122806310653687,-0.026988694444298744,0.5318915247917175,0.9364929795265198,-0.02286839857697487,0.5472546815872192,0.8501673340797424,-0.02664731815457344,0.5334204435348511,0.8342329263687134,-0.022707868367433548,0.5191701054573059,0.8392384648323059,-0.0177324041724205,0.537277340888977,0.9558206796646118,-0.01815592311322689,0.5425544381141663,0.8897275328636169,-0.019206048920750618,0.531599223613739,0.8690435290336609,-0.014328964054584503,0.5203073024749756,0.8680880665779114,-0.008972632698714733
0.42990100383758545,0.9983994960784912,1.0151612883646521e-07,0.4330397844314575,0.9014047384262085,-0.0067958408035337925,0.46729546785354614,0.8387998938560486,-0.01062769815325737,0.505435049533844,0.8187263607978821,-0.01192191056907177,0.5278132557868958,0.8180721998214722,-0.01264258660376072,0.4852374792098999,0.8580057621002197,-0.031481169164180756,0.5285975337028503,0.7621868848800659,-0.037539042532444,0.5492932200431824,0.7218227386474609,-0.035762056708335876,0.5654904842376709,0.6946078538894653,-0.03298119828104973,0.5096595883369446,0.9035706520080566,-0.02964198961853981,0.5501412749290466,0.8060891032218933,-0.03603243827819824,0.5655527710914612,0.7534863948822021,-0.03455248475074768,0.5747734904289246,0.7180109620094299,-0.03222839534282684,0.5249283909797668,0.9403510689735413,-0.02580634504556656,0.5430811643600464,0.8535125851631165,-0.03153698518872261,0.5287278890609741,0.8378744721412659,-0.02782665751874447,0.5138302445411682,0.8433125615119934,-0.022564241662621498,0.5313618183135986,0.9602141380310059,-0.021941861137747765,0.5385278463363647,0.8901949524879456,-0.024511385709047318,0.5280395150184631,0.8701162934303284,-0.019604340195655823,0.5172560214996338,0.8708954453468323,-0.013947434723377228
0.42534714937210083,0.9990050196647644,1.1402123334391945e-07,0.42726075649261475,0.90389084815979,-0.007438823580741882,0.4607602059841156,0.8410783410072327,-0.011778396554291248,0.49974557757377625,0.8181941509246826,-0.013305187225341797,0.523231029510498,0.8154231309890747,-0.014235657639801502,0.4792364835739136,0.8594847917556763,-0.03306226804852486,0.5238968133926392,0.7658774256706238,-0.03973976522684097,0.5458200573921204,0.7246003150939941,-0.03862767666578293,0.5624668002128601,0.695915937423706,-0.03628556430339813,0.5040630102157593,0.9054756164550781,-0.030927060171961784,0.5456055402755737,0.8101093769073486,-0.03798521310091019,0.5628371238708496,0.7568208575248718,-0.037145186215639114,0.5729243755340576,0.719616174697876,-0.03524690121412277,0.5197036862373352,0.9430037140846252,-0.026691986247897148,0.539074182510376,0.8575100302696228,-0.033001646399497986,0.5249736309051514,0.8416996002197266,-0.02949480153620243,0.5095174908638,0.845869243144989,-0.024226240813732147,0.5266382098197937,0.9635310769081116,-0.022373944520950317,0.5342646241188049,0.8935468196868896,-0.02540183998644352,0.5238263010978699,0.8739423751831055,-0.020459160208702087,0.5128072500228882,0.8753073811531067,-0.014623159542679787
0.4209224581718445,0.9961696267127991,1.4254743518904434e-07,0.4231654405593872,0.9016698002815247,-0.007457990664988756,0.45717862248420715,0.8401365876197815,-0.012174399569630623,0.49640610814094543,0.8202642202377319,-0.01422516256570816,0.5201540589332581,0.8186124563217163,-0.0157226100564003,0.47469931840896606,0.856178343296051,-0.032688405364751816,0.5200861096382141,0.7655740976333618,-0.04030165076255798,0.543329119682312,0.7250776290893555,-0.03997247293591499,0.5611114501953125,0.6976892948150635,-0.0380728617310524,0.4979937672615051,0.9032338857650757,-0.031224260106682777,0.5409255027770996,0.8121933341026306,-0.03967578709125519,0.5597423911094666,0.7586276531219482,-0.03995533287525177,0.5711365342140198,0.7217890024185181,-0.03855443745851517,0.5132638216018677,0.9420406222343445,-0.02777841128408909,0.5347226858139038,0.8583567142486572,-0.035745639353990555,0.5211361050605774,0.8409414291381836,-0.03293432295322418,0.5058026313781738,0.8443730473518372,-0.027643457055091858,0.5207334756851196,0.9640331864356995,-0.024187391623854637,0.5299971103668213,0.8928927183151245,-0.02843603491783142,0.5196081399917603,0.8729763627052307,-0.023668445646762848,0.5084816217422485,0.8751296401023865,-0.017602702602744102
0.4181058406829834,0.9961059093475342,1.6875169706054294e-07,0.4193337559700012,0.9022449254989624,-0.008075922727584839,0.4535070061683655,0.8412357568740845,-0.013285255059599876,0.49289461970329285,0.8234385251998901,-0.015643293038010597,0.5176138877868652,0.8233460187911987,-0.017541976645588875,0.47153204679489136,0.8534533977508545,-0.03405013680458069,0.5180908441543579,0.7643464207649231,-0.04194564372301102,0.5428104400634766,0.7247655391693115,-0.041840165853500366,0.5617520809173584,0.6990507245063782,-0.0401010736823082,0.4943543076515198,0.9026451110839844,-0.03249254822731018,0.5382789373397827,0.8124501705169678,-0.040883276611566544,0.5573746562004089,0.7609700560569763,-0.040913477540016174,0.5692504048347473,0.7269075512886047,-0.03950541466474533,0.5094918012619019,0.9432172179222107,-0.028981545940041542,0.5321107506752014,0.8588260412216187,-0.03715643659234047,0.5181750655174255,0.842902421951294,-0.03397473320364952,0.5026668310165405,0.8484964966773987,-0.028514159843325615,0.5172823667526245,0.9669134020805359,-0.025335662066936493,0.5261906981468201,0.8936787247657776,-0.029949739575386047,0.5151099562644958,0.8761155009269714,-0.024931762367486954,0.5040916204452515,0.880964457988739,-0.01870204508304596
0.41316527128219604,0.9945436716079712,1.81284178779606e-07,0.41545119881629944,0.9026888012886047,-0.006581409834325314,0.4493884742259979,0.8428812623023987,-0.01066217664629221,0.48844143748283386,0.8256798982620239,-0.012515871785581112,0.5124146342277527,0.8269234299659729,-0.013804140500724316,0.46689507365226746,0.850436806678772,-0.028733819723129272,0.5143576860427856,0.767549455165863,-0.03604111447930336,0.5399796366691589,0.7297395467758179,-0.03600217029452324,0.5592771172523499,0.705077052116394,-0.03433007746934891,0.4886588156223297,0.8989986181259155,-0.028003202751278877,0.5331886410713196,0.8152189254760742,-0.03604710474610329,0.55423504114151,0.764952540397644,-0.03693951666355133,0.5676769018173218,0.7309302091598511,-0.03618056699633598,0.5037020444869995,0.9403217434883118,-0.02553650178015232,0.5283353924751282,0.8611307144165039,-0.034261271357536316,0.5150356292724609,0.8449941277503967,-0.03231137990951538,0.4992707669734955,0.8492022156715393,-0.02744373492896557,0.5119322538375854,0.9658496379852295,-0.02282293513417244,0.5225040912628174,0.8948047161102295,-0.02791258692741394,0.5119544267654419,0.8775061964988708,-0.02359287440776825,0.5009223818778992,0.8822656273841858,-0.017712559551000595
0.4097127318382263,0.9946687817573547,1.9989521149454959e-07,0.41129064559936523,0.9030686020851135,-0.006864195689558983,0.4445410668849945,0.8422096371650696,-0.011593163944780827,0.4836372137069702,0.825194776058197,-0.013649147935211658,0.5085598826408386,0.8281553983688354,-0.01533482689410448,0.4610091745853424,0.8496413230895996,-0.032017529010772705,0.5102665424346924,0.7692226767539978,-0.03936899080872536,0.536848783493042,0.732159435749054,-0.039165887981653214,0.5570341348648071,0.7070550322532654,-0.037477195262908936,0.482570618391037,0.8987097144126892,-0.03094247542321682,0.5294625759124756,0.8169518113136292,-0.038726240396499634,0.5501924157142639,0.7677965760231018,-0.038783200085163116,0.5633533596992493,0.7341686487197876,-0.037626560777425766,0.4980282187461853,0.9402996897697449,-0.027805674821138382,0.5247824788093567,0.8615666031837463,-0.03571604564785957,0.5111346244812012,0.8464581966400146,-0.03236645087599754,0.4947495758533478,0.8518194556236267,-0.0268450565636158,0.506733238697052,0.9660916328430176,-0.024420469999313354,0.5186721682548523,0.8938313722610474,-0.028756484389305115,0.5077710151672363,0.8783431053161621,-0.02329324372112751,0.4964074492454529,0.8851578831672668,-0.016795512288808823
0.4068135917186737,0.995606541633606,2.2988454873029696e-07,0.4085606336593628,0.9040164947509766,-0.0068547227419912815,0.4418002665042877,0.842296302318573,-0.011875942349433899,0.4810616075992584,0.8267983794212341,-0.01428357232362032,0.5058568120002747,0.8310549855232239,-0.016338640823960304,0.45709219574928284,0.8473968505859375,-0.03206155449151993,0.5067984461784363,0.7694676518440247,-0.04025127366185188,0.5339535474777222,0.7331970930099487,-0.04088349640369415,0.5546586513519287,0.708460807800293,-0.03971386328339577,0.47855913639068604,0.8968870639801025,-0.031200986355543137,0.5257387757301331,0.8167192935943604,-0.03949947655200958,0.5473713278770447,0.7676714062690735,-0.04024229198694229,0.5617959499359131,0.7334729433059692,-0.03963571786880493,0.4941961169242859,0.9392104148864746,-0.028287360444664955,0.5211734771728516,0.8603940010070801,-0.03669433295726776,0.507809579372406,0.8464252352714539,-0.033576734364032745,0.49144652485847473,0.8526164293289185,-0.028131509199738503,0.5030544400215149,0.9659034609794617,-0.025128884240984917,0.5150056481361389,0.8934974670410156,-0.029784254729747772,0.5040531158447266,0.8791477680206299,-0.024286361411213875,0.4926569163799286,0.886791467666626,-0.0176813006401062
0.4037918746471405,0.9951792359352112,2.5637325506977504e-07,0.4054194986820221,0.9042059779167175,-0.0071688368916511536,0.4387655258178711,0.8416652679443359,-0.012359224259853363,0.47854214906692505,0.8257389068603516,-0.015056748874485493,0.5042871832847595,0.8295719027519226,-0.01715351827442646,0.4535612463951111,0.845020055770874,-0.030716165900230408,0.5046161413192749,0.7682874202728271,-0.03866640105843544,0.5318174958229065,0.732473611831665,-0.03923985734581947,0.5523837208747864,0.7085464000701904,-0.038045261055231094,0.47466766834259033,0.8956782817840576,-0.02999057248234749,0.5227727890014648,0.8162773847579956,-0.03854812681674957,0.5453324317932129,0.7681721448898315,-0.03984561190009117,0.560804009437561,0.7353300452232361,-0.039622947573661804,0.49041351675987244,0.9388545751571655,-0.02741023525595665,0.5186322927474976,0.8601019382476807,-0.036777205765247345,0.5048866271972656,0.8468551635742188,-0.034476395696401596,0.4883668124675751,0.8538070917129517,-0.029318278655409813,0.499822735786438,0.9659914970397949,-0.024544071406126022,0.5125598907470703,0.8939831852912903,-0.030128538608551025,0.5015249848365784,0.8805387020111084,-0.025234080851078033,0.49025651812553406,0.8895036578178406,-0.018890326842665672
0.4013286232948303,0.9955108165740967,2.6174978984272457e-07,0.4036996066570282,0.903297483921051,-0.006434180308133364,0.4371268153190613,0.840683102607727,-0.011597693897783756,0.4774988293647766,0.8243773579597473,-0.014623656868934631,0.5040367841720581,0.8269307613372803,-0.01696133241057396,0.4512300193309784,0.8425342440605164,-0.029230087995529175,0.5024898052215576,0.7663505673408508,-0.03767126053571701,0.5301455855369568,0.7317111492156982,-0.03875579684972763,0.5512586236000061,0.7079889178276062,-0.0379907600581646,0.472023069858551,0.8944336771965027,-0.029435209929943085,0.5210462212562561,0.8158508539199829,-0.037745583802461624,0.5432214140892029,0.7688002586364746,-0.03869166597723961,0.5582147836685181,0.7366646528244019,-0.03843644633889198,0.4868577718734741,0.9394482374191284,-0.02799096331000328,0.5168598890304565,0.8620608448982239,-0.03734266385436058,0.5036085247993469,0.847444474697113,-0.034559041261672974,0.4873887896537781,0.853100061416626,-0.02919730916619301,0.4953586459159851,0.9691591262817383,-0.02629498951137066,0.5102964639663696,0.8981958031654358,-0.03185534477233887,0.49947771430015564,0.8832972645759583,-0.026648007333278656,0.4878225326538086,0.890989363193512,-0.020185962319374084
0.3978675603866577,0.999150812625885,2.7033368610318576e-07,0.3999829888343811,0.9060661196708679,-0.006683839950710535,0.43312370777130127,0.8422030210494995,-0.01185604277998209,0.47359636425971985,0.8260911703109741,-0.014951206743717194,0.5002237558364868,0.829389214515686,-0.017280785366892815,0.4476883113384247,0.8418287634849548,-0.028318678960204124,0.49959808588027954,0.7696400880813599,-0.036710985004901886,0.5274911522865295,0.7350988388061523,-0.03810669481754303,0.5487415790557861,0.7107160687446594,-0.03778248652815819,0.4690122604370117,0.8946165442466736,-0.028430389240384102,0.5174880027770996,0.8196048736572266,-0.037002913653850555,0.5407967567443848,0.7720603942871094,-0.038820039480924606,0.5568245053291321,0.7385383248329163,-0.03945150971412659,0.4846665561199188,0.9397858381271362,-0.02697749063372612,0.5150511264801025,0.8637682795524597,-0.03679804131388664,0.5022562146186829,0.8485435843467712,-0.035030726343393326,0.4855242073535919,0.8535731434822083,-0.03046344965696335,0.49383634328842163,0.9690521955490112,-0.02530345320701599,0.5085068941116333,0.898288905620575,-0.03154123201966286,0.4975138306617737,0.8829512000083923,-0.027348915114998817,0.4853610694408417,0.89015132188797,-0.02166726253926754
0.39700183272361755,1.0010340213775635,2.6254997465002816e-07,0.3992137312889099,0.9063024520874023,-0.006384276319295168,0.4329971671104431,0.8395395874977112,-0.01121144462376833,0.4747881293296814,0.8195250630378723,-0.013632549904286861,0.5023894309997559,0.821575403213501,-0.015025408938527107,0.4446266293525696,0.8420807123184204,-0.02851095050573349,0.49827954173088074,0.7690759301185608,-0.0355130210518837,0.5260367393493652,0.7363852262496948,-0.035469938069581985,0.5468266010284424,0.7131909728050232,-0.03408539667725563,0.46604210138320923,0.8959363102912903,-0.028137890622019768,0.5158081650733948,0.818840742111206,-0.035085394978523254,0.5395244359970093,0.7716147899627686,-0.03560049831867218,0.5552734136581421,0.7379047870635986,-0.03555800020694733,0.4822908937931061,0.94045490026474,-0.026085613295435905,0.5154927968978882,0.8615153431892395,-0.033890001475811005,0.5063413381576538,0.839278519153595,-0.03166425600647926,0.49205324053764343,0.8372651934623718,-0.027465013787150383,0.4925414025783539,0.968220055103302,-0.023762868717312813,0.5088390111923218,0.8934988379478455,-0.02856961078941822,0.4991508722305298,0.8711169958114624,-0.024319086223840714,0.487277626991272,0.8716431856155396,-0.019005071371793747
0.3964979648590088,1.0004329681396484,2.737616284775868e-07,0.39916887879371643,0.904930055141449,-0.006412622984498739,0.4321323037147522,0.8394731879234314,-0.011450027115643024,0.4724183678627014,0.8197580575942993,-0.01451366301625967,0.49924981594085693,0.8212288022041321,-0.016577547416090965,0.4425339698791504,0.8405662178993225,-0.0273385401815176,0.4958611726760864,0.7689547538757324,-0.03463976830244064,0.5235424637794495,0.7362579703330994,-0.03500160202383995,0.5446022748947144,0.7130365967750549,-0.033928241580724716,0.4637451767921448,0.894189178943634,-0.027295276522636414,0.512585461139679,0.8186085820198059,-0.03512920066714287,0.5364394187927246,0.7710506916046143,-0.036559540778398514,0.5523697137832642,0.7376136779785156,-0.037161823362112045,0.48036617040634155,0.938848614692688,-0.02567870542407036,0.5153155326843262,0.8611752986907959,-0.03449326753616333,0.5052816271781921,0.8402853608131409,-0.03278796747326851,0.48975515365600586,0.8399989008903503,-0.028752027079463005,0.4911973178386688,0.966309130191803,-0.0238101314753294,0.5091066956520081,0.8917335867881775,-0.029129672795534134,0.49908608198165894,0.8699254989624023,-0.025098832324147224,0.48655882477760315,0.8711713552474976,-0.01990843564271927
0.39790070056915283,1.0094062089920044,2.752636873992742e-07,0.3986835479736328,0.9129533171653748,-0.006163039710372686,0.4314318597316742,0.8436678647994995,-0.011394083499908447,0.47185420989990234,0.8200843334197998,-0.014558537863194942,0.498929500579834,0.8185690641403198,-0.01685679703950882,0.44026094675064087,0.8462575674057007,-0.0290809515863657,0.4938001334667206,0.7737544775009155,-0.03656529635190964,0.5222034454345703,0.7404743432998657,-0.03669200465083122,0.5438291430473328,0.7164565920829773,-0.03545764833688736,0.4625296890735626,0.9011006355285645,-0.029424896463751793,0.5124649405479431,0.8225896954536438,-0.037463173270225525,0.5366328358650208,0.774957537651062,-0.03861837089061737,0.5528116822242737,0.7412275671958923,-0.03901967033743858,0.48040086030960083,0.9475466012954712,-0.027957482263445854,0.5169653296470642,0.8670505285263062,-0.03709223121404648,0.5061793327331543,0.8455088138580322,-0.03480247035622597,0.4901779294013977,0.8443844318389893,-0.030356664210557938,0.4926394820213318,0.9768750667572021,-0.026123523712158203,0.5111141800880432,0.8988525867462158,-0.03178313747048378,0.4999192953109741,0.8769018054008484,-0.02741217240691185,0.4867497682571411,0.8781301975250244,-0.02198789268732071
0.401218056678772,1.010253667831421,2.820336817421776e-07,0.4017990827560425,0.9138129353523254,-0.007493630517274141,0.4344377815723419,0.8451000452041626,-0.013462063856422901,0.47518184781074524,0.8207157850265503,-0.016779446974396706,0.5026225447654724,0.8157684803009033,-0.019133184105157852,0.44249680638313293,0.8521558046340942,-0.0313216894865036,0.49613428115844727,0.7773672342300415,-0.038433320820331573,0.5237554311752319,0.7433817982673645,-0.038059450685977936,0.5452044606208801,0.7189621329307556,-0.03646627068519592,0.4660434424877167,0.9060723185539246,-0.030603455379605293,0.5151403546333313,0.8233775496482849,-0.03722196817398071,0.5382829308509827,0.7752889394760132,-0.03734239190816879,0.5539462566375732,0.7422369718551636,-0.03742191195487976,0.48498374223709106,0.950671374797821,-0.02806222438812256,0.5226378440856934,0.8674415946006775,-0.03471657633781433,0.5129808187484741,0.8393518328666687,-0.031096382066607475,0.4984206557273865,0.8321036696434021,-0.026700960472226143,0.4980272352695465,0.9775769114494324,-0.025352563709020615,0.5162608027458191,0.8971818685531616,-0.029206542298197746,0.5061764717102051,0.8695821166038513,-0.024220265448093414,0.49443507194519043,0.8644325733184814,-0.018885625526309013
0.4083760380744934,1.0155456066131592,2.6031719357888505e-07,0.40813148021698,0.9183480739593506,-0.00860283151268959,0.4400285482406616,0.8493700623512268,-0.015179654583334923,0.47988706827163696,0.8228874206542969,-0.019091172143816948,0.5061907768249512,0.8156563639640808,-0.022094491869211197,0.44761475920677185,0.8601030111312866,-0.03325512632727623,0.49987107515335083,0.7842749953269958,-0.041330695152282715,0.5269902348518372,0.7483292818069458,-0.04128248617053032,0.5481847524642944,0.7224980592727661,-0.03987211361527443,0.4713422358036041,0.9128717184066772,-0.03258715569972992,0.5195739269256592,0.829204261302948,-0.04059036821126938,0.5405898094177246,0.7784941792488098,-0.04068231210112572,0.5543663501739502,0.7449320554733276,-0.04048588126897812,0.49018675088882446,0.9578269720077515,-0.030235327780246735,0.5279049873352051,0.8731528520584106,-0.03900177404284477,0.5155948996543884,0.8501598238945007,-0.035638581961393356,0.4991001486778259,0.8502421379089355,-0.03063155896961689,0.5034555792808533,0.9861853122711182,-0.027750490233302116,0.5233009457588196,0.9054150581359863,-0.033372197300195694,0.5129028558731079,0.8791611194610596,-0.029167158529162407,0.5005525350570679,0.8772310018539429,-0.023978976532816887
0.4174281656742096,1.020969271659851,2.683777609036042e-07,0.4150835871696472,0.9220520853996277,-0.006737701594829559,0.4474126696586609,0.8536583185195923,-0.011724026873707771,0.48801153898239136,0.8314886093139648,-0.014184704050421715,0.5152372121810913,0.8298293352127075,-0.015963489189743996,0.4570378363132477,0.8620767593383789,-0.029339954257011414,0.5080063343048096,0.7875852584838867,-0.035163067281246185,0.5342658162117004,0.7516880631446838,-0.03458115831017494,0.5545772314071655,0.7259432077407837,-0.033006828278303146,0.4798954427242279,0.914681613445282,-0.028803540393710136,0.5268067717552185,0.8328904509544373,-0.03380824625492096,0.5483253002166748,0.7810202240943909,-0.03331611678004265,0.563120424747467,0.7454230189323425,-0.03329582139849663,0.49781298637390137,0.9597187638282776,-0.026463450863957405,0.5357388257980347,0.8763397932052612,-0.03178055211901665,0.526610791683197,0.8476738333702087,-0.028064507991075516,0.5123484134674072,0.8421345353126526,-0.023876454681158066,0.5104034543037415,0.9886780977249146,-0.023968348279595375,0.5308812856674194,0.910312294960022,-0.02730029821395874,0.5223860740661621,0.8815456032752991,-0.022308848798274994,0.5110140442848206,0.8768443465232849,-0.01703900285065174
0.4247356951236725,1.0167077779769897,2.677213331025996e-07,0.4244955778121948,0.9191567301750183,-0.0067985812202095985,0.4583185613155365,0.853604793548584,-0.012305650860071182,0.49966588616371155,0.8302434682846069,-0.014975333586335182,0.5272591710090637,0.8283141851425171,-0.016965946182608604,0.4690009653568268,0.8665904998779297,-0.03141360729932785,0.5191096663475037,0.7917017936706543,-0.03732037544250488,0.5454348921775818,0.7550238370895386,-0.03648900240659714,0.5650191903114319,0.7291907072067261,-0.03450914844870567,0.4912187159061432,0.9209429621696472,-0.03078978694975376,0.538677453994751,0.8392776846885681,-0.0358666367828846,0.5592790842056274,0.7865681648254395,-0.03466785326600075,0.5716522336006165,0.7494369149208069,-0.03380044549703598,0.5079878568649292,0.9655671715736389,-0.028133437037467957,0.5473206043243408,0.8827692866325378,-0.03261368349194527,0.5449575781822205,0.8424838185310364,-0.02840728685259819,0.5360289812088013,0.8246173858642578,-0.024200579151511192,0.5188961625099182,0.9924929141998291,-0.025266898795962334,0.5416749119758606,0.9153186678886414,-0.02726363018155098,0.5354686975479126,0.8806028366088867,-0.02117486111819744,0.5254871845245361,0.8695686459541321,-0.015281439758837223
0.43344351649284363,1.01603364944458,2.2693674850415846e-07,0.43346932530403137,0.9198556542396545,-0.00829380750656128,0.4670807421207428,0.8543655276298523,-0.01412409171462059,0.5089054107666016,0.8325219750404358,-0.016354875639081,0.5363098978996277,0.8310369253158569,-0.017978185787796974,0.47832801938056946,0.867164134979248,-0.034607380628585815,0.5298736691474915,0.7886704206466675,-0.04133104532957077,0.5563249588012695,0.7518401741981506,-0.04078611359000206,0.5755538940429688,0.7244695425033569,-0.038971662521362305,0.5006371736526489,0.9225893616676331,-0.032736875116825104,0.5500451326370239,0.8393405079841614,-0.037552375346422195,0.5708559155464172,0.789010763168335,-0.035765618085861206,0.5830951929092407,0.7529763579368591,-0.03457630053162575,0.5170661211013794,0.9671068787574768,-0.028908997774124146,0.5586907267570496,0.882560670375824,-0.0327126644551754,0.5605388879776001,0.8393559455871582,-0.02843591757118702,0.5550289154052734,0.8178690671920776,-0.024660492315888405,0.5274806022644043,0.994702160358429,-0.024977434426546097,0.5495428442955017,0.9167932868003845,-0.02700079418718815,0.5463547110557556,0.8785247802734375,-0.021667473018169403,0.53939288854599,0.8625491857528687,-0.016509445384144783
0.4428505003452301,1.0136569738388062,2.1405342920388648e-07,0.44182175397872925,0.9187957048416138,-0.010130923241376877,0.4760172367095947,0.8506621718406677,-0.016883209347724915,0.5169956684112549,0.8229551911354065,-0.018542874604463577,0.5436839461326599,0.8133327960968018,-0.019504321739077568,0.4838625490665436,0.8716570138931274,-0.04401107877492905,0.538913369178772,0.7863713502883911,-0.05096228048205376,0.5662074089050293,0.747978687286377,-0.04836967960000038,0.5845156311988831,0.7200915217399597,-0.044683679938316345,0.5085012912750244,0.9247397184371948,-0.04012218862771988,0.563554584980011,0.8349701166152954,-0.047185949981212616,0.5827526450157166,0.783569872379303,-0.0439058318734169,0.5908775925636292,0.7468429803848267,-0.0403321273624897,0.5269691944122314,0.9639056324958801,-0.03356350213289261,0.5702719688415527,0.8709474802017212,-0.03743048012256622,0.5764424800872803,0.8231595754623413,-0.03207165375351906,0.5744848847389221,0.7968936562538147,-0.027347495779395103,0.5380964279174805,0.9848362803459167,-0.02670709416270256,0.5583817958831787,0.9006929993629456,-0.02782607637345791,0.5557220578193665,0.8580476641654968,-0.021709203720092773,0.5494498610496521,0.8375322818756104,-0.01597573608160019
0.45285287499427795,0.9981079697608948,2.0724129967675253e-07,0.4521234333515167,0.9052618145942688,-0.010513226501643658,0.4834569990634918,0.8383667469024658,-0.018638314679265022,0.5219102501869202,0.8087493181228638,-0.021725265309214592,0.5473377704620361,0.8008301854133606,-0.024432476609945297,0.49536794424057007,0.8651977777481079,-0.048585496842861176,0.5498374104499817,0.7779225707054138,-0.05590353161096573,0.5743837952613831,0.7389796376228333,-0.05319974198937416,0.5911118388175964,0.7113503217697144,-0.04958932101726532,0.5207749009132385,0.9150122404098511,-0.04449569806456566,0.5742855072021484,0.821297824382782,-0.05107317864894867,0.5907835960388184,0.7693268656730652,-0.04631556570529938,0.5962091088294983,0.7349405288696289,-0.041930247098207474,0.5393334627151489,0.9536165595054626,-0.03740323334932327,0.5726516246795654,0.8609644174575806,-0.039570752531290054,0.5641661286354065,0.8315759897232056,-0.030990058556199074,0.5508646965026855,0.8262541890144348,-0.02411653846502304,0.5505174994468689,0.9758985042572021,-0.03038746677339077,0.5631539821624756,0.8966343402862549,-0.030589621514081955,0.5532065033912659,0.8671290874481201,-0.023152153939008713,0.541630208492279,0.861244797706604,-0.01648830436170101
0.4588780403137207,0.9925575852394104,1.44762125842135e-07,0.4580489993095398,0.8998291492462158,-0.008785718120634556,0.48801565170288086,0.8348749279975891,-0.015350254252552986,0.5252428650856018,0.8115531802177429,-0.01807289943099022,0.5490884184837341,0.8099821209907532,-0.02044631913304329,0.5044038891792297,0.8574703931808472,-0.04133986681699753,0.5527582764625549,0.7709454894065857,-0.04932686313986778,0.5766658782958984,0.7316876649856567,-0.04824221134185791,0.594387948513031,0.704357385635376,-0.04568316787481308,0.5311551690101624,0.9031585454940796,-0.03811055049300194,0.577582597732544,0.8144948482513428,-0.044617753475904465,0.5930599570274353,0.7625333666801453,-0.04111960530281067,0.5996258854866028,0.7276255488395691,-0.03727101907134056,0.5496258735656738,0.9389033317565918,-0.032288290560245514,0.572368860244751,0.8519152998924255,-0.035260189324617386,0.5605276823043823,0.8318368792533875,-0.02758547104895115,0.5459582209587097,0.8333626985549927,-0.020497148856520653,0.5591804385185242,0.9585448503494263,-0.026650642976164818,0.5677921772003174,0.8845335245132446,-0.026899587363004684,0.5574268102645874,0.8613156676292419,-0.019381163641810417,0.5465772747993469,0.8588646650314331,-0.012150074355304241
0.46400949358940125,0.9858876466751099,1.0968422259338695e-07,0.46246176958084106,0.8939205408096313,-0.005959120579063892,0.4931704103946686,0.8289309144020081,-0.009843073785305023,0.5294641852378845,0.8105679750442505,-0.010762044228613377,0.5530064105987549,0.8166688680648804,-0.011487184092402458,0.5136682391166687,0.8471656441688538,-0.03360800817608833,0.557133138179779,0.7589899301528931,-0.03942849859595299,0.5779288411140442,0.7198140621185303,-0.03748376667499542,0.5929690599441528,0.6930163502693176,-0.03439400717616081,0.5400028228759766,0.8898075222969055,-0.03140230476856232,0.5819315910339355,0.7999199032783508,-0.036139778792858124,0.5945176482200623,0.7486806511878967,-0.03258630633354187,0.5994371175765991,0.7150726914405823,-0.028401624411344528,0.556909441947937,0.9251962900161743,-0.026814034208655357,0.5743401050567627,0.8446528315544128,-0.028887320309877396,0.5602107048034668,0.8292570114135742,-0.022191794589161873,0.5452541708946228,0.8338906764984131,-0.015446520410478115,0.5643263459205627,0.9468350410461426,-0.0222281813621521,0.5704913139343262,0.8794088363647461,-0.021164236590266228,0.5596523880958557,0.8615365028381348,-0.013383050449192524,0.5489110350608826,0.862801730632782,-0.005884136073291302
0.46773481369018555,0.9829593300819397,7.576105787165943e-08,0.4657805562019348,0.8898411393165588,-0.004715729970484972,0.4951297342777252,0.8253723978996277,-0.006913773715496063,0.5294731855392456,0.8090986013412476,-0.0068914927542209625,0.5510343313217163,0.8138288259506226,-0.006574174854904413,0.5199187994003296,0.8375334143638611,-0.026366624981164932,0.5586677193641663,0.7515068054199219,-0.0317138135433197,0.577349841594696,0.7113882899284363,-0.03075348399579525,0.5906356573104858,0.6836317181587219,-0.02845759131014347,0.5463916063308716,0.8793858885765076,-0.02477814257144928,0.5845149159431458,0.7925592064857483,-0.029406681656837463,0.595327615737915,0.7409602403640747,-0.02759518474340439,0.5991254448890686,0.7066800594329834,-0.02451435849070549,0.5625463128089905,0.9156707525253296,-0.021181127056479454,0.5757493376731873,0.8409570455551147,-0.024061623960733414,0.5604849457740784,0.8295443654060364,-0.019356636330485344,0.5448858141899109,0.8370230197906494,-0.013568914495408535,0.5689303874969482,0.9392127394676208,-0.01755295880138874,0.5716049671173096,0.8760942220687866,-0.017090650275349617,0.5600138306617737,0.8616697192192078,-0.010346894152462482,0.5491885542869568,0.8655475378036499,-0.0033940982539206743
0.4716804623603821,0.9893748164176941,2.8088388503988426e-08,0.46290338039398193,0.8976258039474487,-0.002481237519532442,0.4888807535171509,0.8291774988174438,-0.0022337394766509533,0.521134614944458,0.8061921000480652,-0.00024605056387372315,0.5410646200180054,0.8035080432891846,0.0020752118434756994,0.5239551663398743,0.8313114643096924,-0.01911877654492855,0.5589544773101807,0.7436032295227051,-0.02179391123354435,0.5754384398460388,0.7014840841293335,-0.02006489969789982,0.5871148109436035,0.6731775999069214,-0.01742674596607685,0.5508522391319275,0.871748685836792,-0.01773478277027607,0.5857287049293518,0.7849187850952148,-0.019512243568897247,0.5940126180648804,0.731718122959137,-0.017571059986948967,0.5960208773612976,0.6969702243804932,-0.014640976674854755,0.5663777589797974,0.9080420732498169,-0.014508599415421486,0.5775036215782166,0.8351653814315796,-0.01525710429996252,0.5615040063858032,0.8243133425712585,-0.011981053277850151,0.5458230376243591,0.8331310153007507,-0.007563567254692316,0.5720522403717041,0.9326178431510925,-0.011082950048148632,0.5720560550689697,0.8714497089385986,-0.008671826682984829,0.5601322650909424,0.8585318922996521,-0.002500651404261589,0.5487979054450989,0.8644953966140747,0.003699063789099455
0.46954625844955444,0.9902183413505554,2.9691770819795238e-08,0.4597811698913574,0.8996825218200684,-0.002377570839598775,0.4839988350868225,0.8328394293785095,-0.0011411429150030017,0.5141661763191223,0.8072635531425476,0.0013087681727483869,0.5301223397254944,0.7994930744171143,0.004325400572270155,0.5258511900901794,0.8274025917053223,-0.0130461435765028,0.5548248291015625,0.7378965020179749,-0.015292013995349407,0.5694684386253357,0.6941837668418884,-0.014595713466405869,0.5803021192550659,0.6642767190933228,-0.01288601104170084,0.5527068972587585,0.8672443628311157,-0.012200967408716679,0.583355188369751,0.7804396748542786,-0.014037733897566795,0.5908148884773254,0.7264013290405273,-0.013722708448767662,0.5928338170051575,0.689420223236084,-0.011792906560003757,0.5670011043548584,0.9037663340568542,-0.010037790052592754,0.5752227902412415,0.834525465965271,-0.012390604242682457,0.5600962042808533,0.8192667365074158,-0.01148737221956253,0.5451170206069946,0.8238950371742249,-0.008151979185640812,0.5711156725883484,0.9286308884620667,-0.007639890071004629,0.5698964595794678,0.8707761764526367,-0.007125054486095905,0.5575424432754517,0.8551282286643982,-0.0024416111409664154,0.5450785756111145,0.8586028218269348,0.0031485925428569317
0.4685269892215729,0.9885908961296082,2.1252596127396828e-08,0.46010756492614746,0.8939841985702515,-0.00047998089576140046,0.4859839677810669,0.8247566223144531,0.0014260165626183152,0.5178122520446777,0.8036473989486694,0.004193692002445459,0.5367496609687805,0.8009347915649414,0.007366658188402653,0.5255798697471619,0.8223651647567749,-0.011138898320496082,0.5544942021369934,0.7325734496116638,-0.012469686567783356,0.5683469772338867,0.6895966529846191,-0.010961020365357399,0.5786753296852112,0.6614544987678528,-0.008648623712360859,0.5517465472221375,0.8639055490493774,-0.010952423326671124,0.5827374458312988,0.7762253880500793,-0.012071836739778519,0.5886949896812439,0.7234334349632263,-0.011431016027927399,0.5897601842880249,0.6897028684616089,-0.009242151863873005,0.5658267140388489,0.9021186828613281,-0.009263230487704277,0.5734971761703491,0.8358348608016968,-0.010853732004761696,0.5570668578147888,0.8222532868385315,-0.009959721006453037,0.541824996471405,0.8289443850517273,-0.006719247903674841,0.5702361464500427,0.9288206100463867,-0.007104947231709957,0.5692301392555237,0.8726274371147156,-0.005417632404714823,0.5561668872833252,0.85917067527771,-6.346080044750124e-05,0.5438594222068787,0.8646711111068726,0.005829749628901482
0.46727314591407776,0.9943863749504089,1.3474071858254888e-09,0.45758432149887085,0.9031838178634644,-0.0010415510041639209,0.4810015857219696,0.8340826034545898,0.0010530314175412059,0.5108855366706848,0.8081372380256653,0.004040433093905449,0.5255765914916992,0.7982339859008789,0.007436823565512896,0.5260549783706665,0.8254666924476624,-0.011288275942206383,0.5542821884155273,0.7360360622406006,-0.01305368822067976,0.5676246881484985,0.6941671371459961,-0.011936037801206112,0.5774819850921631,0.6665922999382019,-0.009870357811450958,0.5520816445350647,0.8677307367324829,-0.01115962490439415,0.5821598172187805,0.7792966365814209,-0.012803197838366032,0.5883672833442688,0.7256571054458618,-0.012406880967319012,0.5895957946777344,0.6905286908149719,-0.01035295519977808,0.5653491020202637,0.9068235754966736,-0.009651849046349525,0.570874810218811,0.8402554988861084,-0.012152306735515594,0.5549134612083435,0.8292483687400818,-0.01174208801239729,0.5397906303405762,0.8378761410713196,-0.008693895302712917,0.5688972473144531,0.9338513612747192,-0.00778774730861187,0.5668069124221802,0.8802887797355652,-0.0072446223348379135,0.5535610914230347,0.8680031895637512,-0.002832784317433834,0.5406399965286255,0.8737374544143677,0.0024880352430045605
0.46630656719207764,0.9975945353507996,-1.6182960749233644e-08,0.45646971464157104,0.9066228270530701,-9.618519834475592e-05,0.4775954484939575,0.8385699391365051,0.0024163660127669573,0.5024488568305969,0.8091421127319336,0.005521112587302923,0.5111539959907532,0.7917358875274658,0.008812189102172852,0.5253891944885254,0.8281219601631165,-0.010210017673671246,0.5530133247375488,0.7419240474700928,-0.012212947942316532,0.5666811466217041,0.7007070183753967,-0.011279506608843803,0.5767766833305359,0.6720631122589111,-0.009319684468209743,0.5516002178192139,0.8700500726699829,-0.010639413259923458,0.5806841850280762,0.7838801741600037,-0.012182943522930145,0.5855849385261536,0.731326699256897,-0.011436007916927338,0.5852766036987305,0.6965659260749817,-0.009228548035025597,0.5646611452102661,0.9095367193222046,-0.009787200950086117,0.5675624012947083,0.845274031162262,-0.01212797686457634,0.5525978207588196,0.8355698585510254,-0.011807787232100964,0.5386075377464294,0.8442234992980957,-0.008921022526919842,0.568028450012207,0.9369085431098938,-0.00853617861866951,0.5650928616523743,0.8839940428733826,-0.007345207035541534,0.5521044135093689,0.8729044795036316,-0.002801168942824006,0.5393090844154358,0.8788329362869263,0.002403642050921917
0.4635646641254425,0.9959968328475952,1.1711963843197282e-08,0.4574851393699646,0.9011613130569458,-0.0035749601665884256,0.48389923572540283,0.8332726955413818,-0.0038622890133410692,0.5149061679840088,0.8091564178466797,-0.002986599924042821,0.5308933854103088,0.8001803159713745,-0.0018381902482360601,0.5247843265533447,0.83510822057724,-0.01686542108654976,0.5534719824790955,0.7462474703788757,-0.021283438429236412,0.5667558908462524,0.7042465209960938,-0.02147575467824936,0.576919674873352,0.6746047735214233,-0.020275946706533432,0.5505305528640747,0.8782359957695007,-0.0165863074362278,0.5799326300621033,0.7881777882575989,-0.02087593264877796,0.5840502381324768,0.7352071404457092,-0.02081303857266903,0.5828463435173035,0.7008322477340698,-0.01874314248561859,0.5636120438575745,0.917621374130249,-0.015066136606037617,0.565943717956543,0.8495949506759644,-0.01972501538693905,0.5499304533004761,0.839414656162262,-0.01878814958035946,0.5354002118110657,0.8484584093093872,-0.01501999981701374,0.5666624903678894,0.9438495635986328,-0.01338975876569748,0.5633548498153687,0.8878797292709351,-0.013648719526827335,0.549799919128418,0.876177966594696,-0.008512147702276707,0.5373955965042114,0.8823325634002686,-0.002621627412736416
0.46044161915779114,0.9959743022918701,-1.7968473375873373e-09,0.456570029258728,0.8975812792778015,-0.003385678632184863,0.4848342835903168,0.8295992612838745,-0.00342470477335155,0.5177228450775146,0.8086241483688354,-0.002345376880839467,0.5360027551651001,0.8041462302207947,-0.0010156863136216998,0.5221273303031921,0.8378111124038696,-0.016361206769943237,0.5519285798072815,0.7465134859085083,-0.020230388268828392,0.5657135844230652,0.7053535580635071,-0.019766323268413544,0.5762889981269836,0.677196204662323,-0.018039200454950333,0.5475912094116211,0.8807128667831421,-0.015738895162940025,0.5774459838867188,0.7898035049438477,-0.019676825031638145,0.5821248292922974,0.739223301410675,-0.019219115376472473,0.5813515782356262,0.7067528963088989,-0.01682944782078266,0.5608208775520325,0.9189838171005249,-0.013827420771121979,0.5643259286880493,0.8497639298439026,-0.01809525489807129,0.5484786033630371,0.8392731547355652,-0.01673605665564537,0.5343294143676758,0.8472853899002075,-0.012737785466015339,0.5643898844718933,0.9440746307373047,-0.011796003207564354,0.5623371005058289,0.8875554800033569,-0.01173847820609808,0.5495949983596802,0.8764079213142395,-0.006437696050852537,0.5382324457168579,0.8824952840805054,-0.0004913271986879408
0.4580940008163452,1.0034379959106445,-9.522311827936392e-09,0.45265984535217285,0.9049832820892334,-0.0041933441534638405,0.48137298226356506,0.8335307240486145,-0.003873836947605014,0.5142711997032166,0.8088911771774292,-0.002094159834086895,0.5329434871673584,0.8036144375801086,1.2829825209337287e-05,0.5188338756561279,0.8441294431686401,-0.01737845130264759,0.5497157573699951,0.7497988939285278,-0.02147185616195202,0.5643069744110107,0.7074564695358276,-0.02086605317890644,0.5753418803215027,0.6792963743209839,-0.01902814581990242,0.544183611869812,0.887664794921875,-0.016436710953712463,0.5746486783027649,0.7940896153450012,-0.02094303071498871,0.5798495411872864,0.7424854040145874,-0.020707925781607628,0.5794325470924377,0.7094279527664185,-0.018393971025943756,0.5574362874031067,0.9255686402320862,-0.014257757924497128,0.5597859025001526,0.8545438051223755,-0.01937316171824932,0.5438239574432373,0.8447948098182678,-0.018548373132944107,0.5296316146850586,0.8535821437835693,-0.014801319688558578,0.5606265068054199,0.9491012096405029,-0.011986143887043,0.5578024983406067,0.8911668062210083,-0.013161266222596169,0.544788122177124,0.8799388408660889,-0.008787279017269611,0.5331647396087646,0.8859492540359497,-0.003382827388122678
0.4543633460998535,1.0049927234649658,-5.893258769873455e-09,0.4500165581703186,0.9066827297210693,-0.004064745269715786,0.4783427119255066,0.8355910181999207,-0.003952041734009981,0.5102756023406982,0.8079418540000916,-0.0018357484368607402,0.5281341671943665,0.8015100359916687,0.0006161570199765265,0.5157232284545898,0.8491669297218323,-0.02124209515750408,0.5485007166862488,0.7529845237731934,-0.0240126121789217,0.5631548762321472,0.7118355631828308,-0.021684547886252403,0.5743035078048706,0.6843579411506653,-0.018840426579117775,0.5408846139907837,0.8935118317604065,-0.019721517339348793,0.5719742774963379,0.7954789996147156,-0.023310568183660507,0.5769527554512024,0.743476152420044,-0.021168746054172516,0.576237142086029,0.7107719779014587,-0.01780386082828045,0.5539594292640686,0.9317678213119507,-0.01647932268679142,0.5581375956535339,0.8544239401817322,-0.019833814352750778,0.5430437922477722,0.8426308631896973,-0.01712610386312008,0.5293302536010742,0.8508050441741943,-0.012627702206373215,0.5569835901260376,0.9549124836921692,-0.013137449510395527,0.5555042624473572,0.8934913873672485,-0.01299614179879427,0.5431960821151733,0.8807608485221863,-0.007757935672998428,0.5318138003349304,0.8869946599006653,-0.0020675279665738344
0.45002058148384094,1.0059665441513062,1.1176429559611734e-08,0.44720458984375,0.904119074344635,-0.004735182970762253,0.4787302613258362,0.8333725333213806,-0.004953004419803619,0.5134620070457458,0.8121670484542847,-0.003174057463183999,0.5324620008468628,0.8123665452003479,-0.0011239107698202133,0.5110143423080444,0.8499916195869446,-0.02140681818127632,0.5458682179450989,0.7555515766143799,-0.024997232481837273,0.5618973970413208,0.7154112458229065,-0.023173164576292038,0.5738412737846375,0.6885890364646912,-0.02055620774626732,0.5359982848167419,0.8952531814575195,-0.01972411572933197,0.56854647397995,0.7997265458106995,-0.024026969447731972,0.5753220915794373,0.7484241724014282,-0.022516349330544472,0.5762075185775757,0.7152079343795776,-0.019515762105584145,0.5500648021697998,0.9333819150924683,-0.01647142507135868,0.5555930733680725,0.8551507592201233,-0.02066977508366108,0.5399277210235596,0.8433513641357422,-0.01829569786787033,0.5256596207618713,0.851223886013031,-0.01384216733276844,0.5545225739479065,0.9562684893608093,-0.013193409889936447,0.5529216527938843,0.8935645818710327,-0.01390297431498766,0.5401259660720825,0.8805603384971619,-0.009011447429656982,0.5289046764373779,0.8860747814178467,-0.0034238253720104694
0.44581758975982666,1.0059887170791626,3.9977155807946474e-08,0.44586944580078125,0.9021406173706055,-0.004813881125301123,0.47989654541015625,0.8351804614067078,-0.006104092579334974,0.5160974264144897,0.8196229338645935,-0.005740813445299864,0.5364140272140503,0.8225181102752686,-0.004994736984372139,0.5061774253845215,0.851252019405365,-0.02145838923752308,0.5427168011665344,0.7582831382751465,-0.02595560997724533,0.5588023662567139,0.7177509069442749,-0.024402054026722908,0.5704973340034485,0.6907147169113159,-0.021753324195742607,0.5310209393501282,0.8973866105079651,-0.02056562900543213,0.5649477243423462,0.8013312816619873,-0.025977445766329765,0.5731428861618042,0.7492419481277466,-0.02504172921180725,0.575577974319458,0.7147236466407776,-0.022232061251997948,0.5455849766731262,0.9358142614364624,-0.018205225467681885,0.553570568561554,0.854471743106842,-0.02325734682381153,0.5385433435440063,0.8418356776237488,-0.020819252356886864,0.5250930190086365,0.8489014506340027,-0.016022391617298126,0.5506635308265686,0.9589111804962158,-0.01584586873650551,0.5503545999526978,0.8933238983154297,-0.0167121272534132,0.5380650758743286,0.8777530789375305,-0.011317557655274868,0.5274856090545654,0.8811799883842468,-0.005222316365689039
0.4415741264820099,1.0060062408447266,5.1306457748978573e-08,0.4416664242744446,0.9036037921905518,-0.005713486112654209,0.47452014684677124,0.8367111086845398,-0.007959352806210518,0.5119228363037109,0.8155822157859802,-0.008022594265639782,0.5330941677093506,0.8109381794929504,-0.007360902149230242,0.4986844062805176,0.8526220917701721,-0.024586418643593788,0.5382001996040344,0.7601766586303711,-0.02917565032839775,0.555975079536438,0.7205395698547363,-0.027085013687610626,0.5690574645996094,0.693594217300415,-0.02398866042494774,0.5246484279632568,0.8988828063011169,-0.02288755401968956,0.560867190361023,0.8025602102279663,-0.028011616319417953,0.5712119340896606,0.7517279386520386,-0.025981608778238297,0.5749364495277405,0.7182670831680298,-0.022571852430701256,0.5402401685714722,0.9355066418647766,-0.019595520570874214,0.5529451370239258,0.850637674331665,-0.024016626179218292,0.5401790738105774,0.8319733738899231,-0.020345674827694893,0.5275290012359619,0.8329231142997742,-0.015028296038508415,0.546181857585907,0.9563018083572388,-0.016306260600686073,0.5490161180496216,0.8877295851707458,-0.017423588782548904,0.5383702516555786,0.8661792278289795,-0.011927385814487934,0.5280139446258545,0.8630497455596924,-0.005744315683841705
0.4354919493198395,1.003710389137268,7.145752078940859e-08,0.4362905025482178,0.9048643708229065,-0.005133258178830147,0.4702427387237549,0.8401153087615967,-0.007032765541225672,0.5078331232070923,0.8216409683227539,-0.006803396623581648,0.5288605093955994,0.8204635977745056,-0.005956631153821945,0.4948406517505646,0.8519300222396851,-0.02449183724820614,0.5350334644317627,0.7633312940597534,-0.028303800150752068,0.5535067915916443,0.7250568866729736,-0.026040058583021164,0.5676366090774536,0.6979039907455444,-0.023284580558538437,0.5194864273071289,0.8998271226882935,-0.023251008242368698,0.5563873648643494,0.8072994947433472,-0.027425969019532204,0.5685999989509583,0.7554067373275757,-0.025492671877145767,0.5745571851730347,0.7195066213607788,-0.022896310314536095,0.5342426300048828,0.938336968421936,-0.02032323367893696,0.5492453575134277,0.8557780385017395,-0.024132031947374344,0.5374263525009155,0.8355922102928162,-0.020672185346484184,0.5248774886131287,0.8360139727592468,-0.01603180170059204,0.5397988557815552,0.9603788256645203,-0.01740279048681259,0.5428155064582825,0.8918617963790894,-0.018533600494265556,0.5322086811065674,0.870082437992096,-0.013441481627523899,0.5217205286026001,0.8684729337692261,-0.007870514877140522
0.4314890503883362,1.0016920566558838,9.617792073868259e-08,0.4345487654209137,0.9037200212478638,-0.005246418062597513,0.4692519009113312,0.8414997458457947,-0.00798275601118803,0.5063548684120178,0.8243164420127869,-0.008481831289827824,0.528167724609375,0.8233334422111511,-0.008490696549415588,0.48901450634002686,0.8530793786048889,-0.027427827939391136,0.5312601923942566,0.7630311250686646,-0.03219256177544594,0.5514108538627625,0.7246259450912476,-0.030160630121827126,0.56688392162323,0.6980989575386047,-0.027373557910323143,0.5136688351631165,0.9010698199272156,-0.026241485029459,0.5528549551963806,0.8101178407669067,-0.031143635511398315,0.5662142634391785,0.7600066661834717,-0.029131609946489334,0.5730912685394287,0.7254908084869385,-0.026438061147928238,0.5289642810821533,0.9403315186500549,-0.023159680888056755,0.5442512035369873,0.8578059673309326,-0.02713858149945736,0.5301983952522278,0.843966007232666,-0.022911258041858673,0.5163912177085876,0.8493222594261169,-0.017673317342996597,0.535295844078064,0.9632650017738342,-0.02006155624985695,0.5392213463783264,0.895088791847229,-0.02091226913034916,0.5276699066162109,0.8776360154151917,-0.015077327378094196,0.5171460509300232,0.8795516490936279,-0.009006716310977936
0.42767930030822754,1.0039325952529907,1.0997706567650312e-07,0.4310459494590759,0.9053020477294922,-0.0055433944799005985,0.4662739038467407,0.8438442349433899,-0.008206997066736221,0.5038673281669617,0.8282585740089417,-0.008582434616982937,0.5254878401756287,0.8279292583465576,-0.008462132886052132,0.48582345247268677,0.8540539741516113,-0.026495780795812607,0.528160810470581,0.7661651372909546,-0.031143520027399063,0.5488033890724182,0.7274975776672363,-0.029633523896336555,0.5645422339439392,0.7007009983062744,-0.027364473789930344,0.5091678500175476,0.9042835235595703,-0.025271397083997726,0.5490059852600098,0.8162513375282288,-0.03006162866950035,0.5631940960884094,0.7657211422920227,-0.02863023243844509,0.570496678352356,0.7308329343795776,-0.026501374319195747,0.523483395576477,0.9450206160545349,-0.022302836179733276,0.539986252784729,0.8636510968208313,-0.026594292372465134,0.5265693664550781,0.8461641669273376,-0.0231306329369545,0.5126934051513672,0.8486295938491821,-0.018378710374236107,0.5296142101287842,0.968427300453186,-0.019281508401036263,0.534722626209259,0.8991703987121582,-0.020644137635827065,0.5237467288970947,0.8797047138214111,-0.015254087746143341,0.5131082534790039,0.8802700042724609,-0.009482039138674736
0.42357337474823,1.0030503273010254,1.184615854299409e-07,0.42655912041664124,0.9060501456260681,-0.004897243808954954,0.4615798592567444,0.8450831174850464,-0.0072499653324484825,0.499446839094162,0.8274104595184326,-0.006968051195144653,0.5212744474411011,0.8241033554077148,-0.00628658989444375,0.48200300335884094,0.8544681668281555,-0.0272626131772995,0.5251430869102478,0.7675557732582092,-0.03068438172340393,0.5466225147247314,0.7291131615638733,-0.028367411345243454,0.562904417514801,0.7019711136817932,-0.0255570150911808,0.5050216913223267,0.9033695459365845,-0.025337789207696915,0.5455896258354187,0.8163224458694458,-0.028918560594320297,0.5606392025947571,0.7659808993339539,-0.026798266917467117,0.5681801438331604,0.7311344742774963,-0.024220798164606094,0.5191394090652466,0.9434951543807983,-0.021242497488856316,0.5378653407096863,0.8638132810592651,-0.023488353937864304,0.5258233547210693,0.8431023359298706,-0.019301272928714752,0.5121363997459412,0.8421422243118286,-0.014467395842075348,0.5250881314277649,0.9676010608673096,-0.016981741413474083,0.5311561226844788,0.898938775062561,-0.01665673963725567,0.5205187201499939,0.8777614831924438,-0.010523047298192978,0.5095290541648865,0.8769100904464722,-0.004332601558417082
0.4194696843624115,1.003261923789978,1.346774070043466e-07,0.4217536449432373,0.906933605670929,-0.005388171412050724,0.4568171799182892,0.8450130224227905,-0.008052555844187737,0.49543237686157227,0.8277278542518616,-0.008390191942453384,0.5181949734687805,0.825463056564331,-0.008248604834079742,0.476740300655365,0.8528986573219299,-0.026552507653832436,0.5216575860977173,0.7697378396987915,-0.031368643045425415,0.5445038676261902,0.7322515249252319,-0.029911261051893234,0.5610660314559937,0.70676189661026,-0.02748514711856842,0.4987637996673584,0.9037559628486633,-0.02557854726910591,0.5417842268943787,0.8191249370574951,-0.030610166490077972,0.5582002997398376,0.7692132592201233,-0.029405245557427406,0.5665956735610962,0.7352770566940308,-0.027292737737298012,0.5127947926521301,0.9457970261573792,-0.022794168442487717,0.5343728065490723,0.8662004470825195,-0.0274735726416111,0.5223602056503296,0.847409188747406,-0.024030983448028564,0.5084672570228577,0.8488588333129883,-0.019121496006846428,0.5190936923027039,0.9715217351913452,-0.019848497584462166,0.5276170969009399,0.9018396139144897,-0.021494438871741295,0.5173363089561462,0.8832900524139404,-0.01580711640417576,0.5066364407539368,0.8859912157058716,-0.0095851244404912
0.4161086082458496,1.0023765563964844,1.4942899895231676e-07,0.4185298681259155,0.9070926904678345,-0.005739521235227585,0.4533906579017639,0.8453335165977478,-0.00898740440607071,0.49203652143478394,0.827846348285675,-0.00958375446498394,0.5152286887168884,0.8247561454772949,-0.009760525077581406,0.4725847840309143,0.8525974154472351,-0.029033483937382698,0.5186502933502197,0.7708290815353394,-0.03372909501194954,0.5419885516166687,0.7332009077072144,-0.03194226324558258,0.5589842200279236,0.7071863412857056,-0.02931799553334713,0.4941788613796234,0.9039654731750488,-0.02779017761349678,0.5385215282440186,0.8207414150238037,-0.032203927636146545,0.5552570223808289,0.77152019739151,-0.03021402470767498,0.5638515949249268,0.7382177114486694,-0.027801532298326492,0.508233904838562,0.9465308785438538,-0.02455337531864643,0.5300742387771606,0.8672022819519043,-0.028362855315208435,0.5177786350250244,0.850461483001709,-0.02396470122039318,0.5039551854133606,0.853238582611084,-0.018705690279603004,0.5149866342544556,0.9731253385543823,-0.02116955630481243,0.5246628522872925,0.9029616713523865,-0.022016972303390503,0.514244019985199,0.8859815001487732,-0.015518509782850742,0.5037535429000854,0.8897212743759155,-0.008928265422582626
0.4140227437019348,1.0016801357269287,1.5789331087034952e-07,0.4162607192993164,0.9072015881538391,-0.006171913351863623,0.45077788829803467,0.8447014093399048,-0.00983544159680605,0.4900325834751129,0.8260646462440491,-0.010850448161363602,0.5136534571647644,0.823745608329773,-0.011384879238903522,0.4680478870868683,0.8541021943092346,-0.029875649139285088,0.5146784782409668,0.7714948654174805,-0.03534651920199394,0.5389449596405029,0.7342097163200378,-0.033974628895521164,0.557019054889679,0.7080310583114624,-0.031712744385004044,0.48978352546691895,0.9043210744857788,-0.0287766195833683,0.5345522165298462,0.8204023838043213,-0.034239545464515686,0.5522615909576416,0.7709354162216187,-0.03270421922206879,0.5620075464248657,0.7367770671844482,-0.030649373307824135,0.5042946338653564,0.9456357359886169,-0.025754496455192566,0.5279694199562073,0.8642988801002502,-0.031116141006350517,0.5154423713684082,0.847601592540741,-0.027096709236502647,0.5008993744850159,0.8504987359046936,-0.02187473513185978,0.5116112232208252,0.9708922505378723,-0.022584106773138046,0.5217089653015137,0.8991296887397766,-0.025230692699551582,0.5109615325927734,0.8808213472366333,-0.01962527260184288,0.4999106526374817,0.8836901783943176,-0.01350394170731306
0.4104737341403961,1.0016906261444092,1.7156810372398468e-07,0.41258418560028076,0.9090283513069153,-0.0060101342387497425,0.4470953345298767,0.8464886546134949,-0.009491742588579655,0.48611199855804443,0.8278504610061646,-0.010415902361273766,0.5101803541183472,0.8278583288192749,-0.010965176858007908,0.46431273221969604,0.8535569906234741,-0.029102612286806107,0.5112859606742859,0.7739459276199341,-0.034899596124887466,0.536377489566803,0.7362977266311646,-0.03412201255559921,0.5551406145095825,0.7096527814865112,-0.032401736825704575,0.48561373353004456,0.9030609130859375,-0.028157567605376244,0.530232846736908,0.8208242058753967,-0.033733367919921875,0.5481300950050354,0.7711909413337708,-0.032678235322237015,0.5584097504615784,0.7367417216300964,-0.031126897782087326,0.49991926550865173,0.9449388980865479,-0.02531157061457634,0.5244030952453613,0.8650184273719788,-0.031103061512112617,0.511608898639679,0.8496777415275574,-0.02735307440161705,0.4963133931159973,0.8539442420005798,-0.022247685119509697,0.5072275400161743,0.9715774655342102,-0.022301362827420235,0.5183930993080139,0.9009079933166504,-0.025394240394234657,0.5076748728752136,0.8845247030258179,-0.01996222510933876,0.49626487493515015,0.8894394040107727,-0.01391411293298006
0.40721458196640015,1.0044337511062622,1.9073560508786613e-07,0.4088313579559326,0.911912202835083,-0.005211447365581989,0.4433125853538513,0.84963059425354,-0.008621696382761002,0.48259279131889343,0.8345147371292114,-0.009555907920002937,0.5070616006851196,0.8383901119232178,-0.010215177200734615,0.4608626067638397,0.8533047437667847,-0.028946127742528915,0.5083534717559814,0.7748017311096191,-0.034997448325157166,0.5340041518211365,0.7373520135879517,-0.03456176817417145,0.5530849099159241,0.7115386724472046,-0.03291524574160576,0.4822748601436615,0.9037173986434937,-0.028331922367215157,0.5279515981674194,0.8220834732055664,-0.03372444584965706,0.5465081930160522,0.7725529074668884,-0.03278396651148796,0.5577020645141602,0.7389428615570068,-0.031271569430828094,0.49665766954421997,0.9468762278556824,-0.025643356144428253,0.5217344760894775,0.8682904243469238,-0.030816568061709404,0.5085464715957642,0.8519794940948486,-0.026588663458824158,0.4930494427680969,0.8563050627708435,-0.021141117438673973,0.5037863254547119,0.9752601981163025,-0.02273799479007721,0.5159919857978821,0.9047719240188599,-0.024916844442486763,0.5052697658538818,0.8882785439491272,-0.018475349992513657,0.49393001198768616,0.8939070701599121,-0.011658546514809132
0.40437158942222595,1.0064557790756226,2.068846356451104e-07,0.40654945373535156,0.9128952026367188,-0.0056990645825862885,0.44093453884124756,0.8508721590042114,-0.009222975932061672,0.48009705543518066,0.8360755443572998,-0.0104047367349267,0.5043296813964844,0.8392001986503601,-0.011128121055662632,0.45813512802124023,0.8542165160179138,-0.027473963797092438,0.505431056022644,0.7768299579620361,-0.034036777913570404,0.5310381054878235,0.7404599785804749,-0.034099191427230835,0.5504308342933655,0.715896725654602,-0.03267897292971611,0.47988343238830566,0.9044481515884399,-0.02682529017329216,0.5256456136703491,0.8236165642738342,-0.03273645415902138,0.5445833802223206,0.7743808031082153,-0.03233408182859421,0.5562801361083984,0.7411971092224121,-0.030989382416009903,0.4945383071899414,0.9473486542701721,-0.024387499317526817,0.5190140604972839,0.868166446685791,-0.030181946232914925,0.5061110258102417,0.8514605760574341,-0.02645088918507099,0.4910479784011841,0.8557875752449036,-0.021070806309580803,0.5018100738525391,0.9752771258354187,-0.02182568423449993,0.5132108330726624,0.9048741459846497,-0.024321546778082848,0.5023909211158752,0.8875362873077393,-0.018245134502649307,0.49110350012779236,0.8924152851104736,-0.01156535092741251
0.40312421321868896,1.0063652992248535,2.1439552710944554e-07,0.40451011061668396,0.9138001203536987,-0.006268340162932873,0.43806949257850647,0.8509339094161987,-0.01010036189109087,0.4775993824005127,0.83573317527771,-0.01116989180445671,0.5022186040878296,0.8389415740966797,-0.011675087735056877,0.4542829096317291,0.8556574583053589,-0.02923344448208809,0.503252387046814,0.7771048545837402,-0.03516421839594841,0.5290637016296387,0.741034984588623,-0.03447875753045082,0.5487014651298523,0.7167556881904602,-0.03261362016201019,0.4758899509906769,0.9056956171989441,-0.027731750160455704,0.5222775936126709,0.823857307434082,-0.03344186022877693,0.5423039793968201,0.7759244441986084,-0.03289277106523514,0.5551285743713379,0.7440604567527771,-0.03164585679769516,0.4912152886390686,0.9471486210823059,-0.02427244931459427,0.5171892642974854,0.8670112490653992,-0.029956448823213577,0.5054829716682434,0.8486398458480835,-0.02668505162000656,0.4908416271209717,0.851244330406189,-0.02185140922665596,0.499764084815979,0.972948431968689,-0.020611794665455818,0.5110357999801636,0.9015159606933594,-0.023582857102155685,0.5003570318222046,0.8826457262039185,-0.018381554633378983,0.48902958631515503,0.8859482407569885,-0.012404000386595726
0.4014958143234253,1.004125952720642,2.272633139455138e-07,0.40308427810668945,0.9119055271148682,-0.006336274556815624,0.43699973821640015,0.8496582508087158,-0.010607154108583927,0.47759178280830383,0.8335404992103577,-0.01209257636219263,0.5033238530158997,0.8353076577186584,-0.012909183278679848,0.45173874497413635,0.853304922580719,-0.029747962951660156,0.5014986991882324,0.774344801902771,-0.03575696423649788,0.5274953246116638,0.7396807670593262,-0.03495457023382187,0.5473064184188843,0.7165125608444214,-0.033043257892131805,0.47289565205574036,0.9042820930480957,-0.028536634519696236,0.5206233859062195,0.822248101234436,-0.03402622044086456,0.5399904847145081,0.7758345603942871,-0.03289392963051796,0.5519552826881409,0.7455169558525085,-0.031394220888614655,0.4875534176826477,0.9467227458953857,-0.025432299822568893,0.5155705809593201,0.8670300841331482,-0.031028298661112785,0.5039767622947693,0.8485271334648132,-0.02710731513798237,0.48953431844711304,0.8509765267372131,-0.02198253758251667,0.4956592619419098,0.9736409187316895,-0.022132940590381622,0.5090358257293701,0.9018803238868713,-0.025139225646853447,0.49836453795433044,0.8830118179321289,-0.019605908542871475,0.4869356155395508,0.8865135908126831,-0.013496406376361847
0.3980260491371155,1.0030052661895752,2.3406487059673964e-07,0.40023934841156006,0.909966230392456,-0.006686624139547348,0.4337558448314667,0.8470792770385742,-0.011471854522824287,0.4743392765522003,0.8302924036979675,-0.013358767144382,0.5005033016204834,0.8320964574813843,-0.014589113183319569,0.4480176866054535,0.8528447151184082,-0.031329602003097534,0.4984498620033264,0.7746743559837341,-0.03795114532113075,0.5248439311981201,0.7403745651245117,-0.03760908916592598,0.5452218055725098,0.7171319723129272,-0.03599688038229942,0.46915045380592346,0.9049800634384155,-0.0299746785312891,0.5173102617263794,0.8244917392730713,-0.03563087806105614,0.5378059148788452,0.7774365544319153,-0.03464379906654358,0.5507140159606934,0.7460001111030579,-0.033487413078546524,0.4841335117816925,0.9480115175247192,-0.026683244854211807,0.5128018260002136,0.8681041598320007,-0.03206532448530197,0.5017367601394653,0.8476166725158691,-0.02802090160548687,0.4871872663497925,0.8483933806419373,-0.02300441451370716,0.49272504448890686,0.9748323559761047,-0.023243334144353867,0.5072649121284485,0.9020507335662842,-0.025988804176449776,0.4972192347049713,0.8814019560813904,-0.020297344774007797,0.48581600189208984,0.8835329413414001,-0.014190582558512688
0.39495861530303955,1.0012121200561523,2.414940070138982e-07,0.3976392149925232,0.910637378692627,-0.007668999955058098,0.4310206174850464,0.8487401008605957,-0.013398059643805027,0.4713325500488281,0.8304711580276489,-0.016250520944595337,0.4976022243499756,0.8327673077583313,-0.018380405381321907,0.4441308379173279,0.8518593907356262,-0.032343581318855286,0.4952376186847687,0.7758094668388367,-0.040262121707201004,0.5224199891090393,0.7418681979179382,-0.040720030665397644,0.543415904045105,0.7188225984573364,-0.039594583213329315,0.4653475880622864,0.9042578935623169,-0.03110426850616932,0.5139908790588379,0.8253004550933838,-0.03826891630887985,0.5356094837188721,0.7788136005401611,-0.03804086893796921,0.549816906452179,0.7471967339515686,-0.03731757029891014,0.4807615280151367,0.9479840993881226,-0.028084950521588326,0.51048743724823,0.8684210181236267,-0.035258788615465164,0.499529093503952,0.8493694067001343,-0.03168827295303345,0.48485738039016724,0.8514788150787354,-0.026612067595124245,0.48998022079467773,0.9750245809555054,-0.024959944188594818,0.5047196745872498,0.901487410068512,-0.029100211337208748,0.49470973014831543,0.8819955587387085,-0.024006260558962822,0.483376681804657,0.8853791952133179,-0.018123678863048553
0.39378222823143005,1.0032875537872314,2.535836642891809e-07,0.39562222361564636,0.9129381775856018,-0.007731979712843895,0.4290473759174347,0.8493165969848633,-0.013235117308795452,0.4698524475097656,0.8302978873252869,-0.015887698158621788,0.49681147933006287,0.8322494029998779,-0.01774245873093605,0.441744863986969,0.8519064784049988,-0.03153108060359955,0.4927021265029907,0.7769767642021179,-0.03951917216181755,0.5201018452644348,0.7434167861938477,-0.040270499885082245,0.5414246916770935,0.7205259799957275,-0.03947451710700989,0.4625103771686554,0.9041371941566467,-0.030550604686141014,0.5116449594497681,0.826977550983429,-0.03781387582421303,0.5336650609970093,0.7798075675964355,-0.03789842501282692,0.5487891435623169,0.7470465898513794,-0.03753899782896042,0.4772021770477295,0.9484997391700745,-0.02791144698858261,0.5092180371284485,0.8708619475364685,-0.035797420889139175,0.49857333302497864,0.8508859872817993,-0.03257489204406738,0.4841877520084381,0.8521125912666321,-0.02767583355307579,0.4856663644313812,0.9765614867210388,-0.02514430694282055,0.5030840039253235,0.9052849411964417,-0.030201053246855736,0.49315720796585083,0.8854897618293762,-0.025465022772550583,0.4813777804374695,0.8888702988624573,-0.019769100472331047
0.38959524035453796,1.0061708688735962,2.690393046123063e-07,0.3921464681625366,0.9155749678611755,-0.00738280126824975,0.426338791847229,0.8524905443191528,-0.012255806475877762,0.46752873063087463,0.832773745059967,-0.01449070405215025,0.4941605031490326,0.832305908203125,-0.015798592939972878,0.43838390707969666,0.8517462015151978,-0.02878377214074135,0.48931950330734253,0.7783312797546387,-0.03638399764895439,0.51708984375,0.744073212146759,-0.03735297545790672,0.5382658243179321,0.7201411724090576,-0.036727044731378555,0.45932596921920776,0.9050744771957397,-0.028058264404535294,0.5084396600723267,0.8297290802001953,-0.034837525337934494,0.5310795307159424,0.7818090915679932,-0.03533054515719414,0.5466357469558716,0.7478203773498535,-0.03534802794456482,0.47371628880500793,0.9507295489311218,-0.025843827053904533,0.5070879459381104,0.8760547041893005,-0.03346721827983856,0.4973313808441162,0.8536343574523926,-0.03074137307703495,0.4834211468696594,0.8522491455078125,-0.026211844757199287,0.4815460443496704,0.9804350733757019,-0.02350478060543537,0.5008196234703064,0.9111746549606323,-0.028217656537890434,0.49138253927230835,0.8889362215995789,-0.023471880704164505,0.4794044494628906,0.8897300362586975,-0.017798922955989838
0.38779109716415405,1.0033167600631714,2.6673134811971977e-07,0.3904016613960266,0.9105435013771057,-0.00835062749683857,0.4241437613964081,0.8452839851379395,-0.014187321066856384,0.46578332781791687,0.8255253434181213,-0.016859283670783043,0.49250128865242004,0.8274741768836975,-0.018509775400161743,0.4345332980155945,0.8537890315055847,-0.0325966477394104,0.4877528250217438,0.7785788774490356,-0.03995298966765404,0.515495777130127,0.7447381615638733,-0.04011799022555351,0.5368739366531372,0.7206529378890991,-0.03889032080769539,0.45522695779800415,0.908014714717865,-0.030733125284314156,0.505255937576294,0.8287354111671448,-0.03743826970458031,0.5294023156166077,0.7808716893196106,-0.03725641593337059,0.5455976724624634,0.7466293573379517,-0.036925140768289566,0.4711951017379761,0.9509336352348328,-0.027149220928549767,0.5058927536010742,0.8673940300941467,-0.03398948162794113,0.49879950284957886,0.8401800394058228,-0.030952084809541702,0.4858291447162628,0.834341824054718,-0.026604456827044487,0.4819622337818146,0.9757897257804871,-0.02346888743340969,0.5009462833404541,0.8975574374198914,-0.02783147245645523,0.4926772117614746,0.870997428894043,-0.02347533591091633,0.48154667019844055,0.8677027225494385,-0.018332459032535553
0.38771241903305054,0.9992501139640808,2.622856527523254e-07,0.3904068171977997,0.9061635732650757,-0.007966792210936546,0.4236457049846649,0.8417229056358337,-0.01405264437198639,0.4643433392047882,0.821990430355072,-0.01699926145374775,0.4911280870437622,0.8244367837905884,-0.01901075430214405,0.433199018239975,0.8509366512298584,-0.03333970159292221,0.48670321702957153,0.7765915989875793,-0.04073105752468109,0.514165997505188,0.7434041500091553,-0.040591321885585785,0.5351628065109253,0.7199844717979431,-0.03907766565680504,0.45397502183914185,0.9052141904830933,-0.03168068826198578,0.5047705173492432,0.8253155946731567,-0.03818979114294052,0.528444766998291,0.7790862321853638,-0.037334248423576355,0.5444024801254272,0.7468209266662598,-0.03652716428041458,0.4699682295322418,0.9484158754348755,-0.028196481987833977,0.5052993297576904,0.8653831481933594,-0.03447985276579857,0.49801257252693176,0.8393200635910034,-0.030480951070785522,0.4853605031967163,0.8343291878700256,-0.025607984513044357,0.48063117265701294,0.9741126894950867,-0.024598894640803337,0.49980777502059937,0.8961166143417358,-0.02833412028849125,0.4920351207256317,0.8693461418151855,-0.023375965654850006,0.481629878282547,0.8652753233909607,-0.01790783740580082
0.3866393268108368,1.000135898590088,2.637564762153488e-07,0.3890344798564911,0.9076655507087708,-0.00784246250987053,0.42184197902679443,0.8432799577713013,-0.013753445819020271,0.4628570079803467,0.8240092396736145,-0.016837669536471367,0.4898741543292999,0.8257818222045898,-0.018850136548280716,0.43112877011299133,0.8485102653503418,-0.03096337616443634,0.48442938923835754,0.7759288549423218,-0.038182031363248825,0.5121274590492249,0.7440261840820312,-0.03828246891498566,0.5331355929374695,0.7210674285888672,-0.03701222315430641,0.45119380950927734,0.9031697511672974,-0.029818493872880936,0.5017762780189514,0.8263278603553772,-0.036300770938396454,0.525770902633667,0.7807838916778564,-0.035824134945869446,0.5415234565734863,0.7485214471817017,-0.03534102439880371,0.4665440618991852,0.9472712874412537,-0.02714415080845356,0.5028443336486816,0.8677721619606018,-0.034212563186883926,0.496381551027298,0.8419439792633057,-0.031131131574511528,0.48395881056785583,0.8363667726516724,-0.026713000610470772,0.47687166929244995,0.9741721153259277,-0.02434888482093811,0.4978385269641876,0.8985294103622437,-0.02882537804543972,0.49022382497787476,0.8728197813034058,-0.02444159798324108,0.4794837236404419,0.869308590888977,-0.019321464002132416
0.3852059841156006,0.9991915225982666,2.859546555100678e-07,0.3878845274448395,0.908452570438385,-0.007473364472389221,0.4212307035923004,0.8442792296409607,-0.013168363831937313,0.46253854036331177,0.8232612609863281,-0.0163376796990633,0.4897521138191223,0.8223798274993896,-0.018393218517303467,0.42891624569892883,0.8460692167282104,-0.02931400202214718,0.4826402962207794,0.7770993113517761,-0.036168117076158524,0.5106772780418396,0.7458170056343079,-0.03610236570239067,0.5319252014160156,0.723388671875,-0.0347660593688488,0.4485526382923126,0.9018975496292114,-0.028630703687667847,0.4993359446525574,0.8271757960319519,-0.03492078557610512,0.5245819091796875,0.7815320491790771,-0.03482608497142792,0.5414910316467285,0.7486951947212219,-0.034788813441991806,0.4637632369995117,0.9478386640548706,-0.026453401893377304,0.5015114545822144,0.8709636330604553,-0.03351908549666405,0.49450570344924927,0.8443094491958618,-0.030399642884731293,0.48144036531448364,0.8370737433433533,-0.026069000363349915,0.47421127557754517,0.9764532446861267,-0.02414112724363804,0.49653640389442444,0.9024645686149597,-0.028347354382276535,0.48836803436279297,0.8756418228149414,-0.023685699328780174,0.47690245509147644,0.8704248666763306,-0.018519749864935875
0.3841805160045624,0.9996885061264038,2.995558929796971e-07,0.38643038272857666,0.9077843427658081,-0.007755969651043415,0.4192119836807251,0.8432720303535461,-0.013922427780926228,0.4600420594215393,0.8223616480827332,-0.017511963844299316,0.48694324493408203,0.8211272358894348,-0.019946375861763954,0.4274815320968628,0.84591144323349,-0.029872503131628036,0.4806631803512573,0.7771525382995605,-0.03723970428109169,0.5087937116622925,0.7453362941741943,-0.037796638906002045,0.5302455425262451,0.722366452217102,-0.03690284118056297,0.44727790355682373,0.901732325553894,-0.029215926304459572,0.49750494956970215,0.8275901079177856,-0.03611575812101364,0.5234007835388184,0.7816866040229797,-0.03670786693692207,0.5412046909332275,0.7482184171676636,-0.037170760333538055,0.46284499764442444,0.947723925113678,-0.027028897777199745,0.49958857893943787,0.8712130188941956,-0.03445599973201752,0.4919721782207489,0.8452922105789185,-0.03159277141094208,0.4782111942768097,0.8390089273452759,-0.027374213561415672,0.4736650288105011,0.9763633012771606,-0.024732906371355057,0.4944944977760315,0.901872992515564,-0.029184838756918907,0.4857896566390991,0.8755682706832886,-0.024630503728985786,0.4741092920303345,0.8709245920181274,-0.019483596086502075
0.3828611373901367,1.0001792907714844,2.985260323384864e-07,0.3851333260536194,0.908778190612793,-0.007648121565580368,0.4180281460285187,0.8440393805503845,-0.013890850357711315,0.45900222659111023,0.8213163614273071,-0.017487889155745506,0.48611801862716675,0.8180716633796692,-0.020072489976882935,0.42517051100730896,0.8467066884040833,-0.03113299235701561,0.4789256751537323,0.7772565484046936,-0.038732755929231644,0.507453441619873,0.7449668049812317,-0.03920317068696022,0.5292571187019348,0.72175532579422,-0.03822216019034386,0.4449164867401123,0.9027886986732483,-0.030623167753219604,0.49570173025131226,0.8284673690795898,-0.03762342408299446,0.5217633247375488,0.7825357913970947,-0.038010358810424805,0.5398267507553101,0.7490937113761902,-0.038455963134765625,0.46053022146224976,0.9491602182388306,-0.028481129556894302,0.4995656907558441,0.8725414276123047,-0.036124881356954575,0.4923337697982788,0.8457730412483215,-0.033075593411922455,0.47881007194519043,0.8383467793464661,-0.028850117698311806,0.4714852273464203,0.9784666895866394,-0.026160841807723045,0.4940662086009979,0.9040006995201111,-0.030883582308888435,0.48521867394447327,0.877702534198761,-0.026277294382452965,0.47316688299179077,0.8729712963104248,-0.021156981587409973
0.38149774074554443,1.0012184381484985,2.9400396783785254e-07,0.3845949172973633,0.9089559316635132,-0.007408831734210253,0.4171484112739563,0.8445762395858765,-0.013756411150097847,0.4577693045139313,0.8231125473976135,-0.017861032858490944,0.48532015085220337,0.8209512233734131,-0.021015798673033714,0.42460182309150696,0.8461098670959473,-0.029139211401343346,0.4772080183029175,0.7779969573020935,-0.037279270589351654,0.5054389238357544,0.7455808520317078,-0.03860793635249138,0.5272497534751892,0.7222026586532593,-0.0382377952337265,0.4440743625164032,0.9027886986732483,-0.029411273077130318,0.49423396587371826,0.828446626663208,-0.03667689114809036,0.5200210213661194,0.7822864651679993,-0.03766569495201111,0.5380685329437256,0.7486737370491028,-0.03850637748837471,0.4592260420322418,0.9503868818283081,-0.028273236006498337,0.5003845691680908,0.8735583424568176,-0.03620299696922302,0.4954778552055359,0.8420138359069824,-0.03331393003463745,0.4838791489601135,0.8297585844993591,-0.029226507991552353,0.4697287976741791,0.98126620054245,-0.02702048234641552,0.49489355087280273,0.9063988924026489,-0.03191222622990608,0.4883365333080292,0.8761937022209167,-0.02720515802502632,0.4777832329273224,0.8675868511199951,-0.021987082436680794
0.3824083209037781,1.0033243894577026,2.9133232715139457e-07,0.38452276587486267,0.9101976752281189,-0.006579684093594551,0.4165361821651459,0.8448101878166199,-0.012545282021164894,0.457007497549057,0.8201500773429871,-0.015992548316717148,0.4844888746738434,0.8150105476379395,-0.01854785531759262,0.42340701818466187,0.8477901816368103,-0.03014235757291317,0.47641459107398987,0.7775893211364746,-0.03782493248581886,0.5047599077224731,0.7452752590179443,-0.038499366492033005,0.5264660120010376,0.7221375703811646,-0.0376250334084034,0.4435391426086426,0.902782142162323,-0.030132243409752846,0.4947926998138428,0.8254783153533936,-0.03646542876958847,0.5201814770698547,0.7802738547325134,-0.03639489412307739,0.5374815464019775,0.7477914690971375,-0.03653368353843689,0.4593658149242401,0.9486151337623596,-0.028417320922017097,0.5005038976669312,0.8689073920249939,-0.034807924181222916,0.4958799481391907,0.837094783782959,-0.030884990468621254,0.4845738708972931,0.8250110149383545,-0.026518065482378006,0.4703039526939392,0.9782946109771729,-0.026509195566177368,0.49381792545318604,0.9017770290374756,-0.0302323829382658,0.48724669218063354,0.8719697594642639,-0.02496376447379589,0.477239191532135,0.8638244271278381,-0.019556019455194473
0.37990689277648926,0.9989281892776489,3.0537725592694187e-07,0.3824980854988098,0.906731128692627,-0.006473028101027012,0.41526564955711365,0.8417027592658997,-0.012562140822410583,0.4558884799480438,0.8201487064361572,-0.016199743375182152,0.4837910234928131,0.8183561563491821,-0.018920106813311577,0.4223753809928894,0.8476572036743164,-0.03015354461967945,0.47622424364089966,0.7771820425987244,-0.037776850163936615,0.5047898888587952,0.7446359395980835,-0.03830937296152115,0.5267789363861084,0.7218486070632935,-0.03721703961491585,0.4426965117454529,0.9047342538833618,-0.030232274904847145,0.4941920340061188,0.826094925403595,-0.036874379962682724,0.5206171274185181,0.7805149555206299,-0.03716137260198593,0.539090633392334,0.7484222650527954,-0.03744493052363396,0.4589417278766632,0.95123690366745,-0.028550127521157265,0.5004512071609497,0.868948221206665,-0.03532083332538605,0.49562951922416687,0.834841787815094,-0.03177866339683533,0.4842550456523895,0.8212262392044067,-0.027495859190821648,0.47048044204711914,0.9801142811775208,-0.026601767167448997,0.49419325590133667,0.9005046486854553,-0.03073262795805931,0.48755404353141785,0.8675963282585144,-0.02568836696445942,0.4777037501335144,0.8571897149085999,-0.020315613597631454
0.3808063566684723,1.0033460855484009,2.742272897648945e-07,0.3824382722377777,0.9099166989326477,-0.006005157250910997,0.41358229517936707,0.8429001569747925,-0.011680372059345245,0.453012079000473,0.820370078086853,-0.014871221967041492,0.4803832173347473,0.8188029527664185,-0.017230786383152008,0.4213793873786926,0.850744366645813,-0.030375508591532707,0.47474151849746704,0.7773216962814331,-0.037986110895872116,0.5028995275497437,0.7448078393936157,-0.038250766694545746,0.5243542790412903,0.7215551137924194,-0.03691050410270691,0.44208696484565735,0.9060909748077393,-0.030368391424417496,0.4941985607147217,0.8267680406570435,-0.03679270297288895,0.5203295350074768,0.781192421913147,-0.036574918776750565,0.5386384725570679,0.7480416297912598,-0.036380164325237274,0.45848485827445984,0.9508587718009949,-0.02855684794485569,0.49954769015312195,0.8673553466796875,-0.03512052446603775,0.4954667389392853,0.8353910446166992,-0.03159511834383011,0.48492276668548584,0.8237093091011047,-0.027192765846848488,0.4701681435108185,0.9786251783370972,-0.026413099840283394,0.49382179975509644,0.8983727097511292,-0.03040359355509281,0.4883213937282562,0.8668371438980103,-0.025548160076141357,0.47948774695396423,0.8578271269798279,-0.020241281017661095
0.38072121143341064,1.0035291910171509,3.025293153768871e-07,0.3821357190608978,0.9097496271133423,-0.006133783143013716,0.4133322834968567,0.8432551026344299,-0.012162510305643082,0.45318543910980225,0.8207342624664307,-0.015651559457182884,0.4809988737106323,0.81822669506073,-0.01827971078455448,0.41996899247169495,0.8484952449798584,-0.030991749837994576,0.4742642939090729,0.7775011658668518,-0.038737256079912186,0.5030658841133118,0.744938313961029,-0.03914064168930054,0.5251314043998718,0.7218987941741943,-0.037855908274650574,0.44058915972709656,0.9047330617904663,-0.031009770929813385,0.49317723512649536,0.8260698318481445,-0.03736710920929909,0.5199369192123413,0.7811292409896851,-0.03712688013911247,0.5385982394218445,0.7493197321891785,-0.037032440304756165,0.45724618434906006,0.9506075382232666,-0.02915273979306221,0.49890846014022827,0.8682990670204163,-0.03535235673189163,0.49469316005706787,0.8351163268089294,-0.031375933438539505,0.48386940360069275,0.8223642110824585,-0.026893923059105873,0.46922340989112854,0.9794231653213501,-0.026997143402695656,0.4931134879589081,0.8997564315795898,-0.030483344569802284,0.4870211184024811,0.8679243326187134,-0.025054438039660454,0.4776936173439026,0.8581985235214233,-0.0194838996976614
0.3801417350769043,1.0028717517852783,3.0694357633365144e-07,0.38182753324508667,0.9103223085403442,-0.005932155065238476,0.413543164730072,0.8448486924171448,-0.011729388497769833,0.45431187748908997,0.8228439688682556,-0.015088615007698536,0.4822739064693451,0.8196789622306824,-0.0175345316529274,0.4208315312862396,0.8465719223022461,-0.029284154996275902,0.4746116101741791,0.777526319026947,-0.03637692332267761,0.5027629137039185,0.745395839214325,-0.03646209463477135,0.5243549942970276,0.7225682139396667,-0.03499693050980568,0.4407272934913635,0.9037206768989563,-0.029438350349664688,0.4922654628753662,0.8273187875747681,-0.03540366515517235,0.5184916853904724,0.7819709777832031,-0.035082172602415085,0.5368533134460449,0.7496770620346069,-0.03491247445344925,0.4564107060432434,0.9512001872062683,-0.027825724333524704,0.49816715717315674,0.8721815347671509,-0.03388523310422897,0.49456191062927246,0.8377608060836792,-0.02991073578596115,0.48432180285453796,0.8227820992469788,-0.025391582399606705,0.46728602051734924,0.9821475148200989,-0.02590908855199814,0.4924040734767914,0.9052813053131104,-0.029281839728355408,0.4874034523963928,0.8726547360420227,-0.02376231737434864,0.4790116250514984,0.8611823916435242,-0.0180739127099514
0.37910592555999756,1.00387442111969,3.094457099450665e-07,0.3809656500816345,0.910822868347168,-0.006071264389902353,0.41286709904670715,0.8458769917488098,-0.01195334829390049,0.45333558320999146,0.8249190449714661,-0.015350298956036568,0.48054587841033936,0.8229398131370544,-0.017880648374557495,0.4199865758419037,0.8479499220848083,-0.030138352885842323,0.47386398911476135,0.7778790593147278,-0.037445519119501114,0.5023155212402344,0.7452040910720825,-0.0376955047249794,0.5239439606666565,0.7221156358718872,-0.03636800870299339,0.43986544013023376,0.9047995209693909,-0.03026706911623478,0.49155861139297485,0.8281897902488708,-0.03658640384674072,0.517876148223877,0.7827250361442566,-0.036431241780519485,0.535967230796814,0.7508888244628906,-0.03633546456694603,0.45544615387916565,0.95198655128479,-0.028589006513357162,0.49761539697647095,0.8734021186828613,-0.0350482314825058,0.4942537844181061,0.8380341529846191,-0.031477514654397964,0.48384541273117065,0.8227720260620117,-0.02717267908155918,0.4661649167537689,0.9826549887657166,-0.026583941653370857,0.4912879765033722,0.9070190787315369,-0.030471090227365494,0.48591938614845276,0.874458372592926,-0.025296572595834732,0.47674283385276794,0.8635015487670898,-0.01975688897073269
0.3774775266647339,1.0052648782730103,3.141154252261913e-07,0.38007786870002747,0.9115397930145264,-0.006145508028566837,0.41187000274658203,0.846174955368042,-0.012027270160615444,0.45222797989845276,0.8251465559005737,-0.015731574967503548,0.47930026054382324,0.8223810195922852,-0.018564995378255844,0.4185584783554077,0.8479267358779907,-0.028755266219377518,0.4723079800605774,0.7785298824310303,-0.03650312498211861,0.5009242296218872,0.7458673715591431,-0.03731260076165199,0.5228143930435181,0.7229439616203308,-0.03638168051838875,0.43846407532691956,0.9048012495040894,-0.029373399913311005,0.49000605940818787,0.8292950391769409,-0.03629143163561821,0.5167281627655029,0.7833579182624817,-0.03696242347359657,0.5351741909980774,0.751232385635376,-0.037401147186756134,0.4539377987384796,0.952835738658905,-0.02837592549622059,0.49634262919425964,0.8751328587532043,-0.03586060181260109,0.49250197410583496,0.840745210647583,-0.03316177800297737,0.4815226197242737,0.8263861536979675,-0.029201960191130638,0.46445155143737793,0.9845362901687622,-0.02706308849155903,0.490068256855011,0.9100905060768127,-0.03194952383637428,0.48480820655822754,0.8780295252799988,-0.02742808312177658,0.475242555141449,0.8674584627151489,-0.02218490280210972
0.3779354393482208,1.0057849884033203,3.1815056900086347e-07,0.3809744119644165,0.9098780155181885,-0.00602303771302104,0.4130777418613434,0.8446928858757019,-0.011938991956412792,0.4534524381160736,0.8246035575866699,-0.015963558107614517,0.48104605078697205,0.8224875926971436,-0.019068008288741112,0.4195765256881714,0.8469017744064331,-0.02721712924540043,0.4724487364292145,0.7793391942977905,-0.03506097570061684,0.5006427764892578,0.7473383545875549,-0.0362478643655777,0.5225909352302551,0.7245342135429382,-0.035747405141592026,0.43906134366989136,0.9043153524398804,-0.028348572552204132,0.48997950553894043,0.829436182975769,-0.035607676953077316,0.5162153244018555,0.7841068506240845,-0.03673795610666275,0.5349010229110718,0.7521267533302307,-0.03762875124812126,0.45425179600715637,0.9531675577163696,-0.027989467605948448,0.4968043267726898,0.8749709725379944,-0.0359882153570652,0.49075210094451904,0.8433586955070496,-0.0330546498298645,0.4782520532608032,0.8316962122917175,-0.028874866664409637,0.464763879776001,0.9858843684196472,-0.027384448796510696,0.49053213000297546,0.9109090566635132,-0.03239348530769348,0.4838673174381256,0.8806190490722656,-0.027616070583462715,0.4734031558036804,0.872058093547821,-0.022276947274804115
0.3781416118144989,1.0126475095748901,3.118157110293396e-07,0.3790985643863678,0.9173759818077087,-0.0057921865954995155,0.41085273027420044,0.8499508500099182,-0.01148315891623497,0.45147427916526794,0.828178882598877,-0.015224246308207512,0.4798569679260254,0.8245943784713745,-0.01805521361529827,0.41807791590690613,0.8505568504333496,-0.027197815477848053,0.4714938998222351,0.7816236615180969,-0.034955862909555435,0.5000162124633789,0.7491511702537537,-0.03592389076948166,0.5220255851745605,0.7260794639587402,-0.03520461916923523,0.43821582198143005,0.9081383347511292,-0.02829456329345703,0.48989689350128174,0.8323215842247009,-0.035401515662670135,0.5164403319358826,0.7864206433296204,-0.03625885397195816,0.5350720882415771,0.7537602186203003,-0.036924686282873154,0.4541328549385071,0.9567523002624512,-0.02788756787776947,0.49775373935699463,0.8772129416465759,-0.035685960203409195,0.49255770444869995,0.8439550995826721,-0.03266352787613869,0.4804059863090515,0.8308568596839905,-0.028434716165065765,0.46532535552978516,0.9887655973434448,-0.027183813974261284,0.4915836453437805,0.9118661880493164,-0.03206915780901909,0.4858097434043884,0.8798720240592957,-0.027290385216474533,0.4758382737636566,0.8697605729103088,-0.02194267325103283
0.3757665753364563,1.012783169746399,3.2503646707482403e-07,0.37793776392936707,0.9161933660507202,-0.005903362762182951,0.41096654534339905,0.8486461639404297,-0.01187965739518404,0.45231062173843384,0.8270105719566345,-0.01568913459777832,0.4814530909061432,0.8235255479812622,-0.0184651929885149,0.41735708713531494,0.8506697416305542,-0.02808857522904873,0.4716189503669739,0.781724214553833,-0.0356767475605011,0.5001192092895508,0.7501018047332764,-0.03639938682317734,0.5214974284172058,0.728013813495636,-0.035436660051345825,0.4371090233325958,0.90995854139328,-0.029022308066487312,0.4904335141181946,0.8317908048629761,-0.0358179472386837,0.5165349841117859,0.7861499786376953,-0.036224644631147385,0.5341241955757141,0.7541090250015259,-0.03649795427918434,0.45299476385116577,0.9594638347625732,-0.02840009704232216,0.49850016832351685,0.8782767653465271,-0.03487854823470116,0.4973765015602112,0.8392720818519592,-0.03144911676645279,0.48883357644081116,0.8201305866241455,-0.027454247698187828,0.4641895294189453,0.9916865229606628,-0.02753783017396927,0.49112221598625183,0.9142826199531555,-0.031170690432190895,0.4872039556503296,0.8781480193138123,-0.025940153747797012,0.4792783558368683,0.8634935617446899,-0.02053392305970192
0.3734903931617737,1.012175440788269,3.1603659067513945e-07,0.37800201773643494,0.9156153798103333,-0.005963657051324844,0.4109654426574707,0.8493755459785461,-0.012152071110904217,0.4523237943649292,0.8283039927482605,-0.016254829242825508,0.4814743995666504,0.825630247592926,-0.019432958215475082,0.4159904718399048,0.8527034521102905,-0.028841104358434677,0.4705972671508789,0.7837525010108948,-0.03726644441485405,0.4990430474281311,0.7519739270210266,-0.03833361715078354,0.5203772783279419,0.7299579381942749,-0.037506893277168274,0.4349749982357025,0.9123629331588745,-0.03014792501926422,0.48867863416671753,0.833608090877533,-0.0379953607916832,0.5151171684265137,0.7886251211166382,-0.038643863052129745,0.5329521298408508,0.7576474547386169,-0.03881814330816269,0.45030608773231506,0.9624947905540466,-0.029925843700766563,0.4968200623989105,0.8808587789535522,-0.03747573494911194,0.49729645252227783,0.8403509855270386,-0.0343046560883522,0.4901927411556244,0.8190579414367676,-0.030246233567595482,0.461296021938324,0.9960665702819824,-0.02943488582968712,0.4901227056980133,0.9201525449752808,-0.03360484540462494,0.48754727840423584,0.8836225867271423,-0.028333740308880806,0.48045074939727783,0.8681403994560242,-0.022789612412452698
0.37368157505989075,1.0190136432647705,2.874722042633948e-07,0.37723028659820557,0.9251773953437805,-0.005442276131361723,0.40941300988197327,0.8558464050292969,-0.011415793560445309,0.4509384334087372,0.8326565623283386,-0.015067314729094505,0.48092079162597656,0.8284212946891785,-0.017858894541859627,0.41444554924964905,0.8569217920303345,-0.029316222295165062,0.4692761301994324,0.7859101295471191,-0.03790542110800743,0.4979846179485321,0.7530168294906616,-0.038814395666122437,0.5193067789077759,0.7306920289993286,-0.037662457674741745,0.4326026439666748,0.9169402122497559,-0.030424127355217934,0.48744943737983704,0.8368685841560364,-0.03824664279818535,0.513798177242279,0.7912087440490723,-0.038312915712594986,0.53206467628479,0.7595388293266296,-0.037809569388628006,0.4472227096557617,0.9671351909637451,-0.029911981895565987,0.4968099296092987,0.8854835629463196,-0.03671633079648018,0.5041447281837463,0.8404329419136047,-0.03312349319458008,0.5029044151306152,0.8132502436637878,-0.0289276335388422,0.4574868977069855,1.0013043880462646,-0.029056373983621597,0.4901135563850403,0.9265744686126709,-0.03282179683446884,0.494867205619812,0.8838480114936829,-0.027650557458400726,0.49400413036346436,0.859113872051239,-0.022151464596390724
0.37119150161743164,1.0252118110656738,3.316207255465997e-07,0.3751646876335144,0.9312575459480286,-0.0064546591602265835,0.407309889793396,0.863214373588562,-0.014588908292353153,0.4488280415534973,0.8368338346481323,-0.02041476033627987,0.47954797744750977,0.8292932510375977,-0.025310112163424492,0.41095829010009766,0.8624983429908752,-0.03354008495807648,0.46813803911209106,0.7921338081359863,-0.04417270049452782,0.49824267625808716,0.7605016231536865,-0.04661720246076584,0.5204200148582458,0.7395325899124146,-0.04635041579604149,0.428046315908432,0.9238582253456116,-0.03518764674663544,0.4856197237968445,0.8475878834724426,-0.04426833987236023,0.5126757621765137,0.801047682762146,-0.04497051611542702,0.5303510427474976,0.7678514719009399,-0.04516880586743355,0.44289371371269226,0.9766192436218262,-0.035026419907808304,0.4966360926628113,0.8983455896377563,-0.04206173121929169,0.5018407702445984,0.8539761900901794,-0.03739156946539879,0.49686354398727417,0.8271918296813965,-0.03274834156036377,0.45369768142700195,1.0134882926940918,-0.03474574536085129,0.48951947689056396,0.9429133534431458,-0.038436710834503174,0.4931722581386566,0.9021047353744507,-0.03232130780816078,0.49017736315727234,0.8786025643348694,-0.026191487908363342
0.3692983388900757,1.049879789352417,3.4414981087138585e-07,0.3724459111690521,0.9563096761703491,-0.00872492790222168,0.40529412031173706,0.881586492061615,-0.017974065616726875,0.44819653034210205,0.8468486070632935,-0.024991260841488838,0.4816683828830719,0.8312303423881531,-0.030621549114584923,0.4056502878665924,0.8820946216583252,-0.034914396703243256,0.4670664966106415,0.8145390152931213,-0.047480735927820206,0.4998440742492676,0.780445396900177,-0.05037141963839531,0.5230917930603027,0.7576109766960144,-0.049865346401929855,0.422781378030777,0.944082498550415,-0.03614524379372597,0.4857241213321686,0.86665940284729,-0.04655385762453079,0.5156306624412537,0.8195944428443909,-0.04692409187555313,0.5358719825744629,0.7859021425247192,-0.04648067429661751,0.43938949704170227,0.9943615794181824,-0.036107566207647324,0.4989491105079651,0.9145057201385498,-0.043479230254888535,0.5116354823112488,0.8651180267333984,-0.03905367851257324,0.5124309659004211,0.8332966566085815,-0.03449396416544914,0.45333942770957947,1.0270075798034668,-0.03635872155427933,0.49295756220817566,0.9545794725418091,-0.03959241136908531,0.5024274587631226,0.9074533581733704,-0.03432425856590271,0.5034209489822388,0.8764858245849609,-0.02890384942293167
0.3639069199562073,1.0744123458862305,3.7086286397425283e-07,0.3680399954319,0.9833958745002747,-0.00989488698542118,0.40300947427749634,0.9121310114860535,-0.019043635576963425,0.449639230966568,0.8738036155700684,-0.025012480095028877,0.48530322313308716,0.8555283546447754,-0.029857199639081955,0.40113481879234314,0.9121464490890503,-0.03608199581503868,0.46822720766067505,0.8477274775505066,-0.04833921045064926,0.5047168135643005,0.8153331279754639,-0.05151348561048508,0.5296639800071716,0.7911339402198792,-0.051368262618780136,0.4210943877696991,0.9749305844306946,-0.03618037700653076,0.4892129898071289,0.9031246900558472,-0.045488450676202774,0.5224730968475342,0.8568063378334045,-0.04595787078142166,0.5425983667373657,0.8207350373268127,-0.04590855538845062,0.43858057260513306,1.0268925428390503,-0.03513331711292267,0.49982765316963196,0.9593377709388733,-0.03991914540529251,0.5258795022964478,0.9090175032615662,-0.036825504153966904,0.5392506122589111,0.8701686859130859,-0.03445715829730034,0.4531113803386688,1.0620418787002563,-0.034472063183784485,0.49485138058662415,1.003868579864502,-0.03620845079421997,0.5147716403007507,0.9603589773178101,-0.031991008669137955,0.5249851942062378,0.9241185784339905,-0.028144575655460358
0.35268139839172363,1.104393482208252,3.6584600593414507e-07,0.3661067485809326,1.023093342781067,-0.0028543383814394474,0.4070509672164917,0.9652509093284607,-0.011684069409966469,0.4539014399051666,0.9426643252372742,-0.019839448854327202,0.49138179421424866,0.9362395405769348,-0.027785444632172585,0.407370924949646,0.955958902835846,-0.027198219671845436,0.46991223096847534,0.9066157341003418,-0.04053212329745293,0.5088471174240112,0.8842697739601135,-0.045976947993040085,0.535952627658844,0.8719362020492554,-0.04820843040943146,0.4177699089050293,0.9968633651733398,-0.03252442926168442,0.4832290709018707,0.9464282393455505,-0.042109712958335876,0.5243856310844421,0.9210342764854431,-0.0442640595138073,0.5537911653518677,0.908074140548706,-0.046420905739068985,0.4277934432029724,1.0430212020874023,-0.03704684227705002,0.49069127440452576,1.0009708404541016,-0.04330258071422577,0.5273417234420776,0.9780464172363281,-0.04193003103137016,0.55220627784729,0.9649695158004761,-0.04174333065748215,0.43737465143203735,1.0881328582763672,-0.0414951853454113,0.48510751128196716,1.0564278364181519,-0.04555327817797661,0.5138111114501953,1.0404620170593262,-0.04334719851613045,0.5339454412460327,1.0285459756851196,-0.04170297458767891
