x0,y0,z0,x1,y1,z1,x2,y2,z2,x3,y3,z3,x4,y4,z4,x5,y5,z5,x6,y6,z6,x7,y7,z7,x8,y8,z8,x9,y9,z9,x10,y10,z10,x11,y11,z11,x12,y12,z12,x13,y13,z13,x14,y14,z14,x15,y15,z15,x16,y16,z16,x17,y17,z17,x18,y18,z18,x19,y19,z19,x20,y20,z20
0.0,0.0,0.0,-0.013998419046401978,-0.05999535322189331,-0.010382002445354033,0.0014378130435943604,-0.11632412672042847,-0.013627778964533377,0.024748891592025757,-0.1557769775390625,-0.014037566485299635,0.0415365993976593,-0.18625092506408691,-0.013392653542055655,0.0207270085811615,-0.11208474636077881,-0.017328396665348578,0.03975000977516174,-0.1622638702392578,-0.02224739291001754,0.05331102013587952,-0.19351494312286377,-0.023911772521628905,0.06365963816642761,-0.2172788381576538,-0.024886366205706167,0.0412696897983551,-0.08306360244750977,-0.014445068540467787,0.057774871587753296,-0.13380610942840576,-0.01666461326409774,0.06724092364311218,-0.1647009253501892,-0.01650175474811988,0.0745898187160492,-0.18679821491241455,-0.016833635272874403,0.05482408404350281,-0.05714935064315796,-0.011846593806936312,0.06825980544090271,-0.10110735893249512,-0.015314338954581785,0.07391354441642761,-0.1309005618095398,-0.013796118313862848,0.07800784707069397,-0.15141510963439941,-0.012585859971537161,0.06250569224357605,-0.037210941314697266,-0.009833815733387041,0.07137200236320496,-0.07502496242523193,-0.013346129322840738,0.07370904088020325,-0.09661489725112915,-0.011425464639856386,0.07456687092781067,-0.11011230945587158,-0.009190616423680353
0.0,0.0,0.0,-0.01590418815612793,-0.062315165996551514,-0.006234948338416757,0.0006080865859985352,-0.1096731424331665,-0.009109082912502231,0.02848997712135315,-0.12527036666870117,-0.010026112479565086,0.04719242453575134,-0.1270940899848938,-0.010499275570211353,0.02271011471748352,-0.11567389965057373,-0.015266985913214626,0.043069690465927124,-0.16785752773284912,-0.01805523904174322,0.05635139346122742,-0.1963895559310913,-0.01836586864799017,0.0664309561252594,-0.21657633781433105,-0.01820681365340704,0.0468730628490448,-0.08560043573379517,-0.013956347761151733,0.06469723582267761,-0.14109724760055542,-0.014294245561060848,0.07360860705375671,-0.17251193523406982,-0.013028972131607475,0.07890203595161438,-0.19403493404388428,-0.012209297438559474,0.06252554059028625,-0.05702018737792969,-0.01223540520429367,0.07498708367347717,-0.10441786050796509,-0.01321676215290779,0.07758739590644836,-0.13425660133361816,-0.010712412466702403,0.07788649201393127,-0.15187299251556396,-0.008662410361168327,0.07120981812477112,-0.03458559513092041,-0.010783671682176532,0.07827135920524597,-0.07608819007873535,-0.011196327676472606,0.07754179835319519,-0.09943890571594238,-0.007187292726186456,0.07551124691963196,-0.11224967241287231,-0.003384863772836866
0.0,0.0,0.0,-0.012472361326217651,-0.06690722703933716,-0.0040458214314309515,0.009268373250961304,-0.12354981899261475,-0.004770863040688411,0.03877022862434387,-0.15277862548828125,-0.0036713810948310055,0.05810090899467468,-0.16819047927856445,-0.001991984372365252,0.025654643774032593,-0.11561155319213867,-0.014265617526474372,0.04623350501060486,-0.17384928464889526,-0.015539672396483795,0.05918040871620178,-0.2019975185394287,-0.013548690996470825,0.06966331601142883,-0.2210894227027893,-0.011860786176624671,0.050705283880233765,-0.08310860395431519,-0.013327660209837333,0.06856861710548401,-0.14685022830963135,-0.012913665905001537,0.07407638430595398,-0.17442291975021362,-0.009787538259628192,0.07656118273735046,-0.18967819213867188,-0.00776058266252555,0.06762388348579407,-0.05513560771942139,-0.011676491408946887,0.07992091774940491,-0.11313647031784058,-0.012695291250350849,0.07881423830986023,-0.13773852586746216,-0.00884823425054826,0.07659533619880676,-0.14831209182739258,-0.00596238410413541,0.07731702923774719,-0.03556615114212036,-0.009941455147567169,0.08421525359153748,-0.08711111545562744,-0.010821995496156589,0.08040949702262878,-0.10739874839782715,-0.006360624156299011,0.07660290598869324,-0.11433553695678711,-0.0023289252383289494
0.0,0.0,0.0,-0.009411871433258057,-0.06981635093688965,-3.3642221708873876e-05,0.012907028198242188,-0.12080103158950806,0.0013243907870190696,0.03980103135108948,-0.14008986949920654,0.003936132559871908,0.055992573499679565,-0.14481699466705322,0.0070660013280274825,0.03051421046257019,-0.12285572290420532,-0.010105425813847546,0.05418667197227478,-0.18278348445892334,-0.00925299464320517,0.06816795468330383,-0.20832401514053345,-0.00605145268669105,0.07873579859733582,-0.22473889589309692,-0.0032076007646111293,0.05448618531227112,-0.08984225988388062,-0.009527874501102929,0.07555690407752991,-0.1533517837524414,-0.006084695780330662,0.08330091834068298,-0.18229496479034424,-0.0015563586220679326,0.0869271457195282,-0.20023030042648315,0.0015768113353686886,0.07000365853309631,-0.05957627296447754,-0.007856802405470376,0.08389988541603088,-0.11039912700653076,-0.0045113147661624,0.0845697820186615,-0.13662874698638916,-7.639109567492142e-05,0.08298417925834656,-0.15113186836242676,0.002885535503125425,0.07785859704017639,-0.03668415546417236,-0.005949049112999205,0.08771023154258728,-0.0785558819770813,-0.002048920463451509,0.08747634291648865,-0.09880506992340088,0.0038966118864181,0.08462896943092346,-0.10917448997497559,0.008696915259903903
0.0,0.0,0.0,-0.0056876540184021,-0.07501119375228882,0.0006117176031281701,0.01755356788635254,-0.12629181146621704,0.0016827138256800822,0.04435664415359497,-0.14165449142456055,0.003240683895960217,0.060125112533569336,-0.14212805032730103,0.00528386755609489,0.033441364765167236,-0.134529709815979,-0.0072703411919476935,0.05872642993927002,-0.19091546535491943,-0.008152146276593442,0.07349181175231934,-0.2143304944038391,-0.006925048690796132,0.08445870876312256,-0.2294522523880005,-0.005307616584509844,0.05455416440963745,-0.09946125745773315,-0.008488982368767495,0.07881695032119751,-0.15965884923934937,-0.00705759917622828,0.08900094032287598,-0.18977487087249756,-0.004392987035721774,0.09454208612442017,-0.21004247665405273,-0.0022631577798577496,0.06808453798294067,-0.06612789630889893,-0.008978215430438752,0.08333444595336914,-0.11322766542434692,-0.007543381687760586,0.08299577236175537,-0.13530325889587402,-0.004174266860395903,0.07993584871292114,-0.14669781923294067,-0.0013693789137008139,0.07417941093444824,-0.04008406400680542,-0.009333198342979188,0.08191239833831787,-0.0816221833229065,-0.006274245597928996,0.08015316724777222,-0.0993606448173523,-0.0005505202920588204,0.0759274959564209,-0.1074059009552002,0.004320019937544828
0.0,0.0,0.0,-0.006353437900543213,-0.07651287317276001,0.0009285141136743391,0.01584687829017639,-0.1297404170036316,0.002593767073030051,0.04294821619987488,-0.14663249254226685,0.0046328505855299795,0.05929502844810486,-0.14963698387145996,0.007431556412974771,0.03474724292755127,-0.14198654890060425,-0.003564065147166673,0.061555713415145874,-0.1964438557624817,-0.0034083356726668512,0.07681718468666077,-0.2208271026611328,-0.0016541835497818624,0.08767667412757874,-0.23749202489852905,0.0003095879224375153,0.05569002032279968,-0.1086651086807251,-0.0043505072239540254,0.08093217015266418,-0.16686755418777466,-0.00275866204125208,0.0922422707080841,-0.196865975856781,5.120711333717054e-05,0.09878817200660706,-0.21683555841445923,0.002686443913752612,0.06944981217384338,-0.07616114616394043,-0.0045684958453975355,0.08660045266151428,-0.1251075267791748,-0.00235668668707234,0.09146884083747864,-0.15306919813156128,0.0014533122889943684,0.09266415238380432,-0.16879433393478394,0.004634146986553844,0.07578811049461365,-0.05033212900161743,-0.004769829625239197,0.08510270714759827,-0.0937013030052185,-0.0007015567384414112,0.08664032816886902,-0.11601394414901733,0.005336464324990686,0.08569249510765076,-0.12749630212783813,0.01052176760325807
0.0,0.0,0.0,-0.0034093260765075684,-0.07519799470901489,0.0005672426296428057,0.018801718950271606,-0.12390351295471191,0.0010187813996367368,0.045305997133255005,-0.13698804378509521,0.0012517227542616638,0.061157554388046265,-0.13651788234710693,0.0019220435743250164,0.03775423765182495,-0.14108175039291382,-0.005845504511796662,0.06656739115715027,-0.19313746690750122,-0.006417551708125302,0.08122900128364563,-0.21689802408218384,-0.005395733450257012,0.09181424975395203,-0.23328089714050293,-0.004063179881029555,0.05797895789146423,-0.10782921314239502,-0.007290989325099417,0.0845421850681305,-0.16331249475479126,-0.005857302971833178,0.09686192870140076,-0.19328725337982178,-0.0043482116206519095,0.1043519675731659,-0.21239370107650757,-0.0033554406153939453,0.07079282402992249,-0.07297486066818237,-0.007970664349102208,0.08113506436347961,-0.11220365762710571,-0.006354298607163855,0.07266983389854431,-0.11815541982650757,-0.0038377814243517605,0.06279650330543518,-0.1138678789138794,-0.0014957847787968603,0.07646915316581726,-0.04419738054275513,-0.008663961362742612,0.07907935976982117,-0.08069252967834473,-0.005316940300815531,0.07174113392829895,-0.08899194002151489,-0.00010356590513538322,0.06338950991630554,-0.08673447370529175,0.004426053094960025
0.0,0.0,0.0,-0.0012581944465637207,-0.07544755935668945,0.00021219818063400453,0.02233901619911194,-0.12368261814117432,0.0006896049444549135,0.049329936504364014,-0.13502860069274902,0.0009371459445901564,0.06537342071533203,-0.1333969235420227,0.0017452776510253898,0.039292991161346436,-0.13992273807525635,-0.005307194210217858,0.06921297311782837,-0.18949759006500244,-0.006357385675983096,0.08436840772628784,-0.21218770742416382,-0.005365158330278064,0.09553933143615723,-0.22789055109024048,-0.003861661666633154,0.05909085273742676,-0.10521352291107178,-0.006652164637671376,0.08646416664123535,-0.15811747312545776,-0.0064554911959930905,0.10041952133178711,-0.1869693398475647,-0.005352570574359561,0.10929036140441895,-0.20490223169326782,-0.0042342207316323766,0.07214182615280151,-0.06928801536560059,-0.0073840528648361214,0.08380120992660522,-0.10578125715255737,-0.007480848013983632,0.07452327013015747,-0.10853409767150879,-0.0052920769821867,0.06386709213256836,-0.10279542207717896,-0.0023886988792582997,0.07880139350891113,-0.039572060108184814,-0.008071286968515778,0.08351171016693115,-0.07528287172317505,-0.005783583402262593,0.07613146305084229,-0.08227497339248657,-0.0007144299606807181,0.06775981187820435,-0.0797051191329956,0.004130993139369821
0.0,0.0,0.0,0.0008747875690460205,-0.07508987188339233,0.00026400683425720217,0.02579939365386963,-0.12408393621444702,0.0005901670302392859,0.05301132798194885,-0.13778400421142578,0.0009441853836307246,0.06911468505859375,-0.13856816291809082,0.0019674002179073113,0.040885746479034424,-0.14000415802001953,-0.007265917352853535,0.0714229941368103,-0.1913279891014099,-0.00900672781419587,0.08694738149642944,-0.2129489779472351,-0.008001117363093613,0.09801626205444336,-0.22629386186599731,-0.006255519438056467,0.059941649436950684,-0.10269927978515625,-0.00872521321427655,0.08927518129348755,-0.15672194957733154,-0.00914043500226569,0.10291588306427002,-0.18544864654541016,-0.007709312580047367,0.11103928089141846,-0.20272976160049438,-0.0061105297426564675,0.07229095697402954,-0.06439065933227539,-0.009428533121464966,0.08565390110015869,-0.10115671157836914,-0.009510486714063404,0.07772469520568848,-0.10663199424743652,-0.006548185228822945,0.06816673278808594,-0.10308849811553955,-0.0031587934135330897,0.07804828882217407,-0.03236734867095947,-0.010041654437301872,0.08359301090240479,-0.06750994920730591,-0.00693131270956826,0.076327383518219,-0.0756843090057373,-0.0007998543805314284,0.068215012550354,-0.07402598857879639,0.0046959250685887355
0.0,0.0,0.0,0.0018015503883361816,-0.07166951894760132,-0.0006197725741827753,0.02656915783882141,-0.1185067892074585,-0.0015202557987237242,0.05319979786872864,-0.1314489245414734,-0.0024342271352821854,0.06937214732170105,-0.13259047269821167,-0.0027429389155173567,0.041436612606048584,-0.13806778192520142,-0.010169238535937097,0.07273980975151062,-0.19062858819961548,-0.014015022417780187,0.08958271145820618,-0.21110635995864868,-0.013685517696913507,0.10188063979148865,-0.22232645750045776,-0.011838196529325273,0.06010615825653076,-0.101199209690094,-0.012123340493317869,0.09149834513664246,-0.1551448106765747,-0.015048291286703375,0.10563185811042786,-0.1827688217163086,-0.014516037641342905,0.11403414607048035,-0.19815480709075928,-0.01270147760796192,0.07178208231925964,-0.061632513999938965,-0.013225358663376596,0.08130070567131042,-0.08966153860092163,-0.016066935597237375,0.06886932253837585,-0.08592391014099121,-0.01352988158750179,0.057164788246154785,-0.07578736543655396,-0.00931953707176092,0.07648065686225891,-0.027415335178375244,-0.014191015376027849,0.07748326659202576,-0.05544400215148926,-0.012330028912302282,0.06717744469642639,-0.05606234073638916,-0.005851237321522262,0.05835801362991333,-0.049291133880615234,0.0004671960342506054
0.0,0.0,0.0,0.002486288547515869,-0.07401931285858154,-0.00224344571061863,0.029447972774505615,-0.12327367067337036,-0.002865703533743158,0.0579010546207428,-0.13899564743041992,-0.0031506637943579108,0.07557526230812073,-0.14551985263824463,-0.0023996804276151806,0.0419536828994751,-0.1410006284713745,-0.008575251548890606,0.07366886734962463,-0.18912315368652344,-0.012733271568421856,0.09036460518836975,-0.20937877893447876,-0.012996142021719947,0.10258689522743225,-0.22067952156066895,-0.011676410436038509,0.060140758752822876,-0.102206289768219,-0.009914892017249599,0.09191790223121643,-0.1523842215538025,-0.013500403835777774,0.10640349984169006,-0.18011003732681274,-0.013779774531130329,0.11568471789360046,-0.19679611921310425,-0.012543204463426605,0.07159879803657532,-0.061741650104522705,-0.010883497297172084,0.08229783177375793,-0.09086012840270996,-0.015515350959603325,0.06965157389640808,-0.08867752552032471,-0.013637528046373859,0.05759012699127197,-0.08011507987976074,-0.009545815400187507,0.07656356692314148,-0.027066946029663086,-0.011820370554332271,0.07818195223808289,-0.0572129487991333,-0.012267437055115238,0.06781914830207825,-0.059594571590423584,-0.006909134555016294,0.058909446001052856,-0.054115355014801025,-0.0011117946024654657
0.0,0.0,0.0,0.003478109836578369,-0.07519418001174927,-0.002210919603285788,0.03139409422874451,-0.12620413303375244,-0.0026765753026580796,0.06138291954994202,-0.14622551202774048,-0.002648904079151748,0.08017212152481079,-0.1554027795791626,-0.0015339234122535572,0.040123552083969116,-0.14254546165466309,-0.00868501569847524,0.07318532466888428,-0.18773430585861206,-0.012300507722002862,0.09077495336532593,-0.20854800939559937,-0.012875367512506841,0.10446339845657349,-0.22207027673721313,-0.012368884494108556,0.05810973048210144,-0.10345327854156494,-0.010228193921548723,0.09059727191925049,-0.1522727608680725,-0.012933548165065645,0.10685396194458008,-0.1809539794921875,-0.013635775630874036,0.11834800243377686,-0.20015192031860352,-0.013749672656459211,0.07039690017700195,-0.06327050924301147,-0.011292270009917615,0.08703064918518066,-0.10218209028244019,-0.015355849263769983,0.07627946138381958,-0.1059110164642334,-0.013417124373418687,0.06496617197990417,-0.10044592618942261,-0.010183459704322217,0.07676219940185547,-0.02989107370376587,-0.012351891582412122,0.08280819654464722,-0.0693785548210144,-0.013311785270971654,0.07326769828796387,-0.0757148265838623,-0.008428519216877817,0.06445196270942688,-0.07026040554046631,-0.0034386074147647605
0.0,0.0,0.0,0.002380877733230591,-0.07472312450408936,-0.0026866725275169756,0.029719173908233643,-0.1263725757598877,-0.0034982277175288345,0.060462623834609985,-0.14433324337005615,-0.003719595642934337,0.07991072535514832,-0.15109628438949585,-0.002800432415853038,0.03733101487159729,-0.14508378505706787,-0.008236596044326916,0.07101824879646301,-0.1888297200202942,-0.011301495749677315,0.0888727605342865,-0.21013164520263672,-0.012054059337998524,0.1030023992061615,-0.22484278678894043,-0.012053623479033604,0.0555647611618042,-0.10651111602783203,-0.009471714180136814,0.08866366744041443,-0.1514829397201538,-0.011497346367860928,0.1064654290676117,-0.17806577682495117,-0.012597267199481621,0.11995688080787659,-0.19722193479537964,-0.013550676088954106,0.06827348470687866,-0.06595289707183838,-0.010257223304535046,0.08723977208137512,-0.10632288455963135,-0.013603627365256443,0.07635906338691711,-0.11094939708709717,-0.011725504566157952,0.06457483768463135,-0.10705256462097168,-0.00905798250826706,0.07516738772392273,-0.03190642595291138,-0.01112724157067646,0.08262255787849426,-0.07283419370651245,-0.012149341087962284,0.07336977124214172,-0.08217763900756836,-0.007778102681214705,0.06444147229194641,-0.07960283756256104,-0.0034167598096530583
0.0,0.0,0.0,0.001333385705947876,-0.07616841793060303,-0.0020963260675870288,0.026564091444015503,-0.12808465957641602,-0.0037633348028265345,0.058034300804138184,-0.147380530834198,-0.0045583019736312735,0.0791291892528534,-0.15508884191513062,-0.004171506944587122,0.03478598594665527,-0.14233797788619995,-0.010818964313259016,0.07152119278907776,-0.18836480379104614,-0.013593368675103079,0.08976265788078308,-0.20854705572128296,-0.01338579736231793,0.10354176163673401,-0.22226887941360474,-0.0126524814176463,0.053921014070510864,-0.1039423942565918,-0.011842894810726534,0.08912697434425354,-0.1518537402153015,-0.013296082127382647,0.10762843489646912,-0.1780862808227539,-0.013188078511049639,0.12115433812141418,-0.19686353206634521,-0.013520243089189421,0.06779572367668152,-0.0652310848236084,-0.0120466719153427,0.08854684233665466,-0.11190217733383179,-0.013762483816137205,0.07895544171333313,-0.12081557512283325,-0.01055080022244681,0.06758764386177063,-0.1197323203086853,-0.00758590779780377,0.07586953043937683,-0.03341275453567505,-0.012262175302495848,0.08326855301856995,-0.07725179195404053,-0.012080703373541724,0.07443994283676147,-0.08975517749786377,-0.007202948420783173,0.06543835997581482,-0.08928132057189941,-0.0027485876116060126
0.0,0.0,0.0,0.0007487237453460693,-0.07768750190734863,-0.002290063660993269,0.02564653754234314,-0.1311536431312561,-0.004202763906150153,0.05689355731010437,-0.15006935596466064,-0.00523006905096679,0.0777786374092102,-0.1564112901687622,-0.005219723454146674,0.03354579210281372,-0.14372044801712036,-0.011385358294873527,0.07023051381111145,-0.18901824951171875,-0.014621901682048133,0.0891072154045105,-0.2091214656829834,-0.01498671377304106,0.10375875234603882,-0.22282618284225464,-0.014657145722239306,0.053040117025375366,-0.10512739419937134,-0.012468016131251147,0.08887225389480591,-0.15326732397079468,-0.013886629028647235,0.10792797803878784,-0.17966556549072266,-0.013738569228380015,0.12199079990386963,-0.1984432339668274,-0.01404980140033274,0.06720802187919617,-0.06665796041488647,-0.012766920386283687,0.08965194225311279,-0.11598485708236694,-0.014059229178755572,0.08239465951919556,-0.13203591108322144,-0.010559470748930266,0.07318446040153503,-0.1372089982032776,-0.007670910453825286,0.07545605301856995,-0.03532063961029053,-0.013157541288464358,0.08440977334976196,-0.08081817626953125,-0.012693812495498946,0.07631540298461914,-0.09757596254348755,-0.007524362190096667,0.06787317991256714,-0.10102850198745728,-0.0029863017913243084
0.0,0.0,0.0,-0.0006954371929168701,-0.07833260297775269,-0.0014911571670666035,0.022698044776916504,-0.13246411085128784,-0.002814954325032204,0.052208125591278076,-0.14950525760650635,-0.003198691589233249,0.07139572501182556,-0.15275174379348755,-0.002743872992169827,0.03269988298416138,-0.14297866821289062,-0.01143665420025286,0.06982547044754028,-0.18818771839141846,-0.013973946628567546,0.08917850255966187,-0.20833253860473633,-0.013503630591031879,0.10397368669509888,-0.2211865782737732,-0.012471883503195613,0.05271261930465698,-0.10546374320983887,-0.012215934639272064,0.08863002061843872,-0.15409517288208008,-0.013346141149696678,0.10767966508865356,-0.18064355850219727,-0.01209691254555878,0.12171798944473267,-0.1987113356590271,-0.011252731961604923,0.06729340553283691,-0.06914228200912476,-0.01204102480917868,0.09078580141067505,-0.12095057964324951,-0.01202394807845053,0.08614188432693481,-0.1414281725883484,-0.0074579794345766,0.0792507529258728,-0.14969372749328613,-0.003899852690693706,0.07557204365730286,-0.039520084857940674,-0.011926526149210304,0.08468747138977051,-0.08700859546661377,-0.009887508993443817,0.07785624265670776,-0.10599195957183838,-0.003627171918225258,0.07059597969055176,-0.11025863885879517,0.0016730673923746053
0.0,0.0,0.0,-0.0004912316799163818,-0.07782512903213501,-0.002409181333391075,0.0237274169921875,-0.13163405656814575,-0.003918912736011748,0.05392897129058838,-0.1494542956352234,-0.0044611706484687375,0.07473155856132507,-0.1532270312309265,-0.00404431392369986,0.032695770263671875,-0.14392131567001343,-0.009539152504189019,0.06887516379356384,-0.18762385845184326,-0.012671782643778329,0.08864980936050415,-0.20680570602416992,-0.013141808108670716,0.1041136384010315,-0.21885716915130615,-0.0127179306086731,0.052509576082229614,-0.10510522127151489,-0.010256476708931928,0.08808028697967529,-0.15362495183944702,-0.0112143950623107,0.1068541407585144,-0.17947417497634888,-0.010437261321825986,0.12094908952713013,-0.19789594411849976,-0.010035852910263543,0.0670740008354187,-0.0681719183921814,-0.010437672966403966,0.09337586164474487,-0.12081193923950195,-0.010403989822847848,0.09523671865463257,-0.14585387706756592,-0.006409160335792308,0.09407740831375122,-0.15969723463058472,-0.0035261670213770913,0.07537853717803955,-0.03800171613693237,-0.010835981005115514,0.087130606174469,-0.08695977926254272,-0.008616007873101239,0.08427077531814575,-0.1093561053276062,-0.0024407862306219386,0.08084586262702942,-0.11863821744918823,0.0025568271435219003
0.0,0.0,0.0,-0.00012892484664916992,-0.07694345712661743,-0.002415060924761292,0.023636192083358765,-0.12991702556610107,-0.0039701924402493205,0.05300420522689819,-0.14691054821014404,-0.0045153793622034755,0.07318902015686035,-0.15040957927703857,-0.0042105910111445155,0.03293651342391968,-0.14319056272506714,-0.009761769019462463,0.06901493668556213,-0.1862848997116089,-0.013119561292626258,0.08904141187667847,-0.20597881078720093,-0.013833344608940479,0.10464704036712646,-0.21812152862548828,-0.013523771122493145,0.052582770586013794,-0.1041002869606018,-0.010520414144195911,0.08825862407684326,-0.1525353193283081,-0.011555852063395378,0.10684674978256226,-0.1782670021057129,-0.010845287397899028,0.12105852365493774,-0.19622159004211426,-0.010344353199400302,0.06694906949996948,-0.06662553548812866,-0.01070172774831235,0.09374731779098511,-0.11954617500305176,-0.010355191931523677,0.09844183921813965,-0.14626824855804443,-0.006280689660854932,0.10030686855316162,-0.16172993183135986,-0.0034455784339684215,0.07475858926773071,-0.035257816314697266,-0.011110671490826007,0.08650827407836914,-0.08458560705184937,-0.008561571754910346,0.08513695001602173,-0.10839211940765381,-0.002031998403765556,0.08331036567687988,-0.11893922090530396,0.003211718590534929
0.0,0.0,0.0,-0.0003122091293334961,-0.07607841491699219,-0.0020506173713386033,0.02327856421470642,-0.12964695692062378,-0.003589561103495953,0.052894771099090576,-0.14765530824661255,-0.003983381564381716,0.0732637345790863,-0.15251493453979492,-0.003508080157104132,0.032518476247787476,-0.14314275979995728,-0.010128173405888674,0.06890091300010681,-0.1866854429244995,-0.01361792756861746,0.08912160992622375,-0.20633292198181152,-0.014135460729363558,0.10476222634315491,-0.2180975079536438,-0.013515281851056216,0.051971614360809326,-0.10373526811599731,-0.010757082502010462,0.08782526850700378,-0.15290552377700806,-0.012165442469182608,0.10612860321998596,-0.17850881814956665,-0.011184766317370531,0.12055286765098572,-0.1964537501335144,-0.010175564686420557,0.06641879677772522,-0.06633585691452026,-0.010694409149351713,0.09383407235145569,-0.11934924125671387,-0.010217827173534033,0.10125383734703064,-0.14795982837677002,-0.0055939395787447665,0.10613194108009338,-0.1657581329345703,-0.0022533479022115444,0.07419058680534363,-0.0349961519241333,-0.010782578388813135,0.08766207098960876,-0.08478105068206787,-0.0074377682866781925,0.08911994099617004,-0.11087393760681152,-0.0001476246797267322,0.09020093083381653,-0.12418574094772339,0.005670516857293251
0.0,0.0,0.0,-5.1409006118774414e-05,-0.07643157243728638,-0.002079477491534476,0.02406981587409973,-0.13118445873260498,-0.0033342716793782756,0.05329984426498413,-0.14961129426956177,-0.00352569246173573,0.07346045970916748,-0.1549067497253418,-0.0028190079189158723,0.03299000859260559,-0.14389634132385254,-0.00893814927407277,0.06853064894676208,-0.18690502643585205,-0.012067747027359133,0.08840584754943848,-0.2068791389465332,-0.012569053754887705,0.10396361351013184,-0.21903187036514282,-0.012059454531154756,0.052287280559539795,-0.10400426387786865,-0.00959449699588788,0.08730483055114746,-0.1525958776473999,-0.010690683223984365,0.10533666610717773,-0.17838889360427856,-0.009858927414498453,0.1199447512626648,-0.19692915678024292,-0.009071490452370767,0.06651252508163452,-0.06600427627563477,-0.009651174493811254,0.09353280067443848,-0.1188509464263916,-0.00913593611188901,0.10041099786758423,-0.14819836616516113,-0.004560508490285997,0.10486948490142822,-0.16689133644104004,-0.0012846352343700573,0.07416945695877075,-0.034255385398864746,-0.009887214475057249,0.08782631158828735,-0.08474260568618774,-0.006681979358873491,0.08950483798980713,-0.11216193437576294,0.0005148254407316699,0.09069812297821045,-0.12689030170440674,0.006229307777502413
0.0,0.0,0.0,-0.0009717643260955811,-0.0774499773979187,-0.0018517757648339739,0.02333274483680725,-0.1328633427619934,-0.003401268471378671,0.053291648626327515,-0.15280622243881226,-0.003451253019619571,0.07448646426200867,-0.15990787744522095,-0.002540466806266295,0.03160989284515381,-0.1420263648033142,-0.01275358322297393,0.06791859865188599,-0.18849152326583862,-0.015700770274150955,0.08722901344299316,-0.2088688611984253,-0.015122871578086006,0.1021546721458435,-0.2209668755531311,-0.013636078417647468,0.050991833209991455,-0.10215634107589722,-0.012905376695442783,0.08691507577896118,-0.1550450325012207,-0.013557422638285743,0.10407447814941406,-0.18117058277130127,-0.01122646938298999,0.1170305609703064,-0.19818294048309326,-0.009293248609054672,0.0652344822883606,-0.06429141759872437,-0.01203204944019376,0.0920795202255249,-0.11994308233261108,-0.010534970753241168,0.09756487607955933,-0.1494165062904358,-0.00447172411938368,0.10023623704910278,-0.16638755798339844,-0.00023137605737133526,0.0729665756225586,-0.032540082931518555,-0.011232347891080963,0.08612072467803955,-0.08387643098831177,-0.006948104791689502,0.08667021989822388,-0.11122965812683105,0.001186521991741074,0.08672761917114258,-0.12486135959625244,0.007574796944510354
0.0,0.0,0.0,-0.00215718150138855,-0.07597392797470093,-0.0029223832987526066,0.022544950246810913,-0.13151651620864868,-0.005019742225883306,0.05341753363609314,-0.15248340368270874,-0.005358938755122722,0.07507213950157166,-0.16185247898101807,-0.004522063931105436,0.03151103854179382,-0.13857686519622803,-0.014432082580057681,0.06712490320205688,-0.18863922357559204,-0.017908554220227302,0.08575132489204407,-0.2095320224761963,-0.01735051877203375,0.09980764985084534,-0.22140705585479736,-0.01575406424107939,0.051149189472198486,-0.09883713722229004,-0.014101287977425159,0.08659026026725769,-0.154488205909729,-0.0158844661653319,0.10271099209785461,-0.1810985803604126,-0.013660987535146774,0.11447790265083313,-0.1979149580001831,-0.011601587453512252,0.06516209244728088,-0.06222289800643921,-0.012809271620241702,0.0911729633808136,-0.12083107233047485,-0.012395080806342662,0.09417811036109924,-0.14963728189468384,-0.006117979226289094,0.09474286437034607,-0.16457831859588623,-0.0013817851884567744,0.0727335512638092,-0.03293037414550781,-0.011646764980284274,0.08685228228569031,-0.08617591857910156,-0.008126006157723964,0.08690056204795837,-0.11344140768051147,-0.00016712915548566798,0.08649894595146179,-0.12548869848251343,0.006243497902872264
0.0,0.0,0.0,-0.0025880634784698486,-0.0764036774635315,-0.003560026611907574,0.022263288497924805,-0.133764386177063,-0.005800707701368424,0.05272775888442993,-0.15829861164093018,-0.005709413874669167,0.07352754473686218,-0.1693558692932129,-0.004432636283112856,0.030190706253051758,-0.13374042510986328,-0.01862990946300158,0.06546017527580261,-0.18960541486740112,-0.02137470708019862,0.08311209082603455,-0.21124041080474854,-0.019372957728577944,0.09621599316596985,-0.2233518362045288,-0.0167517056388391,0.05047127604484558,-0.09335732460021973,-0.017337367839886042,0.08541414141654968,-0.1528502106666565,-0.018385688744260165,0.10074898600578308,-0.18258225917816162,-0.014874560728443953,0.11088994145393372,-0.20071017742156982,-0.012134603194667193,0.06453511118888855,-0.056600868701934814,-0.014719307392610403,0.08842846751213074,-0.11715006828308105,-0.013705917604042384,0.08661505579948425,-0.14458179473876953,-0.006932292569203469,0.08290717005729675,-0.15660518407821655,-0.00200542362198064,0.07203236222267151,-0.02818763256072998,-0.01211110499478707,0.08268740773200989,-0.08128124475479126,-0.008409423723591658,0.07779940962791443,-0.10562670230865479,-0.0003048436474131222,0.07302209734916687,-0.11326730251312256,0.006120191917048601
0.0,0.0,0.0,-0.0008875727653503418,-0.07525604963302612,-0.003640548428791135,0.024186700582504272,-0.1297895312309265,-0.006035766667025655,0.05464392900466919,-0.1544044017791748,-0.0062190136968069964,0.07501965761184692,-0.16772449016571045,-0.005330082597481578,0.0335732102394104,-0.13295412063598633,-0.019415415926175683,0.06821292638778687,-0.18884295225143433,-0.021988479523258775,0.08573293685913086,-0.21180403232574463,-0.020043561337786286,0.09886276721954346,-0.2259002923965454,-0.017475387184219926,0.05329984426498413,-0.0940244197845459,-0.018113345010476678,0.08681243658065796,-0.15147805213928223,-0.019112771479683488,0.10219228267669678,-0.18226855993270874,-0.016074469415741532,0.11227965354919434,-0.20071083307266235,-0.013640404781597226,0.06674349308013916,-0.05677849054336548,-0.015347858062284558,0.08395195007324219,-0.10800367593765259,-0.014578176765041917,0.07328546047210693,-0.12184381484985352,-0.008367803050475686,0.06232881546020508,-0.12185120582580566,-0.003349412568184107,0.07357561588287354,-0.026914656162261963,-0.012593942797082036,0.07979381084442139,-0.07145744562149048,-0.009108766084807485,0.07055294513702393,-0.08596646785736084,-0.0013170054743909532,0.0621953010559082,-0.08533650636672974,0.005159977720779807
0.0,0.0,0.0,-0.0004076659679412842,-0.07499611377716064,-0.0032282658855109503,0.02449217438697815,-0.12702840566635132,-0.0052181089765070965,0.05358010530471802,-0.14909464120864868,-0.005758000863963275,0.07217663526535034,-0.16147559881210327,-0.005449976632618814,0.03654256463050842,-0.13543277978897095,-0.016427326342338233,0.06947153806686401,-0.18915963172912598,-0.01978361732351175,0.0865364670753479,-0.21168100833892822,-0.018526780745261817,0.09930330514907837,-0.22482997179031372,-0.01623536585854879,0.05501103401184082,-0.09574288129806519,-0.016302678128951698,0.08819621801376343,-0.15281593799591064,-0.01830976023363462,0.1010017991065979,-0.1831759214401245,-0.015906918188804298,0.10856354236602783,-0.19931256771087646,-0.013270833855742126,0.06705302000045776,-0.05655568838119507,-0.015101040108376651,0.08291834592819214,-0.10045140981674194,-0.016824978729957252,0.06941092014312744,-0.10748535394668579,-0.011884868471199184,0.05689653754234314,-0.10144376754760742,-0.006663880637162833,0.07266420125961304,-0.023956716060638428,-0.013844096428030639,0.07871663570404053,-0.0654342770576477,-0.012341000465923457,0.06848186254501343,-0.07609939575195312,-0.005356436921530872,0.05961203575134277,-0.07324320077896118,0.0011316932735354612
0.0,0.0,0.0,0.00028127431869506836,-0.07602983713150024,-0.0021213086448881313,0.02416566014289856,-0.12591403722763062,-0.0034337028056654617,0.05127653479576111,-0.14004313945770264,-0.0038678034335646316,0.06821462512016296,-0.143282949924469,-0.003701893672001688,0.038674384355545044,-0.13630205392837524,-0.01328764722089204,0.06984880566596985,-0.18837237358093262,-0.01602008805016908,0.08592453598976135,-0.21167981624603271,-0.015067704546851246,0.09773388504981995,-0.22597193717956543,-0.013187503035766213,0.05748292803764343,-0.0964387059211731,-0.014047396894198982,0.0886392891407013,-0.15163195133209229,-0.015504438023668854,0.10076090693473816,-0.18225634098052979,-0.013582535612982838,0.1077747642993927,-0.1992056965827942,-0.01136264443735513,0.0690857470035553,-0.0562976598739624,-0.013852095756334393,0.08256468176841736,-0.09579253196716309,-0.015331793170076935,0.06868812441825867,-0.09847652912139893,-0.011389678869051068,0.05634179711341858,-0.08997339010238647,-0.006868474710387318,0.07373496890068054,-0.02308213710784912,-0.013566194627088635,0.07767453789710999,-0.060849547386169434,-0.011795949715775578,0.06726965308189392,-0.06800240278244019,-0.005067261460823147,0.058606356382369995,-0.06292420625686646,0.0011895603373375252
0.0,0.0,0.0,0.0012865662574768066,-0.07401543855667114,-0.0004491014660459314,0.026834338903427124,-0.12329351902008057,-0.0006071992065415088,0.054734617471694946,-0.13375645875930786,0.00022455258661580046,0.07132187485694885,-0.13120150566101074,0.0014007311583839055,0.04268956184387207,-0.12960219383239746,-0.012551490330196202,0.07277598977088928,-0.18548178672790527,-0.013782470599807084,0.08867529034614563,-0.21004962921142578,-0.01164732884714681,0.09970322251319885,-0.22572541236877441,-0.009127027467883408,0.06168273091316223,-0.08955997228622437,-0.013239900694287599,0.09232202172279358,-0.14866697788238525,-0.011937793457008183,0.1027611792087555,-0.17917954921722412,-0.007357777209080041,0.10766783356666565,-0.1977846622467041,-0.0035691607008345727,0.07294532656669617,-0.05004918575286865,-0.012867109031475366,0.09145954251289368,-0.09609150886535645,-0.009972876981890977,0.08821550011634827,-0.11510390043258667,-0.0035045166696079377,0.08322051167488098,-0.12167340517044067,0.001270926910393655,0.07670006155967712,-0.017426371574401855,-0.012488435135281861,0.0844201147556305,-0.05622810125350952,-0.0071145287911065225,0.0783720314502716,-0.07160085439682007,0.0014991089738316532,0.07171240448951721,-0.07455456256866455,0.008281694612406909
0.0,0.0,0.0,0.0010977983474731445,-0.07158619165420532,0.0017615532450818705,0.024842381477355957,-0.11865121126174927,0.0015098502807759928,0.05211171507835388,-0.13325488567352295,0.0017237401515686201,0.06874784827232361,-0.13468950986862183,0.0023498218687691974,0.04217559099197388,-0.13087260723114014,-0.009259209950037928,0.07109960913658142,-0.18795663118362427,-0.011882869508632155,0.0867333710193634,-0.21297073364257812,-0.010813558456071348,0.097466379404068,-0.2294386625289917,-0.008911068533130617,0.06189313530921936,-0.09398061037063599,-0.01106468120641324,0.09165671467781067,-0.15316182374954224,-0.012532778066166372,0.10240170359611511,-0.1832263469696045,-0.009181501325734587,0.1073136031627655,-0.20333397388458252,-0.005653770622380705,0.07413312792778015,-0.05930149555206299,-0.011878957022496195,0.099211186170578,-0.11037451028823853,-0.011631735582419367,0.1070161759853363,-0.14174389839172363,-0.005894126352437468,0.11026665568351746,-0.16234374046325684,-0.0010646437113663865,0.07895722985267639,-0.029851436614990234,-0.012403561715551348,0.09783563017845154,-0.07073688507080078,-0.008737634849317999,0.10343697667121887,-0.09541738033294678,-0.0011149986931613398,0.1055288016796112,-0.11165106296539307,0.005306747760108976
0.0,0.0,0.0,-0.0016943514347076416,-0.07400083541870117,0.0008106204257494198,0.02243533730506897,-0.12296491861343384,-0.00022130847371570894,0.05167728662490845,-0.14034420251846313,-0.0005633252514378739,0.06971299648284912,-0.14536398649215698,-0.000568453637402655,0.0383489727973938,-0.12942439317703247,-0.013196558757204713,0.06764227151870728,-0.19118845462799072,-0.01670267346360177,0.08213788270950317,-0.21701455116271973,-0.015582998348850907,0.0922473669052124,-0.2328556776046753,-0.013563528722603024,0.06050574779510498,-0.09347164630889893,-0.015071631474871339,0.08921653032302856,-0.16112202405929565,-0.01735039713837594,0.09734338521957397,-0.19175517559051514,-0.013912344417054356,0.10047686100006104,-0.2100943922996521,-0.010546431011039914,0.07592177391052246,-0.06157344579696655,-0.015821331246275605,0.09951621294021606,-0.12376457452774048,-0.016693242891211213,0.10270023345947266,-0.15446549654006958,-0.010817536218542756,0.10293984413146973,-0.1723095178604126,-0.006070899842757882,0.08456575870513916,-0.03617483377456665,-0.0163130174116084,0.1016167402267456,-0.08805328607559204,-0.01428566879637927,0.10229361057281494,-0.11316514015197754,-0.007096594730843009,0.10065078735351562,-0.1271788477897644,-0.0009872390148082388
0.0,0.0,0.0,-0.003615856170654297,-0.07575446367263794,6.221961151631206e-05,0.02055138349533081,-0.12338900566101074,-0.00038643643862279475,0.050321221351623535,-0.13717609643936157,-0.00034780360662090004,0.06819301843643188,-0.14155393838882446,0.0002353098992333713,0.039996564388275146,-0.1353299617767334,-0.008703910277892746,0.06608450412750244,-0.1934310793876648,-0.011964245231558479,0.07931196689605713,-0.22034698724746704,-0.011817968914021648,0.08876276016235352,-0.23737585544586182,-0.010662735903371967,0.06344711780548096,-0.10118800401687622,-0.010206688659001983,0.08875465393066406,-0.16562503576278687,-0.011688219846893944,0.0958968997001648,-0.1964435577392578,-0.008893522897471584,0.09874415397644043,-0.21600282192230225,-0.006112718021233476,0.0796593427658081,-0.0707734227180481,-0.01113408012103001,0.10022050142288208,-0.1317368745803833,-0.011817186603058971,0.10272431373596191,-0.16207176446914673,-0.006627062333484091,0.1020277738571167,-0.18042075634002686,-0.00230284407522241,0.08834528923034668,-0.046365320682525635,-0.012086473868896164,0.10228395462036133,-0.09674912691116333,-0.01026992266785065,0.10273921489715576,-0.12275427579879761,-0.003993512129147447,0.10054612159729004,-0.13829094171524048,0.0015206714182003367
0.0,0.0,0.0,-0.006924033164978027,-0.0773165225982666,0.0003907374618989934,0.015934884548187256,-0.12665075063705444,-0.000557012042222027,0.04537099599838257,-0.1443677544593811,-0.0007168954482352774,0.06344914436340332,-0.14982855319976807,-0.0006325115111707191,0.03837478160858154,-0.13352751731872559,-0.013922412880887691,0.06253087520599365,-0.19590741395950317,-0.016679245979716484,0.07307583093643188,-0.22242718935012817,-0.015025113710393612,0.08023560047149658,-0.23831868171691895,-0.01272665802501649,0.0640411376953125,-0.10208755731582642,-0.015280266293515865,0.08485674858093262,-0.17489123344421387,-0.01602498814575881,0.08794271945953369,-0.20520371198654175,-0.011660770514239971,0.08691900968551636,-0.22027355432510376,-0.007949112915625278,0.08176350593566895,-0.07501411437988281,-0.015437638388206665,0.09454506635665894,-0.14653891324996948,-0.014607336373259727,0.09131830930709839,-0.17227143049240112,-0.007725295611848537,0.08646804094314575,-0.18184977769851685,-0.0027671325963041227,0.09116089344024658,-0.05523329973220825,-0.015576797538628284,0.09543216228485107,-0.11351865530014038,-0.013042684645583336,0.09106004238128662,-0.13460612297058105,-0.006010150538017456,0.08644694089889526,-0.14224833250045776,-9.465212609427454e-05
0.0,0.0,0.0,-0.0077385008335113525,-0.07722538709640503,0.0022750199420116246,0.014943122863769531,-0.12721657752990723,0.002905860601153165,0.0444217324256897,-0.14536923170089722,0.004081348480816871,0.06292343139648438,-0.15282773971557617,0.005832516646172792,0.04132711887359619,-0.13675934076309204,-0.009108486527416915,0.06206321716308594,-0.20078080892562866,-0.00913356704435131,0.07043969631195068,-0.22649139165878296,-0.00519311701676628,0.07596737146377563,-0.24208587408065796,-0.0015218181655072271,0.06731456518173218,-0.10558027029037476,-0.010369546653542727,0.08420300483703613,-0.17811381816864014,-0.00909016182443878,0.08644312620162964,-0.2074068784713745,-0.003536137228671521,0.08571004867553711,-0.22329169511795044,0.0008692640109657646,0.08470165729522705,-0.07805973291397095,-0.010472899244938105,0.09427326917648315,-0.1504141092300415,-0.008694090822551459,0.09112662076950073,-0.17901480197906494,-0.0019894602595158517,0.08652448654174805,-0.1932414174079895,0.0027219041364006102,0.09339100122451782,-0.056930720806121826,-0.010344529466543406,0.09446460008621216,-0.11553966999053955,-0.00750037835708639,0.09015977382659912,-0.14116883277893066,-0.0013926606046297252,0.08580750226974487,-0.15528857707977295,0.0037728837338946164
0.0,0.0,0.0,-0.010345816612243652,-0.07473331689834595,0.00459818738501383,0.010525047779083252,-0.1270989179611206,0.00626453115593506,0.03883242607116699,-0.1513119339942932,0.007695190245172512,0.05570638179779053,-0.16243255138397217,0.00954591446544839,0.039831578731536865,-0.14122086763381958,-0.005793059142419565,0.06037956476211548,-0.2043975591659546,-0.005159769104906786,0.06909137964248657,-0.22910624742507935,-0.00016334967175168913,0.07416564226150513,-0.24191951751708984,0.004476539892962705,0.06643319129943848,-0.11133617162704468,-0.00820639113906907,0.0814390778541565,-0.18463343381881714,-0.00516271394688772,0.08240759372711182,-0.21313446760177612,0.002274599494299423,0.08146631717681885,-0.2286473512649536,0.008047634372374546,0.08449774980545044,-0.08397316932678223,-0.009574810406306256,0.09307628870010376,-0.15687382221221924,-0.006407741354891527,0.09031456708908081,-0.18573427200317383,0.0017359190246821754,0.0863223671913147,-0.20090144872665405,0.007206607712319624,0.09353417158126831,-0.06340998411178589,-0.010695160729923714,0.0931624174118042,-0.1218981146812439,-0.007083276184388865,0.08926105499267578,-0.1483120322227478,-0.0005974035734510608,0.08530610799789429,-0.16440820693969727,0.00484318249847604
0.0,0.0,0.0,-0.009955883026123047,-0.07536488771438599,0.004078335049463533,0.009948939085006714,-0.12730252742767334,0.005507471426291488,0.03724461793899536,-0.1500430703163147,0.0063563230586183295,0.05398446321487427,-0.15852487087249756,0.007511703683896087,0.03886222839355469,-0.14345669746398926,-0.0030283069565015808,0.05982851982116699,-0.20582562685012817,-0.0033805240738260522,0.06842106580734253,-0.23114889860153198,-0.0011256887438761964,0.07410979270935059,-0.24436885118484497,0.0013378733209279403,0.06504034996032715,-0.11346375942230225,-0.0056583435135948434,0.0812409520149231,-0.18461471796035767,-0.002922440492646672,0.08237385749816895,-0.21099239587783813,0.002489116196422003,0.08105868101119995,-0.2226114273071289,0.006593232429487728,0.08297288417816162,-0.08467775583267212,-0.0075287195715176836,0.09298849105834961,-0.15364307165145874,-0.004576831203984,0.08976173400878906,-0.17856091260910034,0.00255632322737398,0.08542090654373169,-0.18862873315811157,0.007294194227917217,0.09288787841796875,-0.06163489818572998,-0.009275493291305281,0.09452301263809204,-0.11884534358978271,-0.006036839527176596,0.08992379903793335,-0.14135634899139404,0.000520474896667622,0.08510434627532959,-0.15159857273101807,0.006094398829056047
0.0,0.0,0.0,-0.008932411670684814,-0.07582974433898926,0.004641383649030217,0.011674344539642334,-0.12752753496170044,0.006054444932559022,0.03896200656890869,-0.1519327163696289,0.0069023144852309315,0.0562288761138916,-0.16261178255081177,0.008013766487309226,0.03804171085357666,-0.14305752515792847,-0.003910233038297406,0.06084489822387695,-0.2061278223991394,-0.004053867193690053,0.06961041688919067,-0.2294580340385437,-0.001645153043611458,0.07479453086853027,-0.23997360467910767,0.0010165898084579794,0.06377232074737549,-0.11284667253494263,-0.006565594351670256,0.08153140544891357,-0.1835150122642517,-0.003318241336202732,0.0824999213218689,-0.2077113389968872,0.0020304380405633538,0.080272376537323,-0.21613562107086182,0.005805969932296762,0.08178913593292236,-0.08346426486968994,-0.008203251058986893,0.09278178215026855,-0.15012377500534058,-0.00408217474334549,0.08827090263366699,-0.1712639331817627,0.0031086893241791813,0.08253061771392822,-0.17659026384353638,0.00741954822576929,0.09226661920547485,-0.05963629484176636,-0.009651050674548856,0.0950278639793396,-0.11453109979629517,-0.0053198544818968685,0.08959448337554932,-0.133647620677948,0.0016490425869761793,0.08371645212173462,-0.13974684476852417,0.007208430902281293
0.0,0.0,0.0,-0.009506314992904663,-0.07472896575927734,0.005797366000123816,0.01118817925453186,-0.12698328495025635,0.008443301397718983,0.03808015584945679,-0.14997053146362305,0.010052035416819649,0.05481153726577759,-0.1580524444580078,0.011789327341475087,0.037579894065856934,-0.14628034830093384,0.00012461266270236138,0.061151862144470215,-0.20793628692626953,0.0003814689404038063,0.07098209857940674,-0.23038160800933838,0.0020098428645809463,0.07695430517196655,-0.24149727821350098,0.0039499805712779334,0.062489986419677734,-0.11720907688140869,-0.0028977803016374537,0.08098798990249634,-0.18483316898345947,0.0010097734335516861,0.08256369829177856,-0.20807015895843506,0.005436354636557894,0.08061623573303223,-0.2168961763381958,0.0084522197426935,0.07997798919677734,-0.08746570348739624,-0.005049827654502792,0.09133929014205933,-0.14877766370773315,-0.0004030307758426943,0.08703094720840454,-0.16898983716964722,0.005714433587499457,0.08141881227493286,-0.17520922422409058,0.009233522083022194,0.09044545888900757,-0.06234806776046753,-0.006981261220417423,0.09458732604980469,-0.11279809474945068,-0.001730798191047711,0.08979672193527222,-0.1315706968307495,0.004914017248310643,0.08397269248962402,-0.13929712772369385,0.010018548782326775
0.0,0.0,0.0,-0.007425129413604736,-0.07500863075256348,0.0028459851708078077,0.015123754739761353,-0.12864309549331665,0.003714021349679797,0.04327458143234253,-0.15085339546203613,0.004179128732886284,0.06076455116271973,-0.1575324535369873,0.004760899868216484,0.039935410022735596,-0.14324402809143066,-0.004150683238748343,0.064472496509552,-0.20485615730285645,-0.005135040908697874,0.07461881637573242,-0.22778677940368652,-0.004402022521588833,0.08017081022262573,-0.23844021558761597,-0.0031607676685041497,0.06437802314758301,-0.11173349618911743,-0.006384786396864683,0.08373218774795532,-0.17977571487426758,-0.003692779402825863,0.08328264951705933,-0.20102554559707642,-0.00011871215630776533,0.07934349775314331,-0.20663678646087646,0.0021021885875427415,0.08141326904296875,-0.08104026317596436,-0.007853841121885807,0.09461319446563721,-0.14474254846572876,-0.004608659717831642,0.08949047327041626,-0.16351884603500366,0.0005008969417588105,0.08277082443237305,-0.1666649580001831,0.0032659690439516,0.09168368577957153,-0.05588853359222412,-0.009227774750087292,0.09859377145767212,-0.10714685916900635,-0.00563806965166691,0.09336233139038086,-0.12438780069351196,0.00015280475398071758,0.08675873279571533,-0.129197895526886,0.0046276224855148484
0.0,0.0,0.0,-0.008846849203109741,-0.07415920495986938,0.003693458391651916,0.013165712356567383,-0.127247154712677,0.004991421476304936,0.04155999422073364,-0.14982110261917114,0.00566700007796328,0.059315264225006104,-0.1569812297821045,0.006429259665608811,0.03785187005996704,-0.14510560035705566,-0.003055542241483522,0.06331390142440796,-0.20702296495437622,-0.003964910283386303,0.07368654012680054,-0.22817367315292358,-0.003233356633856488,0.07969725131988525,-0.2365964651107788,-0.001915905740744961,0.06259751319885254,-0.11473888158798218,-0.005485321860462022,0.08302605152130127,-0.1826288104057312,-0.0027984674085672623,0.08183234930038452,-0.1994534730911255,0.0009057616701539928,0.07748228311538696,-0.20073115825653076,0.003372431267351317,0.0799441933631897,-0.08450567722320557,-0.007107578217684818,0.0938570499420166,-0.14677566289901733,-0.003560772165357662,0.08785504102706909,-0.16112786531448364,0.001881377538964557,0.08087581396102905,-0.16064220666885376,0.004891608842015671,0.09033584594726562,-0.05968499183654785,-0.008576555642932249,0.09844028949737549,-0.10883378982543945,-0.004121372010260416,0.09329414367675781,-0.12224745750427246,0.00216313451558392,0.08705168962478638,-0.12401139736175537,0.006888771429956364
0.0,0.0,0.0,-0.006055355072021484,-0.07551771402359009,0.004572115710022473,0.016430377960205078,-0.12862712144851685,0.006801761092635417,0.04402637481689453,-0.1513243317604065,0.008211519440653348,0.060853540897369385,-0.156918466091156,0.009694026654603505,0.0388033390045166,-0.14522188901901245,-0.0008140393304465476,0.06468737125396729,-0.2042165994644165,-0.000661224488151646,0.07615774869918823,-0.2262190580368042,0.0006416306593628462,0.08274024724960327,-0.23744714260101318,0.0022805443611169096,0.06140679121017456,-0.11439961194992065,-0.0034012416265731815,0.08380204439163208,-0.17824596166610718,-0.0002503600965546582,0.08457934856414795,-0.1989130973815918,0.0030297398213470217,0.08118236064910889,-0.2058205008506775,0.005304166452976489,0.07746577262878418,-0.08296626806259155,-0.005104387773183561,0.0925593376159668,-0.13864946365356445,-0.00152156084122268,0.08746415376663208,-0.15442568063735962,0.0030198899209672447,0.08071523904800415,-0.15722185373306274,0.005720036441477561,0.08748775720596313,-0.056117355823516846,-0.0065087467785751585,0.09829765558242798,-0.1006922721862793,-0.001420892787148631,0.0940561294555664,-0.11473274230957031,0.004919690882804417,0.08778101205825806,-0.11840158700942993,0.009713450318219685
0.0,0.0,0.0,-0.00553402304649353,-0.07798999547958374,0.006599964557366889,0.017096132040023804,-0.13129395246505737,0.009254349844681542,0.04400983452796936,-0.15487337112426758,0.010674364382552426,0.060517579317092896,-0.1620497703552246,0.01199663754753999,0.0384921133518219,-0.14129573106765747,-0.0003244300189777505,0.06471142172813416,-0.20159977674484253,0.00024114870551272816,0.0754900872707367,-0.223222553730011,0.00228809121266238,0.08215418457984924,-0.23315459489822388,0.004539882281946461,0.061662882566452026,-0.11157262325286865,-0.0037628235461539816,0.08265402913093567,-0.17851996421813965,-0.0002391957407468226,0.08252564072608948,-0.19941967725753784,0.003908411583083193,0.07872751355171204,-0.20377910137176514,0.006936910079943459,0.07807919383049011,-0.08205670118331909,-0.0060787848363048624,0.08994200825691223,-0.14173942804336548,-0.001390507344936509,0.08322843909263611,-0.15715938806533813,0.0042934026403003145,0.0758260190486908,-0.1572340726852417,0.007721338404493849,0.08811190724372864,-0.05758291482925415,-0.008010892679763515,0.09539571404457092,-0.10605698823928833,-0.0018147659886977863,0.09011074900627136,-0.12169873714447021,0.005196526164340298,0.0835142433643341,-0.12507224082946777,0.010380465986358445
0.0,0.0,0.0,-0.0027406513690948486,-0.07523703575134277,0.005775545761578016,0.02016696333885193,-0.12771302461624146,0.008561874777667455,0.04702189564704895,-0.14943921566009521,0.010291365944437914,0.06309673190116882,-0.15653854608535767,0.012389545366756849,0.04089954495429993,-0.14177924394607544,-4.1354951820338215e-05,0.06731465458869934,-0.20130634307861328,0.0006603138550484999,0.07952263951301575,-0.2242640256881714,0.003208291521884732,0.08693698048591614,-0.23625409603118896,0.005990622137330703,0.062345951795578,-0.11062699556350708,-0.0030514725571197943,0.0866488516330719,-0.17493462562561035,0.0001310572493888884,0.08860960602760315,-0.199113667011261,0.004984505046747856,0.08602067828178406,-0.20781099796295166,0.009025490880601339,0.07711651921272278,-0.07911527156829834,-0.005151984709657498,0.09360256791114807,-0.13303756713867188,-0.0010800204094199017,0.0885673463344574,-0.15220600366592407,0.0051323608873712345,0.08159229159355164,-0.15633100271224976,0.00958803020476573,0.08565899729728699,-0.051703035831451416,-0.0069997836457265095,0.09933701157569885,-0.09211403131484985,-0.0008188164996614233,0.09619143605232239,-0.10861021280288696,0.006694696415804557,0.09001782536506653,-0.11389821767807007,0.012621528506867818
0.0,0.0,0.0,-0.0028211474418640137,-0.07666969299316406,0.006072830835744725,0.02109178900718689,-0.1296883225440979,0.008725936951503144,0.04800078272819519,-0.15053635835647583,0.010301950814589844,0.0643024742603302,-0.15717118978500366,0.01217600839065014,0.04165259003639221,-0.14008212089538574,-0.0007514049453511973,0.06867119669914246,-0.19958752393722534,-0.000638643842268749,0.08079233765602112,-0.22109657526016235,0.0019645271435528855,0.08873888850212097,-0.2318093180656433,0.005018243527427302,0.0634322464466095,-0.10957515239715576,-0.0037851196635365625,0.08618238568305969,-0.17551660537719727,-0.001109431070819511,0.08874502778053284,-0.19982200860977173,0.00444156300128995,0.0872904360294342,-0.20827877521514893,0.009214538576468811,0.07830360531806946,-0.08001053333282471,-0.005927192551627769,0.0926235020160675,-0.13880109786987305,-0.001986306199416532,0.08801022171974182,-0.1592147946357727,0.005462400110825882,0.08221182227134705,-0.16364336013793945,0.01100966563300787,0.08677992224693298,-0.05555671453475952,-0.007846097034946098,0.0965254008769989,-0.10304385423660278,-0.0016408297620564838,0.09298613667488098,-0.12263119220733643,0.006447896322622881,0.08770820498466492,-0.12962627410888672,0.01300852043406664
0.0,0.0,0.0,0.00029033422470092773,-0.07621908187866211,0.005841649824505524,0.025121629238128662,-0.1274186372756958,0.00930464848664947,0.051227450370788574,-0.1437576413154602,0.01168726965573974,0.0665733814239502,-0.14800435304641724,0.014577541721736864,0.04519146680831909,-0.13837307691574097,0.0021311663908267775,0.07183206081390381,-0.19686174392700195,0.0031134795748943844,0.08427375555038452,-0.2180367112159729,0.0059642826558405915,0.09251326322555542,-0.2296389937400818,0.009240400267517046,0.06559741497039795,-0.10662537813186646,-0.00035304743192732246,0.08928591012954712,-0.16801297664642334,0.0032195888811106244,0.09397083520889282,-0.19446492195129395,0.008376097528016047,0.09453070163726807,-0.20776838064193726,0.012905936909591631,0.07894003391265869,-0.07600671052932739,-0.002159798063585683,0.09509634971618652,-0.13102346658706665,0.0021649375443661967,0.09315955638885498,-0.15509706735610962,0.008594429341828302,0.08940690755844116,-0.1645297408103943,0.013590663892900423,0.08566731214523315,-0.05126357078552246,-0.003758369257921501,0.09722572565078735,-0.09590369462966919,0.002680185938006119,0.09535473585128784,-0.11780053377151489,0.010335092654203848,0.09109306335449219,-0.1278669238090515,0.016672915069138483
0.0,0.0,0.0,0.0007299482822418213,-0.07647061347961426,0.005972385666170865,0.025537997484207153,-0.12652641534805298,0.009626474956819564,0.05117267370223999,-0.14260977506637573,0.012159807401546985,0.06603705883026123,-0.14696139097213745,0.015172988901683837,0.04440566897392273,-0.13824617862701416,0.002750161363580972,0.06996285915374756,-0.19536840915679932,0.003956890924671441,0.08249598741531372,-0.21685898303985596,0.006950124892243892,0.09136760234832764,-0.2296520471572876,0.01018941474969104,0.06464695930480957,-0.10679465532302856,0.00014442256135005493,0.08874976634979248,-0.16733533143997192,0.0037080340821535884,0.09383660554885864,-0.19416236877441406,0.009006456265995055,0.09484577178955078,-0.20769160985946655,0.013626049998054057,0.07792025804519653,-0.07642990350723267,-0.0018395581014214457,0.09502321481704712,-0.13006794452667236,0.002352267064923197,0.09349435567855835,-0.15485996007919312,0.008695822934457809,0.09007024765014648,-0.1649794578552246,0.01361857054645732,0.08443862199783325,-0.051853299140930176,-0.0036222496732829512,0.09692192077636719,-0.09543031454086304,0.002813040305698067,0.09571456909179688,-0.11763912439346313,0.010349672081717998,0.09206205606460571,-0.1287853717803955,0.016472017186531573
0.0,0.0,0.0,0.0009021461009979248,-0.0760037899017334,0.005224763626388906,0.025997966527938843,-0.12623059749603271,0.008881242690764068,0.051581382751464844,-0.14200550317764282,0.01176941369303286,0.0662684440612793,-0.1442435383796692,0.015265978617749809,0.04410552978515625,-0.1378350853919983,0.002151829168356656,0.06983500719070435,-0.19347447156906128,0.004183307035050987,0.08256596326828003,-0.21519231796264648,0.007807334164313673,0.09163159132003784,-0.2289193868637085,0.011401613919220566,0.06373584270477295,-0.1055346131324768,0.00020377379368774484,0.08855831623077393,-0.1644875407218933,0.00451078240402758,0.09524363279342651,-0.1918720006942749,0.010317815212689041,0.09794104099273682,-0.20739173889160156,0.01526325263657391,0.07639431953430176,-0.07360959053039551,-0.0011330895580652367,0.09408318996429443,-0.1261754035949707,0.0037732696870040883,0.09409266710281372,-0.1516857147216797,0.010423574341617226,0.09187912940979004,-0.1631832718849182,0.015495824372552036,0.0819019079208374,-0.04803067445755005,-0.0023217578640508663,0.09370225667953491,-0.09100300073623657,0.0047194079739671935,0.09297114610671997,-0.11343926191329956,0.012508218852959274,0.08989673852920532,-0.1244080662727356,0.018765453925512432
0.0,0.0,0.0,-0.00044527649879455566,-0.07575756311416626,0.004981176972233214,0.02425745129585266,-0.12632966041564941,0.0084360549671878,0.049904316663742065,-0.14001482725143433,0.011273924305879035,0.06465226411819458,-0.1394863724708557,0.014624202668510833,0.04194164276123047,-0.13682830333709717,0.0002990705115557546,0.06780517101287842,-0.193470299243927,0.0021486066261608983,0.0805620551109314,-0.21492063999176025,0.005881119564019599,0.08964782953262329,-0.2277095913887024,0.009551114447258868,0.06204253435134888,-0.10452872514724731,-0.001457718971341393,0.0872201919555664,-0.16551023721694946,0.002069270515658417,0.09406536817550659,-0.19364845752716064,0.007375855043374457,0.0971720814704895,-0.20857417583465576,0.01201238860174314,0.07509982585906982,-0.07289057970046997,-0.002405725374973855,0.09208881855010986,-0.1252753734588623,0.0018992195118521238,0.08987325429916382,-0.14963340759277344,0.00787119106187717,0.08638161420822144,-0.15934962034225464,0.012574815235876002,0.08095115423202515,-0.04760092496871948,-0.0030961497241328573,0.0917007327079773,-0.09047526121139526,0.003682856259711542,0.08934062719345093,-0.11192923784255981,0.011184875897907176,0.08554345369338989,-0.12140202522277832,0.017169852785610118
0.0,0.0,0.0,-0.00016555190086364746,-0.0746849775314331,0.0032143893394760426,0.02399727702140808,-0.1242416501045227,0.005920000628023558,0.04957270622253418,-0.1375519037246704,0.008386258755265885,0.0640009343624115,-0.13604724407196045,0.011363970835148507,0.0417819619178772,-0.1344582438468933,-0.001651306732171065,0.06772729754447937,-0.19027358293533325,-5.48760627196998e-05,0.08048436045646667,-0.21209603548049927,0.0032350039318345125,0.08942118287086487,-0.22575730085372925,0.006504603449641877,0.061738938093185425,-0.10191947221755981,-0.002599035368845648,0.08707436919212341,-0.16139721870422363,0.001109314521229976,0.09483382105827332,-0.19046461582183838,0.005867001854269915,0.09845569729804993,-0.20768684148788452,0.00976308786535185,0.07437816262245178,-0.06999683380126953,-0.002791614017993993,0.09017303586006165,-0.12041348218917847,0.0018216778034485515,0.08802744746208191,-0.14347106218338013,0.007022942204415017,0.0843077003955841,-0.15276962518692017,0.010857283857106381,0.07950618863105774,-0.04481738805770874,-0.0028477995447673266,0.0877368152141571,-0.08703994750976562,0.004111624110876733,0.08409252762794495,-0.1074180006980896,0.011328356128572636,0.07911220192909241,-0.1160852313041687,0.016842830714224988
0.0,0.0,0.0,-0.00021529197692871094,-0.07404762506484985,0.001930703501720643,0.02427774667739868,-0.12415051460266113,0.004390679276120579,0.049878984689712524,-0.13669681549072266,0.006888163717967188,0.06399071216583252,-0.1355266571044922,0.00994836350394479,0.04285457730293274,-0.1362931728363037,-0.0030610754857391953,0.06830555200576782,-0.19122862815856934,-0.0016397247328043818,0.08088445663452148,-0.21389734745025635,0.0013715098374902368,0.08977407217025757,-0.22842180728912354,0.0043357349695085645,0.062268614768981934,-0.10160166025161743,-0.0036405856026888728,0.08694416284561157,-0.159448504447937,-0.00014270987055198248,0.09551435708999634,-0.18974626064300537,0.0039009521478234888,0.10002464056015015,-0.20822679996490479,0.0070968055860518575,0.07414740324020386,-0.06712102890014648,-0.003524341644215667,0.08642172813415527,-0.11134058237075806,0.00040143298058836763,0.07995611429214478,-0.1276068091392517,0.004404229553919947,0.07296305894851685,-0.1308782696723938,0.007599525129926121,0.07839024066925049,-0.03960835933685303,-0.0033003969820768475,0.08251935243606567,-0.07861709594726562,0.002792692486700332,0.07568562030792236,-0.09470725059509277,0.009136660000812924,0.06843549013137817,-0.09868496656417847,0.014110117195677674
0.0,0.0,0.0,-0.0009011626243591309,-0.0756068229675293,0.0035248753802505917,0.02295994758605957,-0.12597984075546265,0.006056393142941374,0.0484449565410614,-0.13909047842025757,0.00821436394021191,0.06319442391395569,-0.13885962963104248,0.010802836269292015,0.04195263981819153,-0.13837647438049316,-0.0024429179074587637,0.06778749823570251,-0.19433075189590454,-0.0007047803419055754,0.08054950833320618,-0.21668648719787598,0.0026303628647355026,0.08969995379447937,-0.23072850704193115,0.005861373730155606,0.060833483934402466,-0.10509544610977173,-0.0038340225627990776,0.08610180020332336,-0.16167348623275757,-9.304006103150186e-05,0.09481903910636902,-0.1916472315788269,0.003944438528421301,0.09941408038139343,-0.20915400981903076,0.007143808640691418,0.07273080945014954,-0.07117152214050293,-0.004268328081664663,0.08266124129295349,-0.11157649755477905,0.0003911751510230488,0.07317033410072327,-0.12108898162841797,0.004572409317049164,0.06420937180519104,-0.11878877878189087,0.007808407414856333,0.07759186625480652,-0.043445706367492676,-0.004522111154940944,0.08047959208488464,-0.07920551300048828,0.0025166141522703356,0.07242420315742493,-0.08928316831588745,0.009306910559686798,0.06458333134651184,-0.08813363313674927,0.014523757733556408
0.0,0.0,0.0,0.0003796219825744629,-0.07565897703170776,0.0026956405960660845,0.024306297302246094,-0.1252390742301941,0.004678883403975931,0.04970991611480713,-0.13637101650238037,0.006175526231963602,0.06476625800132751,-0.13402140140533447,0.008040424716163841,0.04251521825790405,-0.13847386837005615,-0.0030622791494536727,0.06933769583702087,-0.191941499710083,-0.002441702130745682,0.08262017369270325,-0.21373116970062256,-6.514489832909476e-06,0.0917104184627533,-0.22648996114730835,0.0026637486186515957,0.06119820475578308,-0.1032782793045044,-0.004858322627406153,0.08722701668739319,-0.15874266624450684,-0.0020893068979788154,0.0965249240398407,-0.18834275007247925,0.001084372331824568,0.10152038931846619,-0.205488920211792,0.003683259990502563,0.07301291823387146,-0.06748783588409424,-0.0058613253752994865,0.08320394158363342,-0.10680776834487915,-0.002569195534597668,0.07298544049263,-0.11377990245819092,0.0008720658258241087,0.06310597062110901,-0.1092882752418518,0.0038290478293490082,0.07760372757911682,-0.03784412145614624,-0.006725463736366066,0.07858160138130188,-0.07273125648498535,-0.0008480487852651208,0.06944820284843445,-0.08115279674530029,0.005535838008363214,0.06105557084083557,-0.07810890674591064,0.01062932172833797
0.0,0.0,0.0,0.0008155703544616699,-0.07527303695678711,0.0029358753015600314,0.025127500295639038,-0.12456685304641724,0.005269754539554583,0.05052348971366882,-0.13488417863845825,0.007210520423328148,0.06527283787727356,-0.13277143239974976,0.009622834950064885,0.04277580976486206,-0.13680678606033325,-0.0025818996584661136,0.0694897472858429,-0.19014763832092285,-0.0015543959091104398,0.08272525668144226,-0.21113383769989014,0.0013096550026290288,0.09176245331764221,-0.22354775667190552,0.004299661937480437,0.06102153658866882,-0.1020052433013916,-0.004165742219115032,0.08742007613182068,-0.15774893760681152,-0.0015393982396147976,0.09709641337394714,-0.18650060892105103,0.0017183492671080103,0.10221830010414124,-0.20289713144302368,0.0046146366291992535,0.07274475693702698,-0.06664443016052246,-0.004920260653520359,0.08212831616401672,-0.105823814868927,-0.0015662409352756868,0.07191553711891174,-0.11227518320083618,0.0018693360978119244,0.06221923232078552,-0.10817939043045044,0.005024799938624369,0.07755622267723083,-0.037622690200805664,-0.0054960270865507255,0.07853695750236511,-0.07242166996002197,0.0006229927310101857,0.06985613703727722,-0.08166676759719849,0.006961285463845002,0.06184151768684387,-0.07998937368392944,0.01208487651435064
0.0,0.0,0.0,1.049041748046875e-05,-0.07470035552978516,0.0029475155999705294,0.024513423442840576,-0.12532275915145874,0.0060365693891242245,0.05021587014198303,-0.13817477226257324,0.009117539531160901,0.06467029452323914,-0.13855433464050293,0.012851427799631665,0.04283636808395386,-0.13778507709503174,-0.0018821049932569167,0.07000020146369934,-0.19161760807037354,0.00040742547864169865,0.0829935371875763,-0.21252721548080444,0.0042925067493513325,0.0919133722782135,-0.22498607635498047,0.008064900084008286,0.060988813638687134,-0.10290324687957764,-0.0023415754301652214,0.0873778760433197,-0.1597980260848999,0.0018740411862552264,0.09719166159629822,-0.18875408172607422,0.006629347360302518,0.10266163945198059,-0.2053154706954956,0.01057404142486007,0.07249954342842102,-0.06781870126724243,-0.001956113589386632,0.08361437916755676,-0.11023133993148804,0.003436696507577608,0.0761285126209259,-0.12234139442443848,0.00824194264279754,0.06862702965736389,-0.1227262020111084,0.012042794867028306,0.07690778374671936,-0.03947758674621582,-0.0014367893789142272,0.08040282130241394,-0.0770183801651001,0.006448273106087754,0.07371905446052551,-0.09037834405899048,0.013742974518407891,0.06703320145606995,-0.09174829721450806,0.019422362117637704
0.0,0.0,0.0,-0.0003800690174102783,-0.0747978687286377,0.0025025989754823286,0.023213744163513184,-0.12630999088287354,0.00552333908963476,0.048854708671569824,-0.1415981650352478,0.008704534907522543,0.0633898377418518,-0.143807053565979,0.012596854184451445,0.041540324687957764,-0.14005005359649658,-0.001679566047457115,0.06973493099212646,-0.19274365901947021,0.0009120100305182177,0.08365565538406372,-0.21322399377822876,0.0048788103169528085,0.09309506416320801,-0.2255394458770752,0.008762366314115866,0.059634506702423096,-0.10446453094482422,-0.0016168860591250223,0.0870634913444519,-0.15970087051391602,0.0033282681262818414,0.09745877981185913,-0.18832266330718994,0.008295651700976236,0.10337716341018677,-0.2057323455810547,0.012273887348058565,0.07115322351455688,-0.06843692064285278,-0.0007480674528750342,0.08198928833007812,-0.11013221740722656,0.005246651068958386,0.07454091310501099,-0.1222069263458252,0.009974628862622126,0.06707727909088135,-0.12328755855560303,0.013607569214585169,0.0755569338798523,-0.039275288581848145,0.0002568851352435786,0.07825350761413574,-0.07681423425674438,0.008704054345074042,0.07147055864334106,-0.08994626998901367,0.016136725608888014,0.06484907865524292,-0.09133327007293701,0.021833970387163504
0.0,0.0,0.0,0.0008411705493927002,-0.0738103985786438,0.0011877231758177231,0.024921566247940063,-0.12474387884140015,0.003334744762824471,0.050981760025024414,-0.14096438884735107,0.005739169823200996,0.06630602478981018,-0.14527392387390137,0.008857967028589542,0.04261520504951477,-0.1361486315727234,-0.0035071746220722844,0.07117429375648499,-0.18778550624847412,-0.002539976570560043,0.0853518545627594,-0.20863407850265503,0.0005392252809457432,0.09500393271446228,-0.22126507759094238,0.003978527778954799,0.06060805916786194,-0.09993565082550049,-0.0035105110851958443,0.08914104104042053,-0.15366405248641968,-0.0007236990037284841,0.09954074025154114,-0.18312668800354004,0.003251395816178615,0.1052636206150055,-0.20123887062072754,0.006876249959887559,0.07195654511451721,-0.06373286247253418,-0.002828141977815335,0.08326175808906555,-0.10443806648254395,0.0007258060380905818,0.07515755295753479,-0.11507236957550049,0.004969548596264417,0.06710031628608704,-0.11459559202194214,0.008866187812955673,0.07617929577827454,-0.03424859046936035,-0.0020331065876320054,0.07887980341911316,-0.07045948505401611,0.004716708487094934,0.07104906439781189,-0.08264327049255371,0.01195933080670386,0.06368008255958557,-0.0829014778137207,0.017862142691583927
0.0,0.0,0.0,0.0019739866256713867,-0.07429808378219604,0.0006005551190497727,0.026325762271881104,-0.12443065643310547,0.0016771549931178242,0.052332937717437744,-0.1409410834312439,0.003143807138727084,0.06805548071861267,-0.14417970180511475,0.00523010567896165,0.041701048612594604,-0.1337674856185913,-0.0070311681260903924,0.07105550169944763,-0.18578743934631348,-0.007712497644646987,0.0860353410243988,-0.2066478133201599,-0.005578105140997991,0.0962931215763092,-0.21827203035354614,-0.002729599865674004,0.0595497190952301,-0.09645748138427734,-0.007542506594731435,0.08942851424217224,-0.15006840229034424,-0.005988339230938777,0.10070773959159851,-0.17978709936141968,-0.002515611507519111,0.10669741034507751,-0.1972111463546753,0.0007146076172972471,0.07077035307884216,-0.059455692768096924,-0.007251490176244602,0.0823279321193695,-0.09986811876296997,-0.004904954497291669,0.07317665219306946,-0.10865747928619385,-0.0008425517948893457,0.06398871541023254,-0.10577768087387085,0.0029976260489235074,0.07491311430931091,-0.029305577278137207,-0.00684333945490323,0.07762876152992249,-0.06580448150634766,-0.001463235275409147,0.06913760304450989,-0.07608163356781006,0.005480072192327157,0.061174243688583374,-0.07443761825561523,0.011270179144517556
0.0,0.0,0.0,0.0014985203742980957,-0.07340425252914429,-0.0007631978770632486,0.026374638080596924,-0.12436789274215698,-7.306610427804117e-06,0.05298846960067749,-0.1399100422859192,0.0011426243180494566,0.06888008117675781,-0.14258968830108643,0.0030616094771858116,0.041171878576278687,-0.13376474380493164,-0.006997351167342458,0.07133692502975464,-0.18270933628082275,-0.008857117598495279,0.08681845664978027,-0.20298010110855103,-0.007647559610745702,0.09727215766906738,-0.21421027183532715,-0.005366100096694026,0.05906146764755249,-0.09672552347183228,-0.00761197982876638,0.08951371908187866,-0.14786970615386963,-0.00801772308125237,0.10163408517837524,-0.17737692594528198,-0.005985878506294284,0.1078140139579773,-0.19456833600997925,-0.003313373639798556,0.07018917798995972,-0.059597134590148926,-0.007715043710163627,0.08038586378097534,-0.09649074077606201,-0.008078122144183908,0.06992197036743164,-0.10191398859024048,-0.005262309783688579,0.05972066521644592,-0.09702271223068237,-0.0014538233918983678,0.0744791030883789,-0.029011070728302002,-0.0077599762990985255,0.07613247632980347,-0.06354755163192749,-0.004793379088482652,0.06671667098999023,-0.07229083776473999,0.001062775048808362,0.058368980884552,-0.07014191150665283,0.006584640028336253
0.0,0.0,0.0,0.0013887584209442139,-0.07306575775146484,-0.0013081759944952864,0.026961058378219604,-0.12420588731765747,-0.0009699064222559173,0.05427044630050659,-0.13823825120925903,-0.00014570135419944563,0.07032686471939087,-0.13948655128479004,0.0014511793586962085,0.041517406702041626,-0.134635329246521,-0.007864860145787134,0.07165223360061646,-0.1829836368560791,-0.010138788519839181,0.08770400285720825,-0.20322400331497192,-0.009343682116309537,0.09889727830886841,-0.21391582489013672,-0.0074174765296675105,0.05944591760635376,-0.09618806838989258,-0.008583809508422746,0.08967471122741699,-0.1457589864730835,-0.009683980865816011,0.10261780023574829,-0.17635202407836914,-0.008301148450414075,0.10984528064727783,-0.19479382038116455,-0.006132965235451593,0.07042801380157471,-0.05802428722381592,-0.008779842665830984,0.0800972580909729,-0.09476011991500854,-0.01003532416973485,0.06872761249542236,-0.09988832473754883,-0.007520028649310007,0.05782249569892883,-0.094546377658844,-0.0037833897196151156,0.07449179887771606,-0.026699483394622803,-0.008934663867989912,0.07572287321090698,-0.06150108575820923,-0.006746358497480287,0.06583034992218018,-0.06965416669845581,-0.0009854913488425154,0.05748319625854492,-0.06641501188278198,0.004568865263422595
0.0,0.0,0.0,0.0010586380958557129,-0.0740654468536377,-0.0018975916539289983,0.026903390884399414,-0.12723994255065918,-0.0017289794270851644,0.05542626976966858,-0.14491397142410278,-0.0004419043182366522,0.07247591018676758,-0.1496891975402832,0.0017703756236500112,0.03968504071235657,-0.13349103927612305,-0.010046761854269448,0.07133173942565918,-0.18187177181243896,-0.011436667664625588,0.08739197254180908,-0.20248007774353027,-0.00982830244926447,0.09839653968811035,-0.21410340070724487,-0.007550209666320029,0.05772256851196289,-0.0947103500366211,-0.009775933249571267,0.08918720483779907,-0.14456766843795776,-0.009757079555370751,0.10237056016921997,-0.1754697561264038,-0.007500444910206738,0.10948103666305542,-0.19487041234970093,-0.0052424258540355595,0.06912240386009216,-0.05738788843154907,-0.00879137255130047,0.0813828706741333,-0.09974294900894165,-0.008682856707551423,0.0715172290802002,-0.10941559076309204,-0.005386006924041453,0.06114792823791504,-0.10710984468460083,-0.0018274040414922865,0.07396286725997925,-0.027540504932403564,-0.007771444412597361,0.07730370759963989,-0.06728702783584595,-0.005170996206530276,0.06863284111022949,-0.0793638825416565,0.0005140693171910016,0.06060129404067993,-0.07882893085479736,0.005655452703408059
0.0,0.0,0.0,0.0019665956497192383,-0.07422655820846558,-0.0004960057716374422,0.027779966592788696,-0.126198410987854,-7.614315960324802e-05,0.056753724813461304,-0.14394724369049072,0.0016953286091307973,0.0742642879486084,-0.14953947067260742,0.004366686668291209,0.03913286328315735,-0.1281050443649292,-0.011556995931968572,0.07245039939880371,-0.17831796407699585,-0.011498398978218916,0.08807903528213501,-0.19946807622909546,-0.008251458305821302,0.09856986999511719,-0.21155738830566406,-0.0049654551706765915,0.05705714225769043,-0.0894995927810669,-0.011337708581194761,0.09068530797958374,-0.14280831813812256,-0.009974770147309187,0.10341775417327881,-0.17359179258346558,-0.005998622525439146,0.11011260747909546,-0.19237393140792847,-0.002768206542313578,0.06867849826812744,-0.053312063217163086,-0.009928692962930086,0.08532071113586426,-0.10151833295822144,-0.007446951597884777,0.07769161462783813,-0.1172216534614563,-0.0023547801114176536,0.0689074695110321,-0.11906564235687256,0.0016644080011616325,0.07371985912322998,-0.024981677532196045,-0.008357134547040346,0.07950484752655029,-0.06883895397186279,-0.003859121251807096,0.0717894434928894,-0.0857662558555603,0.0029015248716319775,0.06420457363128662,-0.08800429105758667,0.00837574722994816
0.0,0.0,0.0,0.0012603700160980225,-0.07569801807403564,-0.0014885759508018737,0.02731090784072876,-0.12787598371505737,-0.0010875767390956526,0.05635315179824829,-0.147219717502594,0.0006967579768257792,0.07377892732620239,-0.15565842390060425,0.0035124496728400345,0.03846123814582825,-0.13250267505645752,-0.010348457965605462,0.0710248053073883,-0.1801135540008545,-0.010679753619783128,0.08648824691772461,-0.20068174600601196,-0.008626355912142003,0.0973128080368042,-0.21365171670913696,-0.006365630432568992,0.05635589361190796,-0.09278631210327148,-0.009733880992584432,0.08833122253417969,-0.14460879564285278,-0.00870042958443662,0.1029057502746582,-0.17519378662109375,-0.006127959705494845,0.11177253723144531,-0.1953749656677246,-0.004252990830295289,0.0680033266544342,-0.05536264181137085,-0.008164468343906606,0.08422833681106567,-0.10390359163284302,-0.006470008410119021,0.07816106081008911,-0.12126648426055908,-0.002461330156378949,0.07029551267623901,-0.12504255771636963,0.0007270816652322765,0.07358711957931519,-0.026469171047210693,-0.006551741279267276,0.0798075795173645,-0.07272952795028687,-0.003250619519107545,0.07292771339416504,-0.09149831533432007,0.00251527421029607,0.06578689813613892,-0.09551507234573364,0.007262859370953834
0.0,0.0,0.0,0.0011766552925109863,-0.07488429546356201,-0.00011253500908026126,0.026361465454101562,-0.1274591088294983,0.00045900655184993866,0.05521366000175476,-0.14559292793273926,0.0024272874297679436,0.07284164428710938,-0.1522446870803833,0.005413721578392483,0.03662016987800598,-0.1337451934814453,-0.009801654347953104,0.0707680881023407,-0.1810186505317688,-0.010447778010544084,0.08723199367523193,-0.20092517137527466,-0.007836898060318731,0.09797012805938721,-0.2130066156387329,-0.004751910658356451,0.05497029423713684,-0.09461098909378052,-0.009291691908416055,0.08907049894332886,-0.14606404304504395,-0.008741655589815878,0.10396939516067505,-0.17422127723693848,-0.004749146958616279,0.1130477786064148,-0.19415229558944702,-0.0010554657483368146,0.06741803884506226,-0.058123767375946045,-0.007713088037249349,0.08941715955734253,-0.11048412322998047,-0.005189138201799892,0.09328103065490723,-0.14024174213409424,0.0006620888316177798,0.09367924928665161,-0.1574072241783142,0.005084117206010319,0.07343247532844543,-0.028749406337738037,-0.00601279150488665,0.08200335502624512,-0.07731813192367554,-0.0010193509215383756,0.07967609167098999,-0.10468357801437378,0.006384235603931643,0.0767168402671814,-0.11815851926803589,0.01238929087502072
0.0,0.0,0.0,0.0009614825248718262,-0.07695090770721436,-0.000736877635148403,0.026076912879943848,-0.12910014390945435,-0.0012448164853537946,0.05641952157020569,-0.14796733856201172,-0.0004092201635046422,0.07527005672454834,-0.1570379137992859,0.0014855849803154797,0.03610822558403015,-0.13524723052978516,-0.01017562243950465,0.0705297589302063,-0.1830117106437683,-0.011674098110319164,0.08685976266860962,-0.20357853174209595,-0.009929683430613068,0.09731048345565796,-0.21627432107925415,-0.007534450756878641,0.05403175950050354,-0.09462040662765503,-0.010260422153891113,0.08819234371185303,-0.1464957594871521,-0.01041781566900113,0.10264444351196289,-0.17456239461898804,-0.00741227520492771,0.11186575889587402,-0.19527089595794678,-0.004778108465046671,0.06637951731681824,-0.0579453706741333,-0.009409309736014393,0.09105002880096436,-0.11227822303771973,-0.00829666051876643,0.0948837399482727,-0.1417102813720703,-0.003073753461734441,0.09516966342926025,-0.15941393375396729,0.0008299469845098884,0.07256045937538147,-0.02922111749649048,-0.008433862960458782,0.0843120813369751,-0.07968950271606445,-0.004960595069945839,0.08238989114761353,-0.1067013144493103,0.0019918469260176153,0.07957994937896729,-0.12025517225265503,0.0076357024735500545
0.0,0.0,0.0,-0.00011628866195678711,-0.07712829113006592,0.0001681247205880254,0.024824082851409912,-0.12969648838043213,9.049952241468873e-05,0.05545246601104736,-0.14892733097076416,0.0013301805567635938,0.074989914894104,-0.1575489640235901,0.0037585871734364673,0.03526240587234497,-0.13629227876663208,-0.009402749131183441,0.07068008184432983,-0.18594545125961304,-0.010541107508103664,0.08694958686828613,-0.20593178272247314,-0.008148919793526943,0.0972016453742981,-0.21756720542907715,-0.005146775397221859,0.05341729521751404,-0.09673744440078735,-0.009444477039139088,0.08818453550338745,-0.1508508324623108,-0.009403451348404701,0.10259634256362915,-0.1784929633140564,-0.005819238259206827,0.11191445589065552,-0.19847923517227173,-0.0025777083381370858,0.06601396203041077,-0.06099367141723633,-0.00845359266058665,0.09166848659515381,-0.11611807346343994,-0.006801089740108068,0.09640979766845703,-0.14577800035476685,-0.0009325234012038663,0.09747791290283203,-0.16407454013824463,0.003506407139141743,0.07235634326934814,-0.032460570335388184,-0.007262109781365211,0.0849376916885376,-0.082527756690979,-0.00292215287008446,0.08467739820480347,-0.11100161075592041,0.004446056668896858,0.08333170413970947,-0.12669086456298828,0.010428231206972782
0.0,0.0,0.0,-0.00012192130088806152,-0.07724034786224365,0.0012802875913706657,0.02292540669441223,-0.12971502542495728,0.0017052392555427787,0.05200415849685669,-0.15037792921066284,0.003084146029877388,0.07070326805114746,-0.15904325246810913,0.005405800029265606,0.03330007195472717,-0.137384295463562,-0.008447713140768087,0.0689728856086731,-0.18594491481781006,-0.008832643662017858,0.08576565980911255,-0.20512402057647705,-0.006187881265205419,0.09706228971481323,-0.21785056591033936,-0.003316177210209048,0.051898568868637085,-0.09930825233459473,-0.00907491605393318,0.08769553899765015,-0.1512359380722046,-0.007869780917090452,0.10293334722518921,-0.17738395929336548,-0.004208440814537084,0.11280417442321777,-0.1964958906173706,-0.0014289287304478648,0.06533551216125488,-0.06392335891723633,-0.00851063143126396,0.09056568145751953,-0.11747068166732788,-0.005813393198323524,0.0926891565322876,-0.14383190870285034,-0.00029045044574615986,0.09149760007858276,-0.15933799743652344,0.0034446712430593607,0.07249385118484497,-0.03535228967666626,-0.007703046236557043,0.08399820327758789,-0.08429878950119019,-0.0029578454945209387,0.08101677894592285,-0.10862725973129272,0.0041787573915001985,0.07703620195388794,-0.12024188041687012,0.009722859676557505
0.0,0.0,0.0,3.6090612411499023e-05,-0.07792365550994873,-0.0007701014824874619,0.024823904037475586,-0.1303582787513733,-0.0013418773147009233,0.05537205934524536,-0.14936912059783936,-0.00079973511907383,0.0748593807220459,-0.15714490413665771,0.000715558724039056,0.034526556730270386,-0.13726502656936646,-0.00982079542751535,0.0692940354347229,-0.1853581666946411,-0.01103644799019321,0.08601146936416626,-0.20570874214172363,-0.009385113413884483,0.09777963161468506,-0.2190995216369629,-0.007432295750334106,0.0531885027885437,-0.0972643494606018,-0.01022795196200832,0.08753085136413574,-0.1490572690963745,-0.009956316831960521,0.10282504558563232,-0.17695927619934082,-0.007519447985544048,0.11330735683441162,-0.1975918412208557,-0.00593753046865686,0.06643006205558777,-0.06011313199996948,-0.009680154542877517,0.09167438745498657,-0.11262333393096924,-0.008564567002906642,0.08928835391998291,-0.13664138317108154,-0.0033813587347708562,0.08414894342422485,-0.14970523118972778,0.0003374244419660499,0.0733444094657898,-0.03079599142074585,-0.00904721188868507,0.08510744571685791,-0.07979649305343628,-0.005865734345718465,0.0799115002155304,-0.10293751955032349,0.0009371707141667684,0.07389271259307861,-0.11278879642486572,0.006356133338556447
0.0,0.0,0.0,-0.0003089308738708496,-0.07533591985702515,0.00018492405368419895,0.0232715904712677,-0.12748265266418457,-0.0002966278086375951,0.05282169580459595,-0.14836913347244263,0.000490259906001711,0.07239601016044617,-0.15722745656967163,0.0022315104754682125,0.03328752517700195,-0.1339084506034851,-0.011739759819391793,0.06948825716972351,-0.1817207932472229,-0.013111805656734532,0.08672207593917847,-0.20213204622268677,-0.01059947453606469,0.0983893871307373,-0.21498721837997437,-0.0076612668314908206,0.05202829837799072,-0.09621721506118774,-0.011991216914537972,0.0882064700126648,-0.14872980117797852,-0.011926334464732236,0.1036493182182312,-0.17524003982543945,-0.007977554688039845,0.11358374357223511,-0.1933864951133728,-0.004679057860556668,0.06538963317871094,-0.061119794845581055,-0.01093624543565852,0.09073776006698608,-0.11449110507965088,-0.008801958637121743,0.09190690517425537,-0.14029574394226074,-0.0019733844062272965,0.08976978063583374,-0.15455543994903564,0.0029377400672103704,0.07234415411949158,-0.032279372215270996,-0.009728838803056306,0.08369255065917969,-0.08054757118225098,-0.004910010957900113,0.08072894811630249,-0.10427200794219971,0.003177757494341904,0.07683113217353821,-0.1150592565536499,0.009584157614227706
0.0,0.0,0.0,0.0005511343479156494,-0.07611429691314697,-0.0015350134735285792,0.024718493223190308,-0.12862086296081543,-0.0027214218088715825,0.05497261881828308,-0.14938247203826904,-0.002644795847061232,0.07449856400489807,-0.15940570831298828,-0.0016033003730058226,0.034233659505844116,-0.13431787490844727,-0.011168246080103472,0.06923061609268188,-0.18012398481369019,-0.013232283216837004,0.08607536554336548,-0.20077729225158691,-0.012112182487669543,0.09774726629257202,-0.21472811698913574,-0.01045293073815401,0.05261221528053284,-0.09449738264083862,-0.011472345252457217,0.0875234603881836,-0.14566105604171753,-0.011910299693170145,0.10295569896697998,-0.17310500144958496,-0.009729738269868449,0.11314761638641357,-0.19287484884262085,-0.008134350103262022,0.06565535068511963,-0.057915687561035156,-0.010838953700783804,0.091860830783844,-0.11113762855529785,-0.010057513524714068,0.09344422817230225,-0.13853299617767334,-0.005019415558251694,0.09141850471496582,-0.15414834022521973,-0.0014720866847142133,0.07255697250366211,-0.02836918830871582,-0.010179522369924143,0.08510267734527588,-0.07715046405792236,-0.007279238120588616,0.08246958255767822,-0.10171669721603394,-0.000576638015388653,0.07865294814109802,-0.113075852394104,0.004771296477940723
0.0,0.0,0.0,0.00028520822525024414,-0.07431793212890625,-0.0014043821410183455,0.024144679307937622,-0.12658685445785522,-0.0028262772519980217,0.05414891242980957,-0.1483147144317627,-0.002903008918920591,0.07403382658958435,-0.15941572189331055,-0.0020659154669289137,0.0335540771484375,-0.13337504863739014,-0.01279524303198798,0.06951069831848145,-0.17909765243530273,-0.015442162371883228,0.08726134896278381,-0.1999492645263672,-0.014320675834724739,0.09963849186897278,-0.2138195037841797,-0.012522118717143371,0.05214342474937439,-0.09473603963851929,-0.013203401669571235,0.0884491503238678,-0.14575737714767456,-0.014061451509306266,0.10465863347053528,-0.17345738410949707,-0.011647164441356495,0.11528614163398743,-0.19298392534255981,-0.009735715195247963,0.06564372777938843,-0.05860543251037598,-0.01252021975041373,0.09243038296699524,-0.11053025722503662,-0.011685081377336815,0.09392604231834412,-0.13747954368591309,-0.0062062000778411175,0.09189924597740173,-0.15274155139923096,-0.0023393380378280426,0.07285323739051819,-0.028579354286193848,-0.011805198706397846,0.08532032370567322,-0.07558763027191162,-0.008796045176396206,0.08264711499214172,-0.09990453720092773,-0.0018971021908242847,0.0789564847946167,-0.1113203763961792,0.0036720758381392216
0.0,0.0,0.0,-6.181001663208008e-05,-0.07356631755828857,-0.001043966455881673,0.02344253659248352,-0.12574130296707153,-0.002343890323800224,0.05319416522979736,-0.1471043825149536,-0.002237117683080214,0.07337084412574768,-0.1564299464225769,-0.0012386355749640643,0.03210911154747009,-0.1321360468864441,-0.013147417522532123,0.06840932369232178,-0.17824506759643555,-0.01590215514556803,0.08664560317993164,-0.19937217235565186,-0.014725626512927192,0.09952306747436523,-0.21329623460769653,-0.012811631030899662,0.0507034957408905,-0.09417027235031128,-0.01347362443016209,0.0871848464012146,-0.14571303129196167,-0.014622280440789837,0.10392129421234131,-0.1732792854309082,-0.012061038121146339,0.11516964435577393,-0.19255149364471436,-0.009880846432906765,0.06457725167274475,-0.05913466215133667,-0.012598841517728943,0.09233295917510986,-0.11158359050750732,-0.011651331625444072,0.0959271788597107,-0.14001744985580444,-0.005911849040103334,0.09562498331069946,-0.15703415870666504,-0.0017916126610089123,0.07214349508285522,-0.03026968240737915,-0.011658507465881485,0.08621096611022949,-0.07776182889938354,-0.008317375622254986,0.08564454317092896,-0.10364913940429688,-0.0012350675617653906,0.0836879312992096,-0.11718958616256714,0.004488958444881064
0.0,0.0,0.0,-0.0006148219108581543,-0.07167768478393555,-0.0010452921198123022,0.022038429975509644,-0.12353801727294922,-0.00232022860305392,0.05124068260192871,-0.14430642127990723,-0.002401570782382123,0.0710894763469696,-0.15172165632247925,-0.0017197144844942613,0.030779153108596802,-0.13426190614700317,-0.012429706977997057,0.06759950518608093,-0.17920100688934326,-0.015545439200792543,0.0866703987121582,-0.1998692750930786,-0.01499939080545687,0.1002689003944397,-0.2134608030319214,-0.013528174015078775,0.049493879079818726,-0.09713298082351685,-0.012973575147185556,0.08678066730499268,-0.14545315504074097,-0.014215211609695189,0.104800283908844,-0.17228567600250244,-0.012164528707359068,0.11701887845993042,-0.19152051210403442,-0.010458189288470976,0.06370967626571655,-0.06142151355743408,-0.012404542642030947,0.09202486276626587,-0.11008971929550171,-0.011789624804947607,0.09294265508651733,-0.13437938690185547,-0.0062596399731376096,0.09001874923706055,-0.1479836106300354,-0.0021540287345089837,0.07149255275726318,-0.031731486320495605,-0.011792517492864363,0.08608192205429077,-0.07688313722610474,-0.008848129997346632,0.08381214737892151,-0.09900796413421631,-0.0017441615856625958,0.0801398754119873,-0.1087067723274231,0.004093486124332912
0.0,0.0,0.0,-0.0005495250225067139,-0.0730816125869751,-0.0010430656191005028,0.022961705923080444,-0.1250404715538025,-0.0026442645400805986,0.053515344858169556,-0.14596432447433472,-0.0030198054671330965,0.0740620493888855,-0.15393108129501343,-0.0026970474798275745,0.03078383207321167,-0.134432852268219,-0.012909159465138487,0.06752976775169373,-0.18035054206848145,-0.016165432921056322,0.08686089515686035,-0.20059865713119507,-0.015891331648830942,0.10109800100326538,-0.21392500400543213,-0.014781869417433313,0.04943382740020752,-0.09616726636886597,-0.01386615767181354,0.08692112565040588,-0.14628219604492188,-0.015052167168263964,0.10519051551818848,-0.17310333251953125,-0.013396780407433084,0.1178426742553711,-0.19267934560775757,-0.012316723755006365,0.06353029608726501,-0.059828102588653564,-0.013698586663608125,0.09214675426483154,-0.11216020584106445,-0.013437924376134447,0.09318482875823975,-0.13663315773010254,-0.008446870772544912,0.09053438901901245,-0.15010172128677368,-0.004965408640359215,0.07132890820503235,-0.03027164936065674,-0.013447151920203737,0.08511659502983093,-0.07897967100143433,-0.011106378799681238,0.08169099688529968,-0.10078322887420654,-0.00446493777484136,0.07748961448669434,-0.10938560962677002,0.000843361841603496
0.0,0.0,0.0,-0.0002563297748565674,-0.07361871004104614,-0.0009337479994684372,0.023121505975723267,-0.12576824426651,-0.002558055245415858,0.05325585603713989,-0.14643371105194092,-0.003042120863781861,0.07382932305335999,-0.15499895811080933,-0.0028206721461430107,0.0313565731048584,-0.13541197776794434,-0.012815660243020943,0.06830155849456787,-0.18062734603881836,-0.016427300316379956,0.0876944363117218,-0.20110124349594116,-0.016413930249498776,0.10199740529060364,-0.21450722217559814,-0.01542729549585431,0.04984623193740845,-0.09718567132949829,-0.01397899203477948,0.08733761310577393,-0.1461814045906067,-0.015779433217929295,0.10576590895652771,-0.17304158210754395,-0.014459828292118004,0.11856910586357117,-0.19240188598632812,-0.013449437362240246,0.06390875577926636,-0.06090265512466431,-0.013998126057074955,0.09244105219841003,-0.11180275678634644,-0.014191033695922783,0.09300193190574646,-0.1361466646194458,-0.008938938756571702,0.08975395560264587,-0.1495015025138855,-0.0050685078884527,0.07185003161430359,-0.03126811981201172,-0.013952007894502572,0.08583924174308777,-0.07938849925994873,-0.011735772159980229,0.0826137363910675,-0.10094523429870605,-0.004692594898031643,0.07839781045913696,-0.10934919118881226,0.001064882120019206
0.0,0.0,0.0,-0.001019507646560669,-0.0739295482635498,-0.001477966365811767,0.022503554821014404,-0.12719666957855225,-0.003563841736351492,0.053038209676742554,-0.14860409498214722,-0.00420047452341521,0.07396349310874939,-0.15661829710006714,-0.0041443614069720525,0.029395639896392822,-0.13601607084274292,-0.014970936976780536,0.06709727644920349,-0.18300479650497437,-0.019052891225030066,0.08686813712120056,-0.20341706275939941,-0.019126014948298575,0.10139638185501099,-0.21642321348190308,-0.018128495827724578,0.04823511838912964,-0.09717720746994019,-0.015982901841809394,0.08689534664154053,-0.1479027271270752,-0.018105765968968512,0.10512399673461914,-0.17530685663223267,-0.016793171108176352,0.11763197183609009,-0.1950896978378296,-0.01576320470910275,0.0625060498714447,-0.061347901821136475,-0.015772130504657866,0.09240299463272095,-0.11593234539031982,-0.01606794463138783,0.09623348712921143,-0.1435863971710205,-0.011065171264519336,0.09619730710983276,-0.15969371795654297,-0.007545273449679257,0.07065734267234802,-0.032863616943359375,-0.015478539444913508,0.08579695224761963,-0.08408516645431519,-0.013314332977344634,0.08474677801132202,-0.10831451416015625,-0.006380287163366916,0.08283215761184692,-0.11952292919158936,-0.0008310575400827247
0.0,0.0,0.0,-0.0008728206157684326,-0.07356548309326172,-0.002021525906570787,0.023555755615234375,-0.12761181592941284,-0.004764314660974378,0.05582916736602783,-0.1491113305091858,-0.006076232450254793,0.0786859393119812,-0.1580168604850769,-0.0065363216345986075,0.029483526945114136,-0.13830900192260742,-0.014970211697914237,0.06782382726669312,-0.18282932043075562,-0.019737565344371433,0.08785420656204224,-0.2026180624961853,-0.020458163147964115,0.10264205932617188,-0.2151769995689392,-0.01991745775023901,0.04810759425163269,-0.0982520580291748,-0.016084631359376544,0.0870470404624939,-0.1474587321281433,-0.018917675515808696,0.10575681924819946,-0.17411577701568604,-0.018025917386808032,0.11912286281585693,-0.19388622045516968,-0.017301260879435176,0.0626579225063324,-0.061463773250579834,-0.016131828924812908,0.09204500913619995,-0.11600202322006226,-0.017126375263728733,0.09487468004226685,-0.14207684993743896,-0.012011058082975978,0.09458962082862854,-0.15765398740768433,-0.008293034894563789,0.07156571745872498,-0.03228658437728882,-0.016188093846835727,0.08632045984268188,-0.08407771587371826,-0.014634006111123199,0.08473220467567444,-0.10794484615325928,-0.00783636925200426,0.08311280608177185,-0.11904382705688477,-0.0022697869354715294
0.0,0.0,0.0,-0.001080542802810669,-0.07346391677856445,-0.00024503088529570505,0.021885424852371216,-0.12657374143600464,-0.0018423231409059326,0.05197605490684509,-0.14665091037750244,-0.002224053521374003,0.07319590449333191,-0.15228497982025146,-0.001984558566206829,0.02925187349319458,-0.13900411128997803,-0.012775551560068266,0.06746229529380798,-0.1841280460357666,-0.016550588453853265,0.08749684691429138,-0.20425814390182495,-0.016417206297361986,0.1020488440990448,-0.21690142154693604,-0.015167510169291631,0.04806232452392578,-0.09999430179595947,-0.014248798633659021,0.08713802695274353,-0.1508888602256775,-0.016493068108999864,0.10543552041053772,-0.17729228734970093,-0.015089022959315912,0.11860951781272888,-0.1971479058265686,-0.013572144354426996,0.062499552965164185,-0.0635993480682373,-0.014509514937842027,0.09263250231742859,-0.11796218156814575,-0.014591044778669016,0.10145434737205505,-0.14688223600387573,-0.009605722534203665,0.10681197047233582,-0.1665867567062378,-0.005925108245307342,0.07060167193412781,-0.03387695550918579,-0.014586363951408998,0.08633017539978027,-0.08538025617599487,-0.01158300417914404,0.08905938267707825,-0.11208361387252808,-0.00415605589255108,0.09119009971618652,-0.1275714635848999,0.0018045589935837825
0.0,0.0,0.0,-0.001674652099609375,-0.07176089286804199,-0.0005211959421558277,0.021427005529403687,-0.12502360343933105,-0.002138184156819989,0.0514904260635376,-0.14560234546661377,-0.002492455771744062,0.07295551896095276,-0.15168577432632446,-0.002158056019425203,0.028083980083465576,-0.14071887731552124,-0.011768284259915163,0.06634443998336792,-0.186701238155365,-0.015551324939906408,0.08719691634178162,-0.20609194040298462,-0.015454530722081472,0.10230657458305359,-0.21755248308181763,-0.014094898483335783,0.047212064266204834,-0.10228031873703003,-0.012847312732219507,0.08528095483779907,-0.15469807386398315,-0.015187634161293317,0.10355868935585022,-0.1809084415435791,-0.014072953729510118,0.11729326844215393,-0.201063871383667,-0.012593809521376897,0.06214076280593872,-0.06691199541091919,-0.012838177389085104,0.09285438060760498,-0.12301862239837646,-0.013203946879684736,0.10573545098304749,-0.15407121181488037,-0.00895891711729746,0.11482974886894226,-0.17623889446258545,-0.005590210674881746,0.07130247354507446,-0.03792870044708252,-0.012615386402785589,0.08906245231628418,-0.09109455347061157,-0.009672680875837614,0.09617236256599426,-0.1201903223991394,-0.002790193778082539,0.10204216837882996,-0.13922452926635742,0.0028868724996300443
0.0,0.0,0.0,-0.0008503496646881104,-0.07304775714874268,-0.0007648188839795012,0.022499173879623413,-0.12656772136688232,-0.002283601927118184,0.052560240030288696,-0.14621895551681519,-0.0027154573691205997,0.0741947591304779,-0.1517694592475891,-0.0024612107300328034,0.028802037239074707,-0.141818106174469,-0.010571517887072446,0.06675094366073608,-0.18654495477676392,-0.014143725762622239,0.08762097358703613,-0.20657622814178467,-0.014208232889430406,0.10301071405410767,-0.21862226724624634,-0.013067266809301259,0.04819425940513611,-0.10254490375518799,-0.011870670037822606,0.08617103099822998,-0.15424668788909912,-0.013766829761223676,0.10408753156661987,-0.18024742603302002,-0.012783066275076749,0.11753392219543457,-0.20015400648117065,-0.01158499521996248,0.06343457102775574,-0.0661049485206604,-0.01222017025436628,0.09426495432853699,-0.12146306037902832,-0.012390281910555245,0.10483497381210327,-0.15150010585784912,-0.008047649542348267,0.11182451248168945,-0.17236143350601196,-0.004698367229210021,0.07255887985229492,-0.036527931690216064,-0.012447075823800446,0.08973774313926697,-0.09026378393173218,-0.009352894405381562,0.09413468837738037,-0.11868596076965332,-0.002203185948090436,0.09773668646812439,-0.13578414916992188,0.0035638784537894708
0.0,0.0,0.0,-0.0010660290718078613,-0.07313543558120728,-0.0006917818488432204,0.022304415702819824,-0.125837504863739,-0.002318205176095489,0.05209890007972717,-0.14605027437210083,-0.002670345459307555,0.07376030087471008,-0.15321552753448486,-0.0022202004717541968,0.02865692973136902,-0.1410021185874939,-0.011453433524991397,0.06673464179039001,-0.18781226873397827,-0.015132626149977568,0.08762586116790771,-0.20787149667739868,-0.014926181737507704,0.1028715968132019,-0.21927690505981445,-0.013373213451529864,0.04814222455024719,-0.10224288702011108,-0.01227876693400276,0.08600744605064392,-0.15636348724365234,-0.014172501493419531,0.1034277081489563,-0.18294477462768555,-0.012683008428837184,0.11641693115234375,-0.20259499549865723,-0.010905327838088397,0.06335672736167908,-0.06630146503448486,-0.012007806081498984,0.09404188394546509,-0.12317681312561035,-0.011684585925365809,0.10483014583587646,-0.15400618314743042,-0.00636223294230831,0.11222749948501587,-0.1747395396232605,-0.002243625329981569,0.07240968942642212,-0.03651988506317139,-0.011582346264447096,0.08970582485198975,-0.09045374393463135,-0.007659500096167449,0.09514814615249634,-0.11965841054916382,0.00037097263458463203,0.09965980052947998,-0.1373618245124817,0.006870574220840808
0.0,0.0,0.0,-0.001032412052154541,-0.07550698518753052,-0.001308898674210468,0.023016005754470825,-0.13093674182891846,-0.003159145126005569,0.052979230880737305,-0.1510971188545227,-0.003740487387290159,0.07426229119300842,-0.15799498558044434,-0.0035043666138108165,0.027795761823654175,-0.14181536436080933,-0.012998921563735166,0.06593358516693115,-0.1900460124015808,-0.01699036057095782,0.08639499545097351,-0.21085059642791748,-0.016912647290041605,0.10151505470275879,-0.2228909730911255,-0.015521229011824289,0.04711887240409851,-0.10149776935577393,-0.013972722692301431,0.08496928215026855,-0.15767335891723633,-0.0159961625466849,0.10172122716903687,-0.18607521057128906,-0.014403257286062399,0.11402779817581177,-0.20611333847045898,-0.012795006623377958,0.062347233295440674,-0.06500589847564697,-0.013890869682541052,0.09343570470809937,-0.12434273958206177,-0.01373300491820828,0.10094225406646729,-0.15535712242126465,-0.00824733893375651,0.10513287782669067,-0.17457115650177002,-0.004158878931662002,0.07161703705787659,-0.03609204292297363,-0.013781702844312349,0.08824536204338074,-0.0919223427772522,-0.010296606225779215,0.09069323539733887,-0.12110072374343872,-0.0025302425491418035,0.09275689721107483,-0.13739949464797974,0.003635024419168076
0.0,0.0,0.0,3.6716461181640625e-05,-0.07846671342849731,-0.0017959344306746061,0.02592170238494873,-0.134701669216156,-0.00389039368496924,0.05631491541862488,-0.15874075889587402,-0.004445617935971313,0.07734769582748413,-0.17050939798355103,-0.004061227116153532,0.030071735382080078,-0.13687747716903687,-0.015505677937881046,0.06759995222091675,-0.18881022930145264,-0.018670484341100746,0.08678710460662842,-0.21116292476654053,-0.017546454361990982,0.10091614723205566,-0.22453242540359497,-0.01555930628569513,0.04872557520866394,-0.09514033794403076,-0.015938747591690117,0.08529850840568542,-0.15479904413223267,-0.016811646438554817,0.1009259819984436,-0.18503111600875854,-0.014244149356500202,0.11158102750778198,-0.20497924089431763,-0.012484842828826004,0.0630759596824646,-0.057579100131988525,-0.015109100296513134,0.09303176403045654,-0.11907470226287842,-0.013834718532280021,0.09706747531890869,-0.1512203812599182,-0.007921323097662025,0.09704411029815674,-0.16921108961105347,-0.00407318948896318,0.07183662056922913,-0.028218984603881836,-0.014270882039681965,0.08630907535552979,-0.08283358812332153,-0.010417048736826473,0.0853830873966217,-0.11216104030609131,-0.0029649493856140907,0.08328035473823547,-0.127352774143219,0.0026512863939842646
0.0,0.0,0.0,0.0004366934299468994,-0.07652288675308228,-0.0044616350998722965,0.02852475643157959,-0.13447970151901245,-0.00700870036162371,0.06176745891571045,-0.16418105363845825,-0.007485719127728885,0.08444029092788696,-0.18654662370681763,-0.00666032704539532,0.03157845139503479,-0.12970489263534546,-0.015436735199912732,0.0655713677406311,-0.18553966283798218,-0.01926443093471164,0.08310210704803467,-0.2110424041748047,-0.018521857643648332,0.09603577852249146,-0.22661364078521729,-0.01668860503487224,0.050466388463974,-0.08792108297348022,-0.014780393997355645,0.08410578966140747,-0.15078431367874146,-0.016015333319231218,0.09855914115905762,-0.1833176612854004,-0.013701576003953164,0.10853701829910278,-0.20486271381378174,-0.012149092937036698,0.06421202421188354,-0.0515628457069397,-0.013421718226894086,0.09233230352401733,-0.11585301160812378,-0.013484187619908994,0.09721547365188599,-0.1510741114616394,-0.008054821947737878,0.09857982397079468,-0.1716422438621521,-0.004386561187132543,0.07249704003334045,-0.02448219060897827,-0.012214827546998208,0.08744800090789795,-0.08165431022644043,-0.009743973808511441,0.0881274938583374,-0.11429554224014282,-0.002940300349294489,0.08770281076431274,-0.13236594200134277,0.002227665427923853
0.0,0.0,0.0,-0.0006782114505767822,-0.07406502962112427,-0.004223703494844244,0.02584168314933777,-0.12926095724105835,-0.006397004327354239,0.05697596073150635,-0.15792226791381836,-0.00643373801800351,0.078040212392807,-0.1778254508972168,-0.0053545158306036456,0.03233897686004639,-0.12074887752532959,-0.017159857875284956,0.06591188907623291,-0.17829883098602295,-0.02069230293351154,0.08245775103569031,-0.20561838150024414,-0.019266379153904722,0.09432277083396912,-0.22340071201324463,-0.016981761059341238,0.05119514465332031,-0.08137017488479614,-0.016230140900788115,0.08380523324012756,-0.14557069540023804,-0.01867773299532871,0.09810188412666321,-0.18035531044006348,-0.016783957457718657,0.10761997103691101,-0.2040916085243225,-0.015100873163518713,0.06450200080871582,-0.049037933349609375,-0.014267691499171065,0.09148463606834412,-0.11108613014221191,-0.0156342378767107,0.09747132658958435,-0.14785373210906982,-0.011652610352811621,0.09969332814216614,-0.1710439920425415,-0.008572409948882864,0.0724719762802124,-0.026494204998016357,-0.0122268647836421,0.08750298619270325,-0.08083826303482056,-0.011015840894160078,0.08876940608024597,-0.11349356174468994,-0.00537993721160035,0.08838990330696106,-0.13319271802902222,-0.0007692989610035283
0.0,0.0,0.0,0.0007480978965759277,-0.07159775495529175,-0.004217405765217563,0.027018845081329346,-0.12213665246963501,-0.005637106447380802,0.056667059659957886,-0.14756596088409424,-0.005163132174772045,0.07548335194587708,-0.1634010672569275,-0.003798012583416721,0.03427121043205261,-0.12035709619522095,-0.014289655684393665,0.06439080834388733,-0.17314529418945312,-0.017737008592945358,0.08104929327964783,-0.19998979568481445,-0.017273606694203636,0.0935111939907074,-0.21898138523101807,-0.015860598496061584,0.053141891956329346,-0.0812181830406189,-0.013723751491767189,0.08280250430107117,-0.1387699842453003,-0.015688698700529358,0.09828200936317444,-0.17234408855438232,-0.014695219657284042,0.10922428965568542,-0.1970374584197998,-0.013772942087513229,0.06597045063972473,-0.047649264335632324,-0.01243997547672393,0.08987012505531311,-0.10000103712081909,-0.013853167145413181,0.09783759713172913,-0.1322695016860962,-0.01107232641325595,0.10217872262001038,-0.1540432572364807,-0.008770546837610027,0.07289555668830872,-0.02360326051712036,-0.011138712949019691,0.08674547076225281,-0.07311713695526123,-0.010088481902045032,0.08812561631202698,-0.10155665874481201,-0.004729650876384994,0.08774659037590027,-0.11911994218826294,-0.00031463052974345374
0.0,0.0,0.0,0.00046437978744506836,-0.07098811864852905,-0.0031389343940730896,0.026640892028808594,-0.11952805519104004,-0.004310841571268043,0.05500146746635437,-0.14187699556350708,-0.003410029357027611,0.07190456986427307,-0.15410923957824707,-0.0016558293874453511,0.03571975231170654,-0.11192888021469116,-0.01697416872876545,0.06600156426429749,-0.1693516969680786,-0.020459436710652312,0.08234605193138123,-0.19765520095825195,-0.01889888093965908,0.09395286440849304,-0.21747088432312012,-0.016386500458892783,0.055414408445358276,-0.07453000545501709,-0.01639556967812439,0.08624425530433655,-0.13760346174240112,-0.019776710208233794,0.09950211644172668,-0.17184174060821533,-0.017205984230812987,0.10718885064125061,-0.19521445035934448,-0.013975995491918525,0.06801709532737732,-0.04389536380767822,-0.014699572596427402,0.0939778983592987,-0.10105752944946289,-0.016416023384508094,0.10217401385307312,-0.13570547103881836,-0.011826998453315696,0.10634109377861023,-0.15821677446365356,-0.007440025817331275,0.07376745343208313,-0.022791147232055664,-0.012827351588484248,0.09099248051643372,-0.07297635078430176,-0.011225373383339843,0.09560933709144592,-0.10389232635498047,-0.004714094467189511,0.09729167819023132,-0.12303858995437622,0.0010966207909319792
0.0,0.0,0.0,0.002336263656616211,-0.07073551416397095,-0.0020705691756575106,0.027950197458267212,-0.11696457862854004,-0.0030080827170877456,0.054657578468322754,-0.12959706783294678,-0.0026253058792917727,0.06983226537704468,-0.12908154726028442,-0.0017472333026944398,0.04072439670562744,-0.10979598760604858,-0.013693659075897813,0.07036435604095459,-0.16533851623535156,-0.017815703967016816,0.08688366413116455,-0.19306159019470215,-0.01761928989867556,0.09842813014984131,-0.21208518743515015,-0.016053315692943215,0.05959129333496094,-0.07301795482635498,-0.013985090398591637,0.09093630313873291,-0.13223516941070557,-0.017115926810902238,0.10325723886489868,-0.1666850447654724,-0.014809865945380807,0.1094089150428772,-0.19007748365402222,-0.011680901491445184,0.071064293384552,-0.04345059394836426,-0.013488507339161515,0.0977926254272461,-0.09764301776885986,-0.014752567255300164,0.10699844360351562,-0.1326635479927063,-0.010424144075614095,0.11142337322235107,-0.15518444776535034,-0.006187281080883622,0.0755952000617981,-0.023760557174682617,-0.01296051821987021,0.09483557939529419,-0.07050079107284546,-0.011138481528860211,0.10093939304351807,-0.10099136829376221,-0.0049062501391290425,0.1032862663269043,-0.12177026271820068,0.0007072426626564265
0.0,0.0,0.0,0.0011100471019744873,-0.06930351257324219,-0.0011362244767418872,0.026748478412628174,-0.1131056547164917,-0.0018562672120800983,0.05323052406311035,-0.1280972957611084,-0.0016724602246007692,0.06940603256225586,-0.13394445180892944,-0.0010229337421527873,0.04306262731552124,-0.1094205379486084,-0.012574057553084828,0.0728568434715271,-0.16549956798553467,-0.017295696299644447,0.0878293514251709,-0.19469362497329712,-0.017149705898138023,0.09910964965820312,-0.21531200408935547,-0.015402316574128605,0.06211894750595093,-0.07552140951156616,-0.013124666635068394,0.09369611740112305,-0.1348278522491455,-0.01725521915790651,0.1045999526977539,-0.17041480541229248,-0.014590673606964089,0.11070865392684937,-0.19379937648773193,-0.01076573831227634,0.07370775938034058,-0.04824018478393555,-0.012962832573922611,0.10265886783599854,-0.10297131538391113,-0.01566956051823709,0.11051023006439209,-0.13975965976715088,-0.0107021988296232,0.11383670568466187,-0.16267842054367065,-0.0052379527987262975,0.07860344648361206,-0.03105771541595459,-0.012723451938601471,0.1020582914352417,-0.07607483863830566,-0.011771350626023747,0.10911548137664795,-0.10780221223831177,-0.005676460910709835,0.11153817176818848,-0.12930357456207275,0.000358815195848905
0.0,0.0,0.0,-0.000282973051071167,-0.07108938694000244,0.000934623604221585,0.025032728910446167,-0.11466598510742188,0.001180010047788116,0.05209982395172119,-0.13023310899734497,0.002147315899888369,0.06890302896499634,-0.13720399141311646,0.0037097727330870356,0.043745458126068115,-0.11566543579101562,-0.011071307918941287,0.07398426532745361,-0.17439937591552734,-0.013988331294571665,0.08852070569992065,-0.2024744153022766,-0.011904733589803485,0.0987042784690857,-0.22162878513336182,-0.0087058612694495,0.06365478038787842,-0.08225083351135254,-0.011783222070848254,0.09476536512374878,-0.14463657140731812,-0.014032137914513854,0.10373401641845703,-0.17763525247573853,-0.008985256179188994,0.10779762268066406,-0.19841784238815308,-0.0034042015755080257,0.07595616579055786,-0.05426841974258423,-0.011588659471785334,0.1033334732055664,-0.11228245496749878,-0.01244843132696083,0.10851186513900757,-0.14752191305160522,-0.005345173980062512,0.10936474800109863,-0.1683659553527832,0.0014687278457454767,0.08072930574417114,-0.03490394353866577,-0.011217918581282404,0.102603018283844,-0.07931911945343018,-0.008045255540823248,0.1073102355003357,-0.10888653993606567,-0.00047431474337322754,0.10786604881286621,-0.12783056497573853,0.0064568115780598845
0.0,0.0,0.0,-0.0033325254917144775,-0.0725293755531311,0.00043506089232181466,0.022774875164031982,-0.12170606851577759,0.0009391941256566838,0.05110999941825867,-0.14254724979400635,0.0021101349974728123,0.06825348734855652,-0.1517377495765686,0.0038210371984845892,0.04424813389778137,-0.12030023336410522,-0.01069357716378505,0.07318553328514099,-0.18390345573425293,-0.013691440270214628,0.08512625098228455,-0.21077334880828857,-0.011958441742628168,0.09187915921211243,-0.22496795654296875,-0.009008057461052488,0.06575480103492737,-0.08734327554702759,-0.011157389775782178,0.0929315984249115,-0.15558266639709473,-0.012250483081608365,0.09842047095298767,-0.18594563007354736,-0.00756437010031874,0.09970715641975403,-0.20131349563598633,-0.00304586514730687,0.0798310935497284,-0.06016230583190918,-0.010962668851881574,0.10326799750328064,-0.12348794937133789,-0.011473602660863946,0.10502657294273376,-0.15632331371307373,-0.00547635140728886,0.10361149907112122,-0.1729251742362976,-0.00023943670576187515,0.08606037497520447,-0.04261285066604614,-0.010630430699258397,0.10474374890327454,-0.09147769212722778,-0.008139587984352659,0.10703727602958679,-0.11975985765457153,-0.001938790943405877,0.10606083273887634,-0.13607817888259888,0.0034883624884045616
0.0,0.0,0.0,0.00016063451766967773,-0.07205456495285034,0.003977261375286645,0.025281250476837158,-0.12108516693115234,0.006002412069239682,0.05281263589859009,-0.13991016149520874,0.007688030492165154,0.0693291425704956,-0.14644914865493774,0.00990206551144368,0.04719364643096924,-0.13243353366851807,-0.003284852827317053,0.07650399208068848,-0.19070667028427124,-0.003939747918746406,0.09119844436645508,-0.2131379246711731,-0.002148777354857856,0.10114508867263794,-0.2271062135696411,0.0001744444387732358,0.06601721048355103,-0.09765064716339111,-0.005656595450243884,0.09416323900222778,-0.15895825624465942,-0.004059036370716029,0.10229325294494629,-0.18822360038757324,-8.11180572490855e-05,0.10590624809265137,-0.2056431770324707,0.003207539332681364,0.07821768522262573,-0.06548815965652466,-0.007269416112801963,0.1027909517288208,-0.11621159315109253,-0.005070281789055997,0.10654032230377197,-0.1468793749809265,-6.034496542994816e-05,0.10628622770309448,-0.16484344005584717,0.0035960563771659793,0.08418518304824829,-0.0396304726600647,-0.008702392798266345,0.10552579164505005,-0.07502317428588867,-0.004323946420452529,0.10977834463119507,-0.09746438264846802,0.001895009664469427,0.10989916324615479,-0.11235451698303223,0.00690291624853856
0.0,0.0,0.0,-0.0002194046974182129,-0.07496094703674316,0.0044842977896948355,0.026592880487442017,-0.12475794553756714,0.006627638906302025,0.055012643337249756,-0.14074671268463135,0.008188660338582565,0.0721617341041565,-0.14354509115219116,0.01000673145806985,0.04733920097351074,-0.13871562480926514,-0.0031189549825469953,0.07671850919723511,-0.19245100021362305,-0.0028311837575714094,0.09198552370071411,-0.21474498510360718,-0.0009322312888073725,0.10264420509338379,-0.22934085130691528,0.0010633536968995827,0.06702989339828491,-0.10433322191238403,-0.005809315863935183,0.09423846006393433,-0.16271090507507324,-0.0023541126045714122,0.10060447454452515,-0.19179415702819824,0.0020705066510160464,0.10225164890289307,-0.20715582370758057,0.004965754307868053,0.07984310388565063,-0.0713111162185669,-0.007575429428307245,0.10117995738983154,-0.1212051510810852,-0.003474876901073287,0.10029983520507812,-0.14503604173660278,0.002275764092864563,0.09567272663116455,-0.1534319519996643,0.005859337363453676,0.0864572525024414,-0.0451238751411438,-0.009308177895782421,0.10465413331985474,-0.08073306083679199,-0.0033849067165832025,0.10546034574508667,-0.09809327125549316,0.0034386020508279103,0.10222899913787842,-0.10513770580291748,0.008480056271018555
0.0,0.0,0.0,0.0005030632019042969,-0.07592499256134033,0.0052080373017595605,0.02786502242088318,-0.12494254112243652,0.008053449421982606,0.05549043416976929,-0.14098012447357178,0.010265420630435784,0.07193595170974731,-0.14460402727127075,0.012787524118881066,0.04730215668678284,-0.13880056142807007,-0.001981195554275672,0.07738906145095825,-0.19424372911453247,-0.0011759797606138989,0.09280270338058472,-0.21610110998153687,0.0014678744802729682,0.10365122556686401,-0.22968024015426636,0.004270193606476624,0.06685000658035278,-0.10467010736465454,-0.004561150007088344,0.09491240978240967,-0.16396552324295044,-0.0007381662406480416,0.10272616147994995,-0.1930685043334961,0.00429713164628609,0.10612410306930542,-0.20907527208328247,0.008038569681207974,0.07931137084960938,-0.0715605616569519,-0.0061743534432245895,0.10068011283874512,-0.12227612733840942,-0.00122664301018105,0.10118907690048218,-0.14838486909866333,0.005209384459863742,0.09871625900268555,-0.15967446565628052,0.009478058174114068,0.08530431985855103,-0.04538685083389282,-0.007702097322930257,0.10142433643341064,-0.08415102958679199,-0.0005243379535606607,0.10204517841339111,-0.1039590835571289,0.0071826176455722646,0.09921294450759888,-0.11306053400039673,0.012968842379610379
0.0,0.0,0.0,0.0013362765312194824,-0.07763803005218506,0.005230287699816927,0.029060006141662598,-0.12577462196350098,0.007857222719906076,0.057014912366867065,-0.1408126950263977,0.009803171879468664,0.0736365020275116,-0.1431395411491394,0.012086232802687391,0.04651528596878052,-0.13697099685668945,-0.0029427202838974154,0.07788476347923279,-0.1947919726371765,-0.0028448564420955336,0.09420093894004822,-0.21564805507659912,-0.00018299112110753413,0.105783611536026,-0.2280166745185852,0.002811441807864412,0.0661369264125824,-0.103604257106781,-0.005716475513906971,0.09542283415794373,-0.16292047500610352,-0.002364896326469079,0.10434100031852722,-0.19013911485671997,0.002992538879482254,0.1084999144077301,-0.20446830987930298,0.0070459965195937,0.07903805375099182,-0.0712767243385315,-0.007515748818548218,0.10148683190345764,-0.12253540754318237,-0.0029049614399241364,0.1022728979587555,-0.14814132452011108,0.003996987505672678,0.09951785206794739,-0.15918093919754028,0.008657022989211782,0.08557209372520447,-0.045755863189697266,-0.009268733062924639,0.10184350609779358,-0.08562612533569336,-0.0025351348753588354,0.10226073861122131,-0.10631567239761353,0.005274413297740921,0.09894666075706482,-0.1163979172706604,0.011226149885771974
0.0,0.0,0.0,0.0017498433589935303,-0.07823991775512695,0.004171439999964832,0.029450803995132446,-0.12712794542312622,0.006670824805524944,0.05767849087715149,-0.1426813006401062,0.008865763521072267,0.0741066038608551,-0.14553296566009521,0.01146750067758262,0.04625791311264038,-0.1368313431739807,-0.0037792752550274145,0.07818445563316345,-0.19445306062698364,-0.0038011329301923524,0.09518495202064514,-0.2164003849029541,-0.001234132592315973,0.10738179087638855,-0.23021334409713745,0.0016647282468795765,0.06581971049308777,-0.10286283493041992,-0.0059752728843420755,0.09606108069419861,-0.16306376457214355,-0.0032113314659625303,0.10662803053855896,-0.19114619493484497,0.0016993940521672357,0.11239030957221985,-0.20733660459518433,0.005595303694036602,0.0787525475025177,-0.07055360078811646,-0.007233372336003185,0.10156497359275818,-0.12381398677825928,-0.0033051561617583047,0.10443666577339172,-0.15057021379470825,0.0027716577465355385,0.10369500517845154,-0.16330486536026,0.006996816111978887,0.08505287766456604,-0.04526793956756592,-0.008437448093417288,0.10031834244728088,-0.08748328685760498,-0.002433726709085704,0.10109469294548035,-0.10887187719345093,0.004895015707489847,0.09876599907875061,-0.11936736106872559,0.010595631873485445
0.0,0.0,0.0,0.0021751224994659424,-0.08001542091369629,0.0038783536723272505,0.02913963794708252,-0.12901419401168823,0.006575964667128176,0.05718684196472168,-0.14300423860549927,0.00885072890319094,0.07382601499557495,-0.1439749002456665,0.01158620863802895,0.04627564549446106,-0.1387215256690979,-0.0020239706651850042,0.07745546102523804,-0.1947879195213318,-0.001742606823107451,0.09413254261016846,-0.21654659509658813,0.0004728642373734715,0.10629773139953613,-0.23074114322662354,0.0029439102357642355,0.06535881757736206,-0.10427415370941162,-0.00417398959748283,0.09503704309463501,-0.16250503063201904,-0.001385505733786374,0.10620105266571045,-0.190865159034729,0.0025492059497551622,0.11251723766326904,-0.2078801393508911,0.005558574382440895,0.0776861310005188,-0.07157999277114868,-0.005528349153472334,0.09910649061203003,-0.12369292974472046,-0.0018463308957947788,0.10043764114379883,-0.1496371626853943,0.003178123194949478,0.09841632843017578,-0.16186755895614624,0.00670365038909182,0.0834733247756958,-0.04617965221405029,-0.006827236342950016,0.09734416007995605,-0.0897631049156189,-0.001014624562820643,0.09687185287475586,-0.11223351955413818,0.00584706877939567,0.09336316585540771,-0.12328416109085083,0.011139591034726948
0.0,0.0,0.0,0.0033596158027648926,-0.07758349180221558,0.0046098023235146,0.03061780333518982,-0.1262074112892151,0.008091995543921371,0.05773410201072693,-0.14029467105865479,0.01120984093763866,0.0734390914440155,-0.14196258783340454,0.014779781042719264,0.04757830500602722,-0.13571840524673462,-0.0015975735800992652,0.0784437358379364,-0.19106906652450562,-0.0004905231831315859,0.09511628746986389,-0.2123909592628479,0.002707549189338465,0.10729101300239563,-0.22616809606552124,0.006012314050579448,0.066424161195755,-0.10122686624526978,-0.0033327163614984556,0.09606936573982239,-0.1585105061531067,5.973336415365793e-05,0.10770753026008606,-0.1865530014038086,0.004659413411403079,0.11425158381462097,-0.2036447525024414,0.00831999355473556,0.07858869433403015,-0.06761348247528076,-0.004109759763693432,0.09961763024330139,-0.11534249782562256,1.419728637586104e-05,0.09827575087547302,-0.13775581121444702,0.005474639176512142,0.09379449486732483,-0.1480451226234436,0.009706107019567867,0.08389708399772644,-0.040774405002593994,-0.00467119779891334,0.09833362698554993,-0.08051073551177979,0.0017048009253386454,0.09721311926841736,-0.10065293312072754,0.008927675015414138,0.09280422329902649,-0.11049354076385498,0.014745145156169315
0.0,0.0,0.0,0.0029322803020477295,-0.077450692653656,0.0032902005831445535,0.029911726713180542,-0.12490010261535645,0.005560664902880319,0.05758664011955261,-0.13766521215438843,0.007673843740924724,0.07366994023323059,-0.13833284378051758,0.010280541121467479,0.04693871736526489,-0.13466304540634155,-0.0028567530908887306,0.07899543642997742,-0.18921363353729248,-0.0030722886086707035,0.09625771641731262,-0.21175312995910645,-0.0009339648178112725,0.10876825451850891,-0.2269255518913269,0.0016520546986455997,0.06541422009468079,-0.10001766681671143,-0.004633551020667426,0.09612706303596497,-0.15813463926315308,-0.0028782817763541857,0.10882917046546936,-0.18676859140396118,0.0008527047820123812,0.11648568511009216,-0.2049298882484436,0.004158524307861455,0.0774475634098053,-0.0671771764755249,-0.0056166257937704245,0.10108354687690735,-0.11810266971588135,-0.0024693613169048945,0.10700848698616028,-0.14627480506896973,0.0024599998495276054,0.10896363854408264,-0.16242575645446777,0.006155215646579393,0.08276954293251038,-0.041345179080963135,-0.006554115586475007,0.0983453094959259,-0.08322221040725708,-0.0008599079093229989,0.10120466351509094,-0.1072314977645874,0.005988815310850271,0.10112318396568298,-0.12169533967971802,0.011401415779694446
0.0,0.0,0.0,0.0027323365211486816,-0.07700985670089722,0.0032554799456363526,0.029741793870925903,-0.12557858228683472,0.0055861039784019795,0.05775675177574158,-0.13834089040756226,0.008032412710434755,0.07414841651916504,-0.13941419124603271,0.011103509436196646,0.04582107067108154,-0.13388043642044067,-0.004463229817503134,0.0789148211479187,-0.189691424369812,-0.004634505626910368,0.09624171257019043,-0.21216636896133423,-0.0017062140630343947,0.10847562551498413,-0.22643673419952393,0.001661137305035254,0.06448763608932495,-0.09853154420852661,-0.005817607534282843,0.09653842449188232,-0.1587439775466919,-0.004684561421328226,0.10921388864517212,-0.18741673231124878,-6.436796846287507e-05,0.11668890714645386,-0.20499980449676514,0.004323621257043442,0.07683533430099487,-0.06581193208694458,-0.006229912885629574,0.10132700204849243,-0.11847656965255737,-0.0032854294638866577,0.10622048377990723,-0.1464611291885376,0.00278982354777213,0.1072574257850647,-0.16223329305648804,0.007690416625536045,0.08231180906295776,-0.04020053148269653,-0.006536413473241964,0.0987655520439148,-0.08293700218200684,-0.0005455352018373105,0.1013261079788208,-0.10693752765655518,0.007207802939063868,0.1010369062423706,-0.120838463306427,0.013534398260361513
0.0,0.0,0.0,0.0032522082328796387,-0.07627767324447632,0.0026229235623986824,0.02987620234489441,-0.12436121702194214,0.004721746761447321,0.057845473289489746,-0.1376020312309265,0.007081854138618837,0.07441398501396179,-0.13874131441116333,0.010102753508931528,0.04600021243095398,-0.13468533754348755,-0.00451271936287867,0.07998338341712952,-0.18819355964660645,-0.004903507437461485,0.09750601649284363,-0.2110980749130249,-0.0025281550082354443,0.1098354160785675,-0.22648882865905762,0.00031002521757272916,0.06467458605766296,-0.09837514162063599,-0.005599719025099148,0.0976128876209259,-0.15769028663635254,-0.005274528190398087,0.11114278435707092,-0.186720073223114,-0.0019264549667923347,0.11938866972923279,-0.20531582832336426,0.0015350249410630568,0.07712224125862122,-0.06458568572998047,-0.0057316180503903524,0.10172775387763977,-0.11689585447311401,-0.003425314808168878,0.10814574360847473,-0.14578896760940552,0.0013956364524574383,0.11063483357429504,-0.16269642114639282,0.0053809536435664995,0.08249965310096741,-0.03814208507537842,-0.005712199043387045,0.09753367304801941,-0.0816078782081604,-3.683803186049772e-05,0.09957495331764221,-0.1073380708694458,0.007160117831176649,0.09909144043922424,-0.12237656116485596,0.012976597044712435
0.0,0.0,0.0,0.004383862018585205,-0.07765895128250122,0.001961042037848415,0.030844449996948242,-0.12572616338729858,0.003664183527845921,0.058775097131729126,-0.14024794101715088,0.005595574020091476,0.07507404685020447,-0.1429327130317688,0.008185002817455711,0.04594328999519348,-0.1340179443359375,-0.0067856313151679615,0.0807969868183136,-0.18872827291488647,-0.007276116074379502,0.09835508465766907,-0.21167880296707153,-0.004277109769489584,0.11064043641090393,-0.226792573928833,-0.0007566046741231958,0.06449013948440552,-0.09729355573654175,-0.007630196535345135,0.09838828444480896,-0.15536856651306152,-0.007381349937375603,0.11240717768669128,-0.1842384934425354,-0.003964019143339215,0.12043711543083191,-0.20194530487060547,-0.0003770715164392868,0.07696625590324402,-0.061865031719207764,-0.007387419366594372,0.09721687436103821,-0.1063157320022583,-0.005548409321662007,0.09466078877449036,-0.1231158971786499,-0.001021364373471556,0.08941778540611267,-0.12944018840789795,0.003327779336515846,0.08238723874092102,-0.034215331077575684,-0.006934394729640303,0.09377112984657288,-0.07265901565551758,-0.00126763609735292,0.0895473062992096,-0.09040850400924683,0.006038867733124675,0.08322009444236755,-0.09772759675979614,0.012211198783163013
0.0,0.0,0.0,0.004098713397979736,-0.07508498430252075,-1.4436695735753347e-05,0.029609352350234985,-0.12264591455459595,0.00039784594643776927,0.05719473958015442,-0.1365002989768982,0.0009143086682996682,0.07384759187698364,-0.13748502731323242,0.0020551451199679605,0.045990705490112305,-0.1347540020942688,-0.009013721468207336,0.08122318983078003,-0.18787169456481934,-0.011552142659482456,0.09935617446899414,-0.21065515279769897,-0.010107006626483894,0.11233127117156982,-0.22588849067687988,-0.0074348638116390475,0.06415924429893494,-0.09743964672088623,-0.010013850154635406,0.09842157363891602,-0.15221089124679565,-0.011417684825417496,0.11335575580596924,-0.1816192865371704,-0.009614050137159325,0.12222236394882202,-0.19936376810073853,-0.007023783149477936,0.0756179690361023,-0.05991703271865845,-0.010108152153250671,0.08902567625045776,-0.09521102905273438,-0.010887476364430881,0.07831722497940063,-0.09912580251693726,-0.00817365360474298,0.06725376844406128,-0.09374362230300903,-0.004194821445551611,0.07984238862991333,-0.02985435724258423,-0.01008449283456514,0.08374160528182983,-0.06195122003555298,-0.006356320092734791,0.07437866926193237,-0.07100635766983032,-0.0001666446876953387,0.06512758135795593,-0.0697283148765564,0.005647252099308275
0.0,0.0,0.0,0.00395086407661438,-0.07623332738876343,0.0003202505645845122,0.029513567686080933,-0.12423038482666016,0.00157181777791493,0.05646252632141113,-0.13783448934555054,0.003047494322856892,0.07234656810760498,-0.13955485820770264,0.0051378504027184135,0.045373350381851196,-0.13607698678970337,-0.007260830269331109,0.08014100790023804,-0.18803620338439941,-0.008417362474972379,0.09816962480545044,-0.2111295461654663,-0.006251400930011641,0.11141997575759888,-0.22671419382095337,-0.0032562882519755476,0.06273767352104187,-0.0981035828590393,-0.007944432214969765,0.09709084033966064,-0.1511492133140564,-0.007876414933377873,0.1125677227973938,-0.18178272247314453,-0.005537472793037068,0.1223335862159729,-0.20066618919372559,-0.0028212677102033012,0.0736778974533081,-0.059780001640319824,-0.007740234152549874,0.08676493167877197,-0.09629642963409424,-0.0074969852689150684,0.07508796453475952,-0.10010504722595215,-0.004748565738225352,0.06342130899429321,-0.09360694885253906,-0.0008790666001345926,0.07776713371276855,-0.02907872200012207,-0.00736971538248099,0.0814172625541687,-0.06482923030853271,-0.003522133582407605,0.07181316614151001,-0.07418400049209595,0.0024519079484548456,0.06262862682342529,-0.0716325044631958,0.008093871048515666
0.0,0.0,0.0,0.004411131143569946,-0.0758737325668335,-0.001143768680123003,0.030986547470092773,-0.12532830238342285,-0.0007286081265931443,0.059921830892562866,-0.13947057723999023,0.00025079103644998213,0.07691556215286255,-0.14179706573486328,0.0020833767309511586,0.04567378759384155,-0.1350005865097046,-0.008817905112010749,0.08023947477340698,-0.18573367595672607,-0.010733883379799636,0.09835344552993774,-0.20794695615768433,-0.009162760822874816,0.11163806915283203,-0.22253131866455078,-0.006641020084572347,0.06307327747344971,-0.09662443399429321,-0.009128439723355086,0.09719425439834595,-0.14890927076339722,-0.01011227305869511,0.11353081464767456,-0.17927002906799316,-0.008412018901509555,0.12385803461074829,-0.19814062118530273,-0.006131001765680821,0.0739903450012207,-0.05802863836288452,-0.008707063755792888,0.08842349052429199,-0.09609931707382202,-0.009743698424500735,0.07754069566726685,-0.1031038761138916,-0.007205870020044358,0.06613916158676147,-0.09948766231536865,-0.003315064607960494,0.07817625999450684,-0.02653050422668457,-0.00816444914678982,0.08362174034118652,-0.06266903877258301,-0.005326765606952222,0.07476037740707397,-0.07447898387908936,0.0004367822081974282,0.06584250926971436,-0.07408851385116577,0.006009098590510575
0.0,0.0,0.0,0.003613084554672241,-0.07648015022277832,-0.0014009197418829444,0.03024393320083618,-0.12677931785583496,-0.0009885199777102116,0.05884969234466553,-0.14192622900009155,0.00013056265581212756,0.0758662223815918,-0.144403874874115,0.0020585641088644024,0.044739484786987305,-0.13785380125045776,-0.009410710417597556,0.07873523235321045,-0.18698418140411377,-0.01154686079260614,0.0970807671546936,-0.20953595638275146,-0.010496515192954803,0.11080628633499146,-0.22410404682159424,-0.008518367418020034,0.0618855357170105,-0.09883463382720947,-0.00988819298234489,0.09548306465148926,-0.14937537908554077,-0.01085240241971519,0.11213082075119019,-0.18076586723327637,-0.00953239609387424,0.12323534488677979,-0.2006441354751587,-0.0077858309903433565,0.07242777943611145,-0.05958324670791626,-0.009605244145660663,0.08606958389282227,-0.09784722328186035,-0.010543958627550865,0.0756293535232544,-0.10649675130844116,-0.007933187642066741,0.06480056047439575,-0.10357040166854858,-0.004333704587935472,0.07593101263046265,-0.02776414155960083,-0.009272788994877601,0.07991266250610352,-0.06500059366226196,-0.006701387808590198,0.07075837254524231,-0.07681882381439209,-0.0008751004295675102,0.061935633420944214,-0.07531839609146118,0.004599222104133105
0.0,0.0,0.0,0.003869473934173584,-0.07533526420593262,-0.0015665194777341185,0.03013664484024048,-0.12479066848754883,-0.001674550218837112,0.05902212858200073,-0.13963395357131958,-0.0008386493254022298,0.07662150263786316,-0.14232796430587769,0.0008111966481862964,0.04380109906196594,-0.13267648220062256,-0.01149844213514939,0.07908251881599426,-0.18370884656906128,-0.013513654685908705,0.0972038209438324,-0.20676064491271973,-0.012095657392734438,0.11051240563392639,-0.22180849313735962,-0.009897174529129416,0.06125009059906006,-0.09410381317138672,-0.011633572384113222,0.09566113352775574,-0.14632827043533325,-0.012530862569207102,0.11244657635688782,-0.17714524269104004,-0.010841311171049028,0.12353691458702087,-0.19642537832260132,-0.00902821145146504,0.07222631573677063,-0.055402278900146484,-0.01080876610367909,0.08793994784355164,-0.09562987089157104,-0.011298217094832808,0.07705071568489075,-0.1035071611404419,-0.008087615697974115,0.06546416878700256,-0.09985029697418213,-0.004322271543884426,0.07630333304405212,-0.02363407611846924,-0.009892510465675741,0.08095964789390564,-0.06252598762512207,-0.007311288948500305,0.07194137573242188,-0.07567846775054932,-0.0014694086102338133,0.06313556432723999,-0.07540524005889893,0.003940665413296074
0.0,0.0,0.0,0.004589438438415527,-0.07475107908248901,-0.0017850299086887844,0.031315386295318604,-0.12440472841262817,-0.0024128444679547556,0.060796916484832764,-0.14248764514923096,-0.0019676038250793226,0.07910418510437012,-0.14829903841018677,-0.0006726276665460773,0.04331806302070618,-0.13165968656539917,-0.012707827631430746,0.07851201295852661,-0.18010252714157104,-0.015365337040321947,0.09692639112472534,-0.20181936025619507,-0.014512114245491148,0.11074936389923096,-0.21638262271881104,-0.012860303763346792,0.060324132442474365,-0.09238231182098389,-0.013055460546212316,0.09504121541976929,-0.14227557182312012,-0.014090093802707315,0.11165016889572144,-0.1725672483444214,-0.012292573247151495,0.12245899438858032,-0.1921370029449463,-0.010762124341027857,0.0710591971874237,-0.05341368913650513,-0.01241602471102965,0.08806270360946655,-0.09566116333007812,-0.012693837303714872,0.07894563674926758,-0.1068565845489502,-0.008702798765199304,0.0685301125049591,-0.10576808452606201,-0.004934286251710773,0.07514888048171997,-0.02157890796661377,-0.01179012192417872,0.08154451847076416,-0.0611003041267395,-0.00930844994266522,0.07327774167060852,-0.07510870695114136,-0.0032108272612560995,0.06475749611854553,-0.07527393102645874,0.0020880542974452965
0.0,0.0,0.0,0.0035949349403381348,-0.07626760005950928,-0.0016050301967425185,0.02969956398010254,-0.12619662284851074,-0.0020088379280878144,0.05925410985946655,-0.14248275756835938,-0.0012633232875032263,0.07838594913482666,-0.14549636840820312,0.00028055185589437315,0.03994286060333252,-0.13260459899902344,-0.012057762873382671,0.07503819465637207,-0.18133234977722168,-0.014100223128707512,0.09332776069641113,-0.20366352796554565,-0.013251626213104828,0.10738450288772583,-0.2191532850265503,-0.01185415992608796,0.05741134285926819,-0.09378093481063843,-0.012242021319480045,0.09233826398849487,-0.14384859800338745,-0.012191789505095585,0.10937923192977905,-0.17330211400985718,-0.01030681962242852,0.1210637092590332,-0.19358015060424805,-0.009130290989787682,0.06882655620574951,-0.05573999881744385,-0.011430230272026165,0.08870142698287964,-0.1021345853805542,-0.010271319468529327,0.0828065276145935,-0.11920130252838135,-0.006117859204323395,0.07481086254119873,-0.12393796443939209,-0.00294160870930682,0.07368046045303345,-0.0254669189453125,-0.010690201354236706,0.08193075656890869,-0.06830137968063354,-0.007441361249448164,0.0750112235546112,-0.08611464500427246,-0.0013237988353012042,0.06692537665367126,-0.08995729684829712,0.0036074148481475277
0.0,0.0,0.0,0.003142833709716797,-0.07575613260269165,-0.0018941984850471272,0.029704242944717407,-0.12611323595046997,-0.002775047916315998,0.060748130083084106,-0.14126819372177124,-0.002405690272667016,0.08084115386009216,-0.1436442732810974,-0.0011943841924448861,0.03850281238555908,-0.1320595145225525,-0.012760983324938024,0.07331490516662598,-0.18008756637573242,-0.015093884907059874,0.09114792943000793,-0.202703058719635,-0.014451240665607656,0.10472294688224792,-0.2187672257423401,-0.013268257036202158,0.05619937181472778,-0.09181833267211914,-0.013139742902808393,0.09119614958763123,-0.14100795984268188,-0.0140008791455557,0.10848429799079895,-0.17060810327529907,-0.012778390675180162,0.12041464447975159,-0.19199639558792114,-0.012043521284454073,0.0680077075958252,-0.05301082134246826,-0.012490804783396925,0.08863857388496399,-0.10043895244598389,-0.012589070490889753,0.08318933844566345,-0.11891263723373413,-0.008832743867628778,0.0753655731678009,-0.12573903799057007,-0.005736040427677835,0.07335317134857178,-0.02239173650741577,-0.011813789151005949,0.08242902159690857,-0.06693023443222046,-0.009551715582006182,0.07547542452812195,-0.08571946620941162,-0.003562590117894615,0.06745922565460205,-0.09030455350875854,0.0013677029531891094
0.0,0.0,0.0,0.0022984445095062256,-0.07557737827301025,-0.0009991887727949234,0.02812466025352478,-0.12579673528671265,-0.001366181555596313,0.05828341841697693,-0.1393117904663086,1.4169660943252893e-05,0.07750758528709412,-0.14139032363891602,0.0022938218662318377,0.036495745182037354,-0.12826240062713623,-0.01370170924386116,0.07180088758468628,-0.17782562971115112,-0.015103625390139541,0.09002476930618286,-0.19918179512023926,-0.01299550689330431,0.10355198383331299,-0.2134217619895935,-0.01054943564852806,0.054756999015808105,-0.08987128734588623,-0.013193718414214572,0.09088200330734253,-0.1419239640235901,-0.013793823565748653,0.10712945461273193,-0.17001664638519287,-0.010616081091967544,0.11802780628204346,-0.18942523002624512,-0.007788666314837656,0.06711292266845703,-0.05484640598297119,-0.011347946967390499,0.09254753589630127,-0.10815697908401489,-0.009614322591033897,0.09596312046051025,-0.13789814710617065,-0.004119003448096237,0.09608596563339233,-0.15468591451644897,-0.00011752826142696904,0.07281482219696045,-0.02742689847946167,-0.009390914137867412,0.08337676525115967,-0.07513296604156494,-0.004885753407535276,0.08033376932144165,-0.10230505466461182,0.0023338880618837266,0.07651084661483765,-0.1148759126663208,0.008007400412651577
0.0,0.0,0.0,0.001888871192932129,-0.07583850622177124,-0.002379649917386928,0.02811950445175171,-0.12530022859573364,-0.004147781424947539,0.06020539999008179,-0.14035093784332275,-0.004138412785508194,0.08143964409828186,-0.1446121335029602,-0.003144730481110969,0.03413659334182739,-0.12936055660247803,-0.016169497643389263,0.0706295371055603,-0.17734777927398682,-0.018681986157574215,0.0892547070980072,-0.1980004906654358,-0.0176669488593717,0.10320296883583069,-0.21171534061431885,-0.016239365462936917,0.05195975303649902,-0.09006005525588989,-0.016015618939675846,0.08808675408363342,-0.13965266942977905,-0.017113279451407948,0.10616853833198547,-0.16817575693130493,-0.015485904079653778,0.11852428317070007,-0.1878759264945984,-0.014693381164946118,0.06475988030433655,-0.0539700984954834,-0.014580606383063355,0.08954921364784241,-0.10556846857070923,-0.014366963778414288,0.08602890372276306,-0.12810218334197998,-0.010057150286414185,0.07884916663169861,-0.13696730136871338,-0.007030891620345869,0.07176238298416138,-0.026372134685516357,-0.013110948626675167,0.08300986886024475,-0.0734911561012268,-0.010952204366006413,0.07669669389724731,-0.09476786851882935,-0.005293016687758723,0.06899368762969971,-0.10067051649093628,-0.0007972176701542821
0.0,0.0,0.0,0.0011879503726959229,-0.07299536466598511,-0.0037160975317362954,0.028100043535232544,-0.12408041954040527,-0.006134385794297259,0.06244322657585144,-0.1447218656539917,-0.00643067629252414,0.08631816506385803,-0.155975341796875,-0.005534171212360661,0.03273230791091919,-0.1304008960723877,-0.017288734756306212,0.07096293568611145,-0.17872005701065063,-0.020187127955153983,0.08966311812400818,-0.19938409328460693,-0.018888795368269484,0.103289395570755,-0.2137126922607422,-0.017102649055317443,0.05015268921852112,-0.09029841423034668,-0.01648358403880934,0.0872141420841217,-0.14122521877288818,-0.017933504275873702,0.10599753260612488,-0.16924965381622314,-0.016022134192184012,0.11894544959068298,-0.18904852867126465,-0.015032828405395549,0.06301668286323547,-0.05344891548156738,-0.014582774221793215,0.0881260335445404,-0.10548001527786255,-0.015320343516663115,0.08294227719306946,-0.12490230798721313,-0.010555186860159438,0.07464462518692017,-0.13267266750335693,-0.006935526702449124,0.07070976495742798,-0.02507007122039795,-0.01267611849297623,0.08278301358222961,-0.07277673482894897,-0.011570741042390864,0.07565775513648987,-0.09176051616668701,-0.005961347456917565,0.06768372654914856,-0.09722495079040527,-0.0012830089236501863
0.0,0.0,0.0,0.0009010732173919678,-0.073555588722229,-0.0035538868570625937,0.026500046253204346,-0.12558871507644653,-0.006324485602036134,0.05950665473937988,-0.1461876630783081,-0.007432230474606172,0.08222362399101257,-0.15479028224945068,-0.007544114912107602,0.030371487140655518,-0.1313614845275879,-0.017058895161554233,0.06899484992027283,-0.17825078964233398,-0.0214192301092595,0.08844694495201111,-0.19908595085144043,-0.021466045832440273,0.10301962494850159,-0.21350246667861938,-0.02057331540267171,0.04838937520980835,-0.09175068140029907,-0.017184817424222842,0.0855843722820282,-0.14271992444992065,-0.01989924461226167,0.10474202036857605,-0.17155522108078003,-0.019175353652045146,0.11837306618690491,-0.19231104850769043,-0.018980042269632236,0.062124162912368774,-0.055567383766174316,-0.01630407311598958,0.08940425515174866,-0.10976934432983398,-0.01848460473696889,0.0862562358379364,-0.1320677399635315,-0.01469726507197322,0.07980659604072571,-0.14246153831481934,-0.011596277548179046,0.07062849402427673,-0.028048217296600342,-0.015427788911566154,0.08444735407829285,-0.07768410444259644,-0.015606344869539157,0.07910424470901489,-0.09948480129241943,-0.010786482325002567,0.07269951701164246,-0.10760241746902466,-0.00655825082789363
0.0,0.0,0.0,0.0002777278423309326,-0.07314866781234741,-0.003792889680397593,0.025791555643081665,-0.1254199743270874,-0.006987349860054337,0.05895572900772095,-0.144447922706604,-0.008837275471222483,0.08157280087471008,-0.15076875686645508,-0.009805048148763262,0.02927955985069275,-0.13292807340621948,-0.01702425469053992,0.0673207938671112,-0.17946285009384155,-0.02203637387944468,0.08720055222511292,-0.2001667022705078,-0.02300555285407313,0.10302579402923584,-0.2136598825454712,-0.023051152269971453,0.047544509172439575,-0.09329068660736084,-0.017868297438752734,0.08478161692619324,-0.14267271757125854,-0.02183483753694304,0.10457754135131836,-0.17140614986419678,-0.022637350748908602,0.11979132890701294,-0.191650390625,-0.023693951110971057,0.061356544494628906,-0.05596679449081421,-0.0176898783851982,0.08920231461524963,-0.10955345630645752,-0.022052252929341876,0.07974991202354431,-0.12432652711868286,-0.01894748796118506,0.06786110997200012,-0.1260986328125,-0.015764052312505328,0.07002320885658264,-0.027241408824920654,-0.017473399903309428,0.08375662565231323,-0.07694470882415771,-0.01969686363233336,0.07506045699119568,-0.09243565797805786,-0.015337304476332747,0.06561076641082764,-0.09275221824645996,-0.011104467589092337
0.0,0.0,0.0,-0.00014647841453552246,-0.07131296396255493,-0.0030854006260057076,0.02442416548728943,-0.12451314926147461,-0.005713610393868862,0.055918991565704346,-0.1435355544090271,-0.006847747085558353,0.07736772298812866,-0.14932090044021606,-0.007251691022830187,0.028254836797714233,-0.1344137191772461,-0.016163948407339035,0.06676292419433594,-0.1806396245956421,-0.020953313862847267,0.08718138933181763,-0.20123571157455444,-0.02175635420339006,0.10302478075027466,-0.21443438529968262,-0.021460707714723526,0.04651153087615967,-0.0948554277420044,-0.016907905643748222,0.08408862352371216,-0.14546138048171997,-0.020328267892764984,0.10425353050231934,-0.1731278896331787,-0.020198227321671425,0.11966842412948608,-0.19280165433883667,-0.02019448154227632,0.060674428939819336,-0.05817383527755737,-0.016648282712267815,0.09075766801834106,-0.11353087425231934,-0.01895522833423513,0.09199589490890503,-0.1383202075958252,-0.014906198201643406,0.08972814679145813,-0.1514575481414795,-0.011623003004061161,0.06933507323265076,-0.029967665672302246,-0.01641456917481321,0.08555564284324646,-0.08219879865646362,-0.016524208193587242,0.08353033661842346,-0.10632729530334473,-0.011031371956633507,0.08042007684707642,-0.11661714315414429,-0.006277240296768127
0.0,0.0,0.0,-0.0005384683609008789,-0.07098150253295898,-0.0029545800696269,0.023512154817581177,-0.12415504455566406,-0.005671238473723861,0.05474895238876343,-0.14223819971084595,-0.007093029975067111,0.07593035697937012,-0.14599037170410156,-0.007872851512502166,0.027342945337295532,-0.13787949085235596,-0.014836217223773929,0.06516718864440918,-0.1838318109512329,-0.02023660386271331,0.0858091413974762,-0.20396679639816284,-0.021937698072861167,0.10180935263633728,-0.21654891967773438,-0.02219401108391139,0.04572799801826477,-0.09785658121109009,-0.016034487581919166,0.08379879593849182,-0.1462453007698059,-0.019799726030896636,0.10391268134117126,-0.17367476224899292,-0.020484175480078193,0.11906865239143372,-0.194138765335083,-0.020954383484195205,0.05981758236885071,-0.06003749370574951,-0.01635852078265998,0.08952614665031433,-0.11191147565841675,-0.018853828257988425,0.09202742576599121,-0.13814270496368408,-0.015339815004836055,0.09101831912994385,-0.15405166149139404,-0.012378244607816669,0.06824547052383423,-0.030391395092010498,-0.01673872949845645,0.08449667692184448,-0.08035778999328613,-0.016719456709097358,0.0835791826248169,-0.10519027709960938,-0.01102922013319585,0.08137637376785278,-0.11759108304977417,-0.006118799506793948
0.0,0.0,0.0,-0.0028210878372192383,-0.0711817741394043,-0.001352548174352819,0.019419968128204346,-0.12589192390441895,-0.0027187496132938804,0.04927179217338562,-0.14668655395507812,-0.0025835730310319605,0.07053586840629578,-0.1519460678100586,-0.0016784401785372438,0.025626540184020996,-0.13813352584838867,-0.011855333036535853,0.06341832876205444,-0.18406426906585693,-0.01527778051679718,0.08365637063980103,-0.20376574993133545,-0.014839857741051787,0.09870591759681702,-0.21559232473373413,-0.013267251587265605,0.04440829157829285,-0.09987372159957886,-0.012254157959276313,0.08227232098579407,-0.15100300312042236,-0.014474978594833487,0.10065731406211853,-0.17676961421966553,-0.01297904264067995,0.11514648795127869,-0.19661641120910645,-0.011220375000291938,0.05890139937400818,-0.06506812572479248,-0.011677134706431502,0.08916264772415161,-0.1198267936706543,-0.012010781950110072,0.10022446513175964,-0.14920324087142944,-0.007223683799409741,0.10827580094337463,-0.170099675655365,-0.0033719620376615467,0.06719505786895752,-0.037540316581726074,-0.01098833970611679,0.08507290482521057,-0.08922839164733887,-0.007936644292229289,0.0915522575378418,-0.11664688587188721,-0.0007848483335948231,0.09717857837677002,-0.13378816843032837,0.005057075602209693
0.0,0.0,0.0,-0.00260007381439209,-0.07257795333862305,-0.0011458481695569844,0.019899606704711914,-0.12762784957885742,-0.002628246768011877,0.04978993535041809,-0.14864975214004517,-0.002746869091510007,0.07074770331382751,-0.15390557050704956,-0.002357155763178298,0.024469763040542603,-0.14102375507354736,-0.011643329382508227,0.06190869212150574,-0.1853770613670349,-0.01551481869873328,0.08268904685974121,-0.205369234085083,-0.015876640312939116,0.09850266575813293,-0.2185114622116089,-0.014933703214495608,0.04373845458030701,-0.10242664813995361,-0.012474131517677733,0.0811527669429779,-0.15316301584243774,-0.015218314461975524,0.10005566477775574,-0.1789325475692749,-0.014758448795049617,0.11456164717674255,-0.19937103986740112,-0.013753393412201831,0.058970510959625244,-0.06744563579559326,-0.012293419547944495,0.08898270130157471,-0.12255680561065674,-0.013220110655396411,0.10267439484596252,-0.1525202989578247,-0.00969405074474139,0.11251464486122131,-0.17440539598464966,-0.0066828324725918264,0.0680600106716156,-0.04042935371398926,-0.011916741476028392,0.08601576089859009,-0.09346991777420044,-0.00916890588459296,0.09365087747573853,-0.12172317504882812,-0.0026029951205543966,0.10009995102882385,-0.14017599821090698,0.0027647679870881348
0.0,0.0,0.0,-0.0023887455463409424,-0.07205832004547119,-0.0014442224560582417,0.020636826753616333,-0.12649571895599365,-0.0031171910736986774,0.050157904624938965,-0.14691781997680664,-0.0034166834589370865,0.07144749164581299,-0.1519782543182373,-0.0032850107450315136,0.025508075952529907,-0.14095228910446167,-0.012333864513067283,0.06379050016403198,-0.18386000394821167,-0.016360209490386524,0.08510419726371765,-0.20460540056228638,-0.01694121135327009,0.10101699829101562,-0.21795111894607544,-0.016138495112983264,0.04443490505218506,-0.10100173950195312,-0.013235125857619323,0.08227130770683289,-0.15137648582458496,-0.016153219322887935,0.10116791725158691,-0.17844384908676147,-0.016101903449026622,0.1153680682182312,-0.19997429847717285,-0.015492846424905338,0.05965045094490051,-0.06486445665359497,-0.01306014152171997,0.09141597151756287,-0.11836302280426025,-0.014087717215744533,0.10513526201248169,-0.15067178010940552,-0.010804598386613407,0.11453932523727417,-0.17455452680587769,-0.00809143220934061,0.06846454739570618,-0.03692984580993652,-0.012693112882999458,0.08678784966468811,-0.08888119459152222,-0.010043971407441177,0.09349784255027771,-0.11842304468154907,-0.003409230550033726,0.09862726926803589,-0.13766837120056152,0.001973400191189967
0.0,0.0,0.0,-0.0008959770202636719,-0.07267194986343384,-0.002075955016437092,0.022210896015167236,-0.12678658962249756,-0.004193603737178364,0.051528722047805786,-0.1468747854232788,-0.004707745952430287,0.07279971241950989,-0.15224909782409668,-0.004721091339263239,0.027270197868347168,-0.14103484153747559,-0.013963861601325789,0.06614640355110168,-0.1835646629333496,-0.018103304529461184,0.08735552430152893,-0.2039051055908203,-0.018562766933712282,0.10314419865608215,-0.21673142910003662,-0.017609934532913485,0.04579111933708191,-0.09921270608901978,-0.014479174489054003,0.08438760042190552,-0.15040206909179688,-0.01711527372327737,0.10290810465812683,-0.17752134799957275,-0.016562908166918078,0.11670604348182678,-0.19836223125457764,-0.01564105155495099,0.060786277055740356,-0.06101787090301514,-0.013855667063864985,0.0930485725402832,-0.11453986167907715,-0.014115704433891096,0.10563096404075623,-0.14734506607055664,-0.009960212023827353,0.11419561505317688,-0.17061388492584229,-0.006774316286566773,0.06940722465515137,-0.03110450506210327,-0.013130973303589144,0.08714818954467773,-0.08285140991210938,-0.009640516923639098,0.0927099883556366,-0.11321598291397095,-0.002305781911957183,0.09697127342224121,-0.13197487592697144,0.003536193654042563
0.0,0.0,0.0,-0.0007358193397521973,-0.07397222518920898,-0.002037939499345498,0.022488445043563843,-0.127957284450531,-0.004272708785933332,0.05287763476371765,-0.14757829904556274,-0.005047828075689154,0.07456088066101074,-0.15252292156219482,-0.00515916489551671,0.026632457971572876,-0.1366671323776245,-0.013186418567997293,0.06577762961387634,-0.1815900206565857,-0.01730154280106433,0.08726409077644348,-0.20145702362060547,-0.017410040018361883,0.10314390063285828,-0.2136390209197998,-0.016180539620322065,0.0454288125038147,-0.09660458564758301,-0.013824059744578676,0.08389738202095032,-0.14936679601669312,-0.01644230459372409,0.10262903571128845,-0.1761874556541443,-0.01557098992655881,0.11664244532585144,-0.1963951587677002,-0.014402863686186151,0.060700416564941406,-0.06075257062911987,-0.013484788243872003,0.09225383400917053,-0.11674767732620239,-0.014029347454410868,0.10480496287345886,-0.1480821967124939,-0.009902089019519167,0.11351838707923889,-0.169977605342865,-0.006745719467502909,0.06995385885238647,-0.03315860033035278,-0.013074603979688959,0.0876399576663971,-0.08580881357192993,-0.010123399202925043,0.09291276335716248,-0.11491549015045166,-0.003199506434825139,0.09704679250717163,-0.1329062581062317,0.0023090270112930966
0.0,0.0,0.0,-0.0009071528911590576,-0.07332563400268555,-0.0022179771425356876,0.02233704924583435,-0.12800955772399902,-0.004584293181650878,0.052821993827819824,-0.14795756340026855,-0.005508832468294145,0.07417076826095581,-0.15270739793777466,-0.0057590918826093684,0.02527320384979248,-0.13618385791778564,-0.013468747327678443,0.06411245465278625,-0.18117135763168335,-0.017622239256851913,0.08571222424507141,-0.20055335760116577,-0.017962535212390662,0.10171744227409363,-0.21209651231765747,-0.01700641896819377,0.044299691915512085,-0.09574848413467407,-0.014121543916516544,0.08240506052970886,-0.14841443300247192,-0.016440448651664497,0.10109719634056091,-0.17492860555648804,-0.015642221386187316,0.11514273285865784,-0.1946226954460144,-0.014794083612613917,0.06002587080001831,-0.059863924980163574,-0.013837248387389423,0.09175017476081848,-0.11712193489074707,-0.014421125243060828,0.10349300503730774,-0.1478840708732605,-0.010746813679688216,0.111326664686203,-0.16871315240859985,-0.008081766145878078,0.07013121247291565,-0.03254830837249756,-0.013493372427873851,0.0875619649887085,-0.08628284931182861,-0.011070835704558135,0.09140822291374207,-0.11448580026626587,-0.004779245073549987,0.09436047077178955,-0.1313403844833374,0.00016316149198303265
0.0,0.0,0.0,-0.001025378704071045,-0.07388454675674438,-0.0019546302527544412,0.022407829761505127,-0.12821632623672485,-0.004363088638370982,0.05285757780075073,-0.14795100688934326,-0.0053046748534200105,0.07434970140457153,-0.15319645404815674,-0.005568076626246921,0.02379697561264038,-0.1370907425880432,-0.013988858324324838,0.06292855739593506,-0.18112599849700928,-0.01835547318015074,0.08468493819236755,-0.20112627744674683,-0.018708258171415082,0.10068511962890625,-0.21335822343826294,-0.01766233635399317,0.04230111837387085,-0.09604853391647339,-0.014864099447464696,0.08057168126106262,-0.14917689561843872,-0.017582825620507947,0.09903723001480103,-0.1770055890083313,-0.016835366611218205,0.11288219690322876,-0.19760394096374512,-0.01586114545617079,0.058115988969802856,-0.059288084506988525,-0.014708054487442723,0.09071451425552368,-0.11458063125610352,-0.015277332861757031,0.10360163450241089,-0.1473366618156433,-0.011472997491097203,0.11246007680892944,-0.17035025358200073,-0.008646520090138665,0.06856107711791992,-0.030698001384735107,-0.014457432788645974,0.0871056616306305,-0.08309739828109741,-0.011605226670241109,0.09241938591003418,-0.1133202314376831,-0.00502906716693019,0.09642142057418823,-0.1329365372657776,0.0001399594885640454
0.0,0.0,0.0,-0.0007056295871734619,-0.07323157787322998,-0.002185128211550591,0.022400975227355957,-0.12648767232894897,-0.005586161093361852,0.053159236907958984,-0.14816492795944214,-0.007229236701078889,0.07499954104423523,-0.15594637393951416,-0.008431084734894512,0.024099618196487427,-0.13226747512817383,-0.019016304334201095,0.06404724717140198,-0.17983704805374146,-0.024503027369775054,0.085947185754776,-0.2022835612297058,-0.025010782574810264,0.1018923819065094,-0.21608734130859375,-0.023874265422620056,0.042515963315963745,-0.08981138467788696,-0.020058899467386482,0.08247530460357666,-0.14649254083633423,-0.023990716134704826,0.101602703332901,-0.17693138122558594,-0.023351569940842865,0.1154927909374237,-0.19877684116363525,-0.022454868351616142,0.05828008055686951,-0.05169719457626343,-0.019659891074098823,0.09370043873786926,-0.10881960391998291,-0.021147187148727653,0.10625448822975159,-0.1439495086669922,-0.017572970410384414,0.1140313446521759,-0.16843581199645996,-0.014882237931288955,0.06849461793899536,-0.022290706634521484,-0.018992300426162956,0.08846285939216614,-0.0746375322341919,-0.017010336091317413,0.09240564703941345,-0.10732215642929077,-0.010715469998814342,0.09451687335968018,-0.12857842445373535,-0.005649892894126651
0.0,0.0,0.0,-0.0018177926540374756,-0.07144594192504883,-0.003902693393271761,0.021577924489974976,-0.12742751836776733,-0.008374646187391477,0.0534631609916687,-0.15089130401611328,-0.011049646765556531,0.07629981637001038,-0.1599804162979126,-0.013149442963864999,0.022821277379989624,-0.12723422050476074,-0.02189282409158011,0.06218451261520386,-0.17988371849060059,-0.029462066360380845,0.0848938524723053,-0.2039162516593933,-0.031162063472535806,0.10200679302215576,-0.21863073110580444,-0.03085096820500155,0.04122626781463623,-0.08563143014907837,-0.023266148634817796,0.08151155710220337,-0.14763110876083374,-0.02990908629503508,0.10263055562973022,-0.18119609355926514,-0.03128432563748618,0.11854368448257446,-0.20523065328598022,-0.03173391974773665,0.05715104937553406,-0.05013871192932129,-0.02338922477569838,0.09431171417236328,-0.11098688840866089,-0.028353108905818658,0.10813170671463013,-0.1496424674987793,-0.027651914276745515,0.11652296781539917,-0.1768447756767273,-0.02649424120095034,0.06878522038459778,-0.024785161018371582,-0.023231518336203294,0.09077513217926025,-0.08091622591018677,-0.025027095221545892,0.09499967098236084,-0.11655575037002563,-0.02151263959017058,0.09625792503356934,-0.1403592824935913,-0.01815173483696242
0.0,0.0,0.0,-0.010859042406082153,-0.06325775384902954,-0.007664713053770811,0.007747352123260498,-0.12539464235305786,-0.01143698950744465,0.03895682096481323,-0.15913981199264526,-0.013280463381477148,0.06188616156578064,-0.17138797044754028,-0.014335763617225439,0.009415209293365479,-0.12112075090408325,-0.019202636531360895,0.04488527774810791,-0.18077635765075684,-0.026986094168194086,0.06847453117370605,-0.21317660808563232,-0.029153322777517587,0.08686518669128418,-0.23663121461868286,-0.02959715200103119,0.03085082769393921,-0.09255307912826538,-0.019039856246479303,0.06493276357650757,-0.15478217601776123,-0.026087891286977083,0.08665835857391357,-0.19337356090545654,-0.02901080620921448,0.10428571701049805,-0.2248009443283081,-0.031060771993168146,0.04887598752975464,-0.07057452201843262,-0.018620179942615778,0.07803201675415039,-0.13290905952453613,-0.025683529651530534,0.09521478414535522,-0.17526954412460327,-0.02874980305767849,0.10730421543121338,-0.20869702100753784,-0.030222073173888475,0.06284627318382263,-0.05923724174499512,-0.018288835859664232,0.08200147747993469,-0.11591768264770508,-0.023894255957372934,0.09281164407730103,-0.1549023985862732,-0.025569081282981188,0.10035431385040283,-0.1853523850440979,-0.026193393370874674
0.0,0.0,0.0,-0.004605978727340698,-0.05797231197357178,-0.009368422839429513,0.018145382404327393,-0.11714208126068115,-0.016104383792367116,0.05018192529678345,-0.1544608473777771,-0.01995532813259615,0.07376724481582642,-0.1775563359260559,-0.02307698542961134,0.014821380376815796,-0.10282063484191895,-0.029920159306016103,0.056736379861831665,-0.16753870248794556,-0.03978039550372614,0.08399683237075806,-0.2014055848121643,-0.04212783130594744,0.10476881265640259,-0.22473978996276855,-0.04186331334301485,0.0347999632358551,-0.06481528282165527,-0.029413761969294683,0.07648146152496338,-0.1334959864616394,-0.038181724425044195,0.102702796459198,-0.17686772346496582,-0.040729361053195134,0.12220942974090576,-0.20982909202575684,-0.042164797361579076,0.05183762311935425,-0.036643385887145996,-0.028065709795441762,0.08852577209472656,-0.10381025075912476,-0.03507579716631426,0.10864865779876709,-0.15059196949005127,-0.03747501822897448,0.12188905477523804,-0.1865605115890503,-0.03850243094154848,0.06521409749984741,-0.022771716117858887,-0.02674142497369303,0.08964717388153076,-0.07894080877304077,-0.03156417089292063,0.10237264633178711,-0.11947405338287354,-0.03239793183990969,0.11026757955551147,-0.15201812982559204,-0.03239264565297617
0.0,0.0,0.0,0.011264771223068237,-0.05205702781677246,-0.0058530236046152595,0.04003116488456726,-0.09260338544845581,-0.01104508502514534,0.06725874543190002,-0.12182915210723877,-0.015090217572762299,0.08572256565093994,-0.14631378650665283,-0.0194391484755414,0.04330071806907654,-0.08017933368682861,-0.019142809082879353,0.07382753491401672,-0.12615984678268433,-0.03024465473474436,0.09561899304389954,-0.15478503704071045,-0.036441278402818966,0.11257311701774597,-0.17774009704589844,-0.04004870796681814,0.05494675040245056,-0.05767613649368286,-0.02119386078895502,0.0875944197177887,-0.10116887092590332,-0.030925714169754315,0.10997030138969421,-0.13312309980392456,-0.03674671867968016,0.12744519114494324,-0.16126960515975952,-0.04124259645224981,0.06263872981071472,-0.0371854305267334,-0.023179677073969174,0.09479367733001709,-0.07592511177062988,-0.03199512580515318,0.11577299237251282,-0.10733294486999512,-0.03608886594058447,0.13070622086524963,-0.13618379831314087,-0.038775802348865795,0.0677827000617981,-0.01917135715484619,-0.02512951823057108,0.094339519739151,-0.049208760261535645,-0.031670708899511624,0.11067137122154236,-0.07154816389083862,-0.033742048536552716,0.12137290835380554,-0.09352922439575195,-0.03528147632361822
