0,1,2,3,4,5,6,7,8,9,10,11,12,13,14,15,16,17,18,19,20,21,22,23,24,25,26,27,28,29,30,31,32,33,34,35,36,37,38,39,40,41,42,43,44,45,46,47,48,49,50,51,52,53,54,55,56,57,58,59,60,61,62
0.5868647694587708,0.8300461173057556,-2.2251589371080627e-07,0.5680859684944153,0.7610471248626709,0.001853971160016954,0.5736830234527588,0.6977640390396118,0.0016952985897660255,0.5979834794998169,0.6636309623718262,0.001396990497596562,0.6188085079193115,0.6616066694259644,0.0028527160175144672,0.6168485283851624,0.6506080031394958,0.0034694478381425142,0.6315858960151672,0.6458405256271362,0.005916907452046871,0.6273847222328186,0.6681848168373108,0.00756192347034812,0.6188963651657104,0.6865488290786743,0.008139459416270256,0.6427493095397949,0.6770176887512207,0.0011364901438355446,0.650528609752655,0.6693074703216553,0.00782502256333828,0.6418587565422058,0.6896119713783264,0.009927283972501755,0.6327255368232727,0.7092727422714233,0.009571364149451256,0.6596673727035522,0.7143749594688416,-0.000801827001851052,0.6653090119361877,0.7031320333480835,0.004133315756917,0.6565307378768921,0.7194608449935913,0.006843342911452055,0.6467524170875549,0.7389280200004578,0.0065215094946324825,0.6701885461807251,0.75767582654953,-0.0027207257226109505,0.6714070439338684,0.7478599548339844,0.0009585139341652393,0.6623691916465759,0.7590413689613342,0.005223146174103022,0.6544961333274841,0.7740657925605774,0.008109109476208687
0.5955997705459595,0.829596221446991,-2.240289944666074e-07,0.5788516402244568,0.7648848295211792,-1.9955930838477798e-05,0.5790948867797852,0.6985602974891663,-0.0021503702737390995,0.5959179401397705,0.6584999561309814,-0.004409062210470438,0.6122671961784363,0.6493703126907349,-0.005445203743875027,0.6249790191650391,0.6547871828079224,-0.00447859289124608,0.6403445601463318,0.6514604091644287,-0.006061713211238384,0.6333507895469666,0.6712879538536072,-0.007135264575481415,0.6221617460250854,0.6848264932632446,-0.008265900425612926,0.6472668051719666,0.684120237827301,-0.00822933204472065,0.6593963503837585,0.6749848127365112,-0.006693617906421423,0.6501048803329468,0.6937443017959595,-0.005825899075716734,0.6380438208580017,0.7120828032493591,-0.006007047835737467,0.6630187630653381,0.721346378326416,-0.011435367166996002,0.6730181574821472,0.7120388746261597,-0.0101001663133502,0.6637887358665466,0.7272711992263794,-0.0064880577847361565,0.6517819762229919,0.7430678606033325,-0.00522659020498395,0.6722431182861328,0.7628434300422668,-0.014748675748705864,0.6771616339683533,0.7582728266716003,-0.013766393065452576,0.6678915619850159,0.7693161368370056,-0.008707204833626747,0.6580347418785095,0.7801781296730042,-0.0045225964859128
0.6026036739349365,0.8315641283988953,-1.798341884295951e-07,0.58819180727005,0.7680298686027527,0.0023496856447309256,0.5908703207969666,0.7085092663764954,0.0003607577527873218,0.6091059446334839,0.6745613217353821,-0.002226624172180891,0.6261638402938843,0.6691550612449646,-0.0035422598011791706,0.6242212653160095,0.6645793914794922,-0.0054155318066477776,0.6506150960922241,0.6552165746688843,-0.007554222829639912,0.6479288339614868,0.6753253936767578,-0.007730077486485243,0.6366844177246094,0.6900150775909424,-0.007544911466538906,0.6483595371246338,0.694137692451477,-0.010061703622341156,0.6690506935119629,0.6792646050453186,-0.008381091058254242,0.6627070307731628,0.6973959803581238,-0.006242100615054369,0.6506692171096802,0.7157347798347473,-0.005408907774835825,0.6668440699577332,0.7309296131134033,-0.013887100853025913,0.6831992268562317,0.7168342471122742,-0.011223642155528069,0.6755545139312744,0.7313278317451477,-0.006393779534846544,0.6634742021560669,0.7475069165229797,-0.004542918875813484,0.6791715025901794,0.7715677618980408,-0.017596367746591568,0.688271164894104,0.7630349397659302,-0.014639446511864662,0.6802198886871338,0.7731707692146301,-0.008439951576292515,0.6707284450531006,0.7850039005279541,-0.0037624670658260584
0.6035476922988892,0.8352272510528564,-1.8458955253208842e-07,0.5901604294776917,0.7716724872589111,0.0016359633300453424,0.5925409197807312,0.7105228900909424,1.3101052900310606e-05,0.6105281710624695,0.6756922602653503,-0.0020644431933760643,0.6284141540527344,0.671862006187439,-0.0028402379248291254,0.6314130425453186,0.6687745451927185,-0.004713851027190685,0.6569626927375793,0.6620789766311646,-0.007034569513052702,0.6544272303581238,0.6824787259101868,-0.007430821657180786,0.6432173252105713,0.6970266699790955,-0.007610672619193792,0.6543409824371338,0.6975787281990051,-0.00933929719030857,0.6759488582611084,0.6870338916778564,-0.00856507383286953,0.6699159145355225,0.7067983150482178,-0.007021348923444748,0.6573643684387207,0.7239351272583008,-0.006452544592320919,0.6718596816062927,0.7338901162147522,-0.01332937367260456,0.688616931438446,0.7276677489280701,-0.011870124377310276,0.6807584166526794,0.7432820200920105,-0.007571301888674498,0.6677616238594055,0.7572681903839111,-0.005844803061336279,0.683108925819397,0.775318443775177,-0.017348220571875572,0.6929135918617249,0.7746728658676147,-0.015979057177901268,0.683803915977478,0.7863878607749939,-0.010772984474897385,0.6723562479019165,0.7960560321807861,-0.0065985131077468395
0.6054039001464844,0.8449075222015381,-1.8644273325207905e-07,0.5929589867591858,0.7824681997299194,0.00479778740555048,0.6002097725868225,0.7214753031730652,0.006527010351419449,0.6205543875694275,0.6850813627243042,0.007222290150821209,0.6378129720687866,0.6794231534004211,0.00916561670601368,0.6375447511672974,0.6866768598556519,0.001512217102572322,0.6638864874839783,0.6677166819572449,0.002413727343082428,0.6623057723045349,0.6832258701324463,0.004502544645220041,0.651925802230835,0.6983190774917603,0.006251515354961157,0.6584898829460144,0.7162608504295349,-0.0030087896157056093,0.682231068611145,0.6954336166381836,0.0006341449334286153,0.6770301461219788,0.7104907035827637,0.0031329570338129997,0.6652265787124634,0.7256948351860046,0.004231587052345276,0.6742588877677917,0.752520740032196,-0.006716366857290268,0.694719135761261,0.7356340289115906,-0.003136211074888706,0.6873180270195007,0.7477896213531494,0.0011610455112531781,0.6749104857444763,0.7610374689102173,0.0026868318673223257,0.6840512156486511,0.7928329110145569,-0.010088954120874405,0.6969921588897705,0.7825030088424683,-0.006338587496429682,0.6884657144546509,0.7899989485740662,-0.0006784775760024786,0.6777145266532898,0.7990207076072693,0.0033031131606549025
0.6046376824378967,0.8527320027351379,-1.8888263753069623e-07,0.5933809280395508,0.7882162928581238,0.003114280290901661,0.6006875038146973,0.7260053157806396,0.003124648006632924,0.6219009757041931,0.6890318393707275,0.002436534035950899,0.6399391293525696,0.6825277209281921,0.0031774837989360094,0.6385787725448608,0.6925436854362488,-0.002462968695908785,0.6670932173728943,0.6757650375366211,-0.002761357231065631,0.6638322472572327,0.6916186213493347,-0.000875930127222091,0.6518951654434204,0.7050607204437256,0.0007338710711337626,0.6596728563308716,0.7247138023376465,-0.007045339792966843,0.6860955953598022,0.7032017707824707,-0.004837295040488243,0.6796600222587585,0.7189083099365234,-0.002088903682306409,0.6664727330207825,0.7343353033065796,-0.000695625611115247,0.6753363013267517,0.7631146907806396,-0.010860777460038662,0.6984300017356873,0.7428908944129944,-0.008326955139636993,0.6902769804000854,0.7558475732803345,-0.0030484553426504135,0.676869809627533,0.7702760100364685,-0.0007495574536733329,0.6850491762161255,0.8052495121955872,-0.014480049721896648,0.6994679570198059,0.7907684445381165,-0.011691316962242126,0.6903164982795715,0.7979894876480103,-0.005535101052373648,0.6789440512657166,0.8077018857002258,-0.0011047361185774207
0.6020612716674805,0.8521266579627991,-1.9949702334542962e-07,0.5925540328025818,0.7857255935668945,0.005478859879076481,0.599833071231842,0.7260978817939758,0.006502049509435892,0.6193717122077942,0.6899891495704651,0.0063554286025464535,0.6358522176742554,0.682620108127594,0.007472854107618332,0.6428745985031128,0.6903524398803711,0.002456634072586894,0.6670850515365601,0.6810296177864075,0.004275799263268709,0.6638306379318237,0.6980430483818054,0.006648778449743986,0.6525991559028625,0.7108379006385803,0.008192594163119793,0.6631813049316406,0.7235737442970276,-0.0029353382997214794,0.687045156955719,0.7079785466194153,0.0010398196754977107,0.6802092790603638,0.7257640361785889,0.003965209238231182,0.6666620969772339,0.740790069103241,0.005282851867377758,0.6772468090057373,0.763240396976471,-0.007466114591807127,0.6979286074638367,0.7508542537689209,-0.0032907796557992697,0.6893954277038574,0.7646887898445129,0.0018474176758900285,0.6754544973373413,0.777475118637085,0.0037361239083111286,0.6849992275238037,0.8078680038452148,-0.011673413217067719,0.6982623338699341,0.7991430759429932,-0.007203341461718082,0.6886289715766907,0.8068644404411316,-0.0007099139620549977,0.6759161353111267,0.8149269819259644,0.003706645220518112
0.6034990549087524,0.8646469712257385,-2.1482443912645977e-07,0.5907782912254333,0.8007709980010986,0.0036434540525078773,0.5974501967430115,0.7369258999824524,0.004301803186535835,0.6170870065689087,0.6977473497390747,0.004213646054267883,0.6332429647445679,0.6833016276359558,0.005637758411467075,0.6393712759017944,0.6977169513702393,0.0006309860618785024,0.6688941121101379,0.6850568056106567,0.0010006952797994018,0.6640016436576843,0.7031772136688232,0.0022871149703860283,0.6510729789733887,0.7153587937355042,0.0034189405851066113,0.6609570980072021,0.7316838502883911,-0.003951265010982752,0.6869727969169617,0.7146403789520264,-0.00015474425163120031,0.6789664626121521,0.7326900959014893,0.0029221544973552227,0.6646625995635986,0.7478500008583069,0.004304093308746815,0.6761557459831238,0.7717980742454529,-0.007948987185955048,0.6985277533531189,0.7544070482254028,-0.004423513077199459,0.6892269253730774,0.7692427635192871,0.0010860913898795843,0.6750319004058838,0.7840020060539246,0.0033268537372350693,0.6854232549667358,0.815172016620636,-0.011767997406423092,0.6996632218360901,0.8009031414985657,-0.008583343587815762,0.6890469789505005,0.810896098613739,-0.0020669270306825638,0.6767363548278809,0.8228627443313599,0.0026034433394670486
0.5993976593017578,0.8707382678985596,-2.2386485909464682e-07,0.5895464420318604,0.8046361207962036,0.006041284184902906,0.5974253416061401,0.7418737411499023,0.0075340778566896915,0.6162740588188171,0.7021920084953308,0.007912514731287956,0.6303887963294983,0.6816094517707825,0.009842355735599995,0.6366291642189026,0.7051860690116882,0.0010869666002690792,0.6695500612258911,0.6885617971420288,0.0013623269042000175,0.6656584739685059,0.7070789933204651,0.003245584899559617,0.6518287062644958,0.7204121351242065,0.0050980388186872005,0.6565883159637451,0.7385395765304565,-0.004578703083097935,0.6863106489181519,0.7200056910514832,-0.0007335833506658673,0.6792541742324829,0.738989531993866,0.00315042189322412,0.6643679738044739,0.7531324028968811,0.004950032103806734,0.6710222959518433,0.7787100672721863,-0.009459699504077435,0.6978652477264404,0.7588515877723694,-0.005792134441435337,0.6890892386436462,0.7749992609024048,0.0008184870821423829,0.6744552850723267,0.7892110347747803,0.003679857822135091,0.680117130279541,0.8226224780082703,-0.013903915882110596,0.698655903339386,0.8049817681312561,-0.010717631317675114,0.6885500550270081,0.8157286047935486,-0.003617966314777732,0.6757115125656128,0.8272266983985901,0.0013631591573357582
0.5964264869689941,0.8730306625366211,-2.2750077732780483e-07,0.5885834693908691,0.8030298352241516,0.00710822269320488,0.5964503884315491,0.741755485534668,0.008947005495429039,0.61589515209198,0.7017707228660583,0.009490315802395344,0.6295506358146667,0.6810581684112549,0.01145247370004654,0.636722981929779,0.7079468369483948,0.0015106811188161373,0.6685734987258911,0.6914827227592468,0.0029743025079369545,0.6647210121154785,0.7089135050773621,0.0058288280852139,0.6517659425735474,0.7216944694519043,0.008138998411595821,0.6566485166549683,0.7424777150154114,-0.004374493844807148,0.6857380270957947,0.7227535247802734,0.0009062601020559669,0.678894579410553,0.7400447130203247,0.005725217051804066,0.6645044088363647,0.7547377943992615,0.007815507240593433,0.670728325843811,0.7832675576210022,-0.009250430390238762,0.6967707276344299,0.7623550295829773,-0.004141614772379398,0.6879268288612366,0.7772024273872375,0.003011296968907118,0.6737176775932312,0.7916483283042908,0.00578519469127059,0.6793325543403625,0.8275929689407349,-0.013623868115246296,0.6975046992301941,0.8091805577278137,-0.009639709256589413,0.6875542998313904,0.8181767463684082,-0.0023286142386496067,0.6751640439033508,0.8292202949523926,0.0026435782201588154
0.5939333438873291,0.8757963180541992,-2.2208092786968336e-07,0.5866575241088867,0.8060305714607239,0.0059817335568368435,0.5941025614738464,0.7436277866363525,0.006795233115553856,0.613865852355957,0.7034933567047119,0.00646156957373023,0.6281213760375977,0.6834893822669983,0.007621196564286947,0.6340159773826599,0.7082880139350891,-0.0007667277823202312,0.6673656702041626,0.6936245560646057,0.0001426236267434433,0.6633642911911011,0.7137664556503296,0.0029721942264586687,0.6502034068107605,0.7266665697097778,0.005271350499242544,0.6541942358016968,0.7439996600151062,-0.00669580465182662,0.6846383810043335,0.7244030833244324,-0.002396545372903347,0.6774439215660095,0.7438427209854126,0.0021106197964400053,0.6621890068054199,0.7590909004211426,0.004233979154378176,0.6685340404510498,0.7859355211257935,-0.011593030765652657,0.6953452229499817,0.7651613354682922,-0.0072259982116520405,0.6862857341766357,0.7814657688140869,-2.25854673772119e-05,0.6715179085731506,0.7958647012710571,0.0029972612392157316,0.6770144104957581,0.8308944702148438,-0.016058923676609993,0.6967182755470276,0.8112253546714783,-0.012504351325333118,0.6863030195236206,0.8212289214134216,-0.004855363164097071,0.6731353998184204,0.8329517841339111,0.0004878128820564598
0.5921199321746826,0.8777962327003479,-2.2043631986434775e-07,0.5852174162864685,0.8076751232147217,0.005415929015725851,0.5929756760597229,0.74330073595047,0.005677363369613886,0.6132048964500427,0.7023459672927856,0.004736315459012985,0.6278424859046936,0.6835010051727295,0.005266121122986078,0.6317927837371826,0.7097169756889343,-0.0014542965218424797,0.6662290096282959,0.6937515735626221,-0.002089022658765316,0.6615946888923645,0.7138696312904358,-0.0005041909171268344,0.6477356553077698,0.727271318435669,0.0011381475487723947,0.6516807079315186,0.7452002167701721,-0.007513378746807575,0.6834195852279663,0.7252010107040405,-0.004066856577992439,0.6762798428535461,0.7445669770240784,-1.0911830031545833e-05,0.660858154296875,0.7595975399017334,0.0018127646762877703,0.6662890315055847,0.7869929075241089,-0.012730366550385952,0.6943228244781494,0.7659278512001038,-0.00902040395885706,0.6853548288345337,0.7825384140014648,-0.0018343871925026178,0.6701894402503967,0.7965880632400513,0.0011924245627596974,0.6751261949539185,0.8314611911773682,-0.01760518178343773,0.695637047290802,0.8113566040992737,-0.014636365696787834,0.6851545572280884,0.8224958181381226,-0.006989121902734041,0.6716508865356445,0.8344328999519348,-0.0016456367447972298
0.5918394327163696,0.8798484802246094,-2.2015417755483213e-07,0.5851517915725708,0.807648777961731,0.005327931605279446,0.5931500792503357,0.7422658801078796,0.00557193998247385,0.6136333346366882,0.7005578279495239,0.004520033020526171,0.6285921931266785,0.6852596998214722,0.004867663141340017,0.6302672028541565,0.7101905345916748,-0.000801378337200731,0.6645730137825012,0.6929601430892944,-0.0021481153089553118,0.659421443939209,0.7122231721878052,-0.0014897752553224564,0.6453110575675964,0.7254712581634521,-0.0004100455262232572,0.650444507598877,0.7454936504364014,-0.006784501951187849,0.681715190410614,0.723693311214447,-0.0037525142543017864,0.6744473576545715,0.7420642971992493,-0.00013689007028006017,0.6590407490730286,0.7575024366378784,0.0014985353918746114,0.6655447483062744,0.7869605422019958,-0.012024507857859135,0.6926819682121277,0.7642426490783691,-0.00850981380790472,0.6836414337158203,0.7801210880279541,-0.001568864448927343,0.6685024499893188,0.794748067855835,0.0014234817354008555,0.6747889518737793,0.8309018015861511,-0.016965366899967194,0.69370037317276,0.8100385665893555,-0.013938440941274166,0.6834422945976257,0.8206514120101929,-0.006373524200171232,0.6705472469329834,0.8331316709518433,-0.0010200482793152332
0.5929124355316162,0.8800729513168335,-2.30931007649815e-07,0.5856011509895325,0.8079048991203308,0.007058512419462204,0.5939003825187683,0.7438541650772095,0.008901448920369148,0.6134666204452515,0.7025392055511475,0.009352347813546658,0.6266906261444092,0.6840859651565552,0.011133939027786255,0.6318437457084656,0.7085028886795044,0.001198391430079937,0.6640415191650391,0.6913898587226868,0.001708888914436102,0.6600691676139832,0.7120583057403564,0.0038068084977567196,0.6470968723297119,0.7265705466270447,0.005759502295404673,0.652336835861206,0.742348849773407,-0.004800989292562008,0.6817803382873535,0.7231842875480652,0.00022081928909756243,0.6749168038368225,0.7429766058921814,0.004702310543507338,0.6605456471443176,0.7588225603103638,0.006639483384788036,0.6675945520401001,0.7830823659896851,-0.009857541881501675,0.6927163004875183,0.7645378112792969,-0.004757389426231384,0.6837615966796875,0.7802035808563232,0.001992254750803113,0.6694012880325317,0.7944951057434082,0.004480133298784494,0.6769172549247742,0.8266476392745972,-0.014464467763900757,0.6936246156692505,0.8107484579086304,-0.010160356760025024,0.6835506558418274,0.8212779760360718,-0.002856750739738345,0.6713584065437317,0.8328211307525635,0.0020604319870471954
0.5928485989570618,0.8765701651573181,-2.281335298448539e-07,0.5845993161201477,0.802773654460907,0.005917566828429699,0.5928228497505188,0.7366474866867065,0.007365077268332243,0.6133999228477478,0.6939631104469299,0.007771167438477278,0.6281936764717102,0.6812153458595276,0.00962202437222004,0.6339257955551147,0.7029538750648499,0.0008311021374538541,0.6637882590293884,0.6844030022621155,0.002174294088035822,0.6585942506790161,0.7049134373664856,0.004861363675445318,0.6451919078826904,0.7200865149497986,0.0070349350571632385,0.6551794409751892,0.7377119064331055,-0.004151004366576672,0.6810154914855957,0.7172967791557312,0.001667305245064199,0.6732106804847717,0.735132098197937,0.006353962235152721,0.6591143012046814,0.7510110139846802,0.008308656513690948,0.6704473495483398,0.7784358859062195,-0.00820113904774189,0.6918755769729614,0.7596275806427002,-0.0025425157509744167,0.6828504800796509,0.773136556148529,0.003796607255935669,0.6688857078552246,0.7874243855476379,0.005928497761487961,0.6796029806137085,0.8214128613471985,-0.011859247460961342,0.6926435232162476,0.805013120174408,-0.0071545797400176525,0.6829600930213928,0.8143922090530396,-0.00012006955512333661,0.6718214750289917,0.8257631063461304,0.0046410830691456795
0.5930957198143005,0.8747042417526245,-2.4079076865746174e-07,0.5857414603233337,0.8004103302955627,0.006718809716403484,0.5949753522872925,0.7348160743713379,0.00870952196419239,0.6160142421722412,0.6922301054000854,0.009437785483896732,0.6301537752151489,0.6760016679763794,0.011508622206747532,0.6345648765563965,0.7013435959815979,0.0019613998010754585,0.6656111478805542,0.6852304339408875,0.003348815953359008,0.6606895923614502,0.7048755288124084,0.0058591472916305065,0.6473309993743896,0.7189867496490479,0.00787723995745182,0.6555870175361633,0.7363136410713196,-0.0034218744840472937,0.682033896446228,0.7177606821060181,0.0025237821973860264,0.6748476624488831,0.7354497909545898,0.007055811118334532,0.6606414318084717,0.7512155771255493,0.008762293495237827,0.6710507273674011,0.7771191596984863,-0.007862924598157406,0.6930238008499146,0.7575615048408508,-0.0020937013905495405,0.6842768788337708,0.7717989683151245,0.004391131456941366,0.6701403856277466,0.7863731384277344,0.006473924499005079,0.6805294752120972,0.8199141621589661,-0.01190296933054924,0.6940842270851135,0.8027122616767883,-0.0072276657447218895,0.6842464804649353,0.8130112290382385,-8.696106669958681e-05,0.6728302836418152,0.8250219821929932,0.004649339243769646
0.5941478610038757,0.8740968108177185,-2.289010012646031e-07,0.5885969400405884,0.7995344996452332,0.006173019763082266,0.5986887216567993,0.7362191081047058,0.007311940658837557,0.6217334866523743,0.6970661878585815,0.007284171879291534,0.6384526491165161,0.6878837943077087,0.008533453568816185,0.636955201625824,0.7036161422729492,-0.0004352879768703133,0.6689032316207886,0.6884485483169556,0.0008986324537545443,0.6636738777160645,0.7067924737930298,0.0037021185271441936,0.6505736112594604,0.720170259475708,0.005748450756072998,0.6576024293899536,0.7411144375801086,-0.005778880324214697,0.68462073802948,0.7221063375473022,-0.00018635333981364965,0.677291989326477,0.7377621531486511,0.004262701608240604,0.6636598110198975,0.7530072331428528,0.005733475089073181,0.6723769307136536,0.7833882570266724,-0.009996467269957066,0.6949708461761475,0.7626192569732666,-0.004387484863400459,0.6859606504440308,0.7751518487930298,0.0021865209564566612,0.6719028949737549,0.7891008853912354,0.004198005888611078,0.6808626055717468,0.8267375230789185,-0.01380670815706253,0.696321964263916,0.8073227405548096,-0.009132877923548222,0.6862999796867371,0.8162481188774109,-0.001677130232565105,0.6744972467422485,0.8279584646224976,0.0031804637983441353
0.5958160161972046,0.8788169026374817,-2.2434227275880403e-07,0.5921710729598999,0.8049926161766052,0.006782662123441696,0.6026490330696106,0.742485523223877,0.008125273510813713,0.6260098814964294,0.7053932547569275,0.007821551524102688,0.6433398723602295,0.7005077004432678,0.00881858542561531,0.6415082216262817,0.7077845931053162,0.0034685260616242886,0.6734588742256165,0.6965773701667786,0.004663930274546146,0.6701803803443909,0.7175528407096863,0.0065873777493834496,0.6577343344688416,0.730423092842102,0.007903051562607288,0.6615667939186096,0.7438711524009705,-0.0025976113975048065,0.6896581649780273,0.7298645377159119,0.002243108581751585,0.6833562850952148,0.7492795586585999,0.005255680065602064,0.6688318848609924,0.7630260586738586,0.00604238361120224,0.6756223440170288,0.7855890393257141,-0.007782011292874813,0.6990276575088501,0.7715591192245483,-0.0025735085364431143,0.6906177401542664,0.7870956063270569,0.0031679312232881784,0.6759435534477234,0.7990939021110535,0.00482341181486845,0.6835236549377441,0.830447793006897,-0.01264915894716978,0.699800431728363,0.8179165720939636,-0.007790802512317896,0.6898242831230164,0.8283739686012268,-0.0006614843150600791,0.6769464015960693,0.8370247483253479,0.003993640188127756
0.5975381135940552,0.8872251510620117,-2.1965649921185104e-07,0.5997931957244873,0.8095872402191162,0.005318568088114262,0.6131885647773743,0.7496461272239685,0.004609864670783281,0.6379332542419434,0.7223047018051147,0.0021559344604611397,0.6559591889381409,0.7281946539878845,0.0008806387195363641,0.6479929089546204,0.7202420234680176,0.00033934766543097794,0.6825639009475708,0.7138413190841675,-0.0024591232649981976,0.6765646934509277,0.7358383536338806,-0.0036510403733700514,0.66194748878479,0.7468459010124207,-0.00404713349416852,0.6664898991584778,0.7592384219169617,-0.006036929786205292,0.6968641877174377,0.7485679984092712,-0.00430926401168108,0.6892678737640381,0.7684448957443237,-0.0026773852296173573,0.6734227538108826,0.7804819941520691,-0.0022840462625026703,0.6800642609596252,0.8032284379005432,-0.011789051815867424,0.7041115164756775,0.7939081192016602,-0.008626856841146946,0.6948590874671936,0.8094630837440491,-0.002975172596052289,0.6793497204780579,0.8185307383537292,-0.0006247044657357037,0.6868979334831238,0.8490647673606873,-0.01740584708750248,0.7033350467681885,0.8385958075523376,-0.013248720206320286,0.6930596828460693,0.8489067554473877,-0.005571160465478897,0.6803197860717773,0.8558824062347412,-0.00013803136243950576
0.5980833768844604,0.8966891765594482,-2.3114235148113949e-07,0.6018779873847961,0.8203374743461609,0.004271360579878092,0.6175111532211304,0.7596298456192017,0.003918835893273354,0.6426161527633667,0.7301022410392761,0.0018242289079353213,0.6600202322006226,0.7342754602432251,0.0008915364742279053,0.6553574204444885,0.738950252532959,0.0015670290449634194,0.689640998840332,0.7316003441810608,-0.0020441727247089148,0.6830787658691406,0.7524610757827759,-0.004458910319954157,0.6678339838981628,0.763704240322113,-0.005346253048628569,0.6721181273460388,0.7790605425834656,-0.0039234645664691925,0.7014221549034119,0.7683656811714172,-0.0026039988733828068,0.693535566329956,0.7874094843864441,-0.0018497774144634604,0.6776512861251831,0.7983681559562683,-0.00189696135930717,0.6844541430473328,0.8229349255561829,-0.009054848924279213,0.7067865133285522,0.8129590749740601,-0.006526616867631674,0.6977704167366028,0.8272266387939453,-0.0017068985616788268,0.6824924349784851,0.8358792066574097,0.0003944107156712562,0.6904764175415039,0.8669663667678833,-0.014121519401669502,0.7065562605857849,0.8543688058853149,-0.010226450860500336,0.6964766979217529,0.8634771108627319,-0.0028859670273959637,0.6838642954826355,0.8705997467041016,0.0024822361301630735
0.5968319177627563,0.9089508056640625,-2.3778513025263237e-07,0.6008099913597107,0.8334243893623352,0.004575597587972879,0.6185118556022644,0.773145854473114,0.004611914977431297,0.64528888463974,0.745718240737915,0.0028338064439594746,0.6650601029396057,0.7490414977073669,0.002303337212651968,0.6563720107078552,0.7530441284179688,0.0028487739618867636,0.6919428706169128,0.7475062608718872,-0.000723840668797493,0.684735894203186,0.7661413550376892,-0.003292418783530593,0.6689835786819458,0.7743158340454102,-0.004110504407435656,0.6723405122756958,0.7943994402885437,-0.0026042331010103226,0.7033007144927979,0.7837226986885071,-0.001169127761386335,0.6947312355041504,0.8017722964286804,-0.0004451920685824007,0.6783972978591919,0.8112873435020447,-0.00037402985617518425,0.6839297413825989,0.8394859433174133,-0.007783775217831135,0.7077269554138184,0.829221248626709,-0.005356889218091965,0.6980246305465698,0.84269779920578,-0.0005619506700895727,0.6822724342346191,0.8507863283157349,0.0016842068871483207,0.6897166967391968,0.8838706016540527,-0.012850088067352772,0.7079755663871765,0.8694286942481995,-0.008841633796691895,0.6970067024230957,0.8774736523628235,-0.0012940658489242196,0.6834074854850769,0.8841392397880554,0.004231881350278854
0.5934534072875977,0.9094848036766052,-2.392761473402061e-07,0.6001200675964355,0.8350518941879272,0.004022137727588415,0.6190497279167175,0.7784046530723572,0.0036058244295418262,0.6466042995452881,0.7567062377929688,0.001364092924632132,0.6659095883369446,0.766002893447876,0.0002489752951078117,0.6599788665771484,0.7662898898124695,0.002586879301816225,0.693390965461731,0.7638697028160095,-0.0012109986273571849,0.6847781538963318,0.779830813407898,-0.0046568866819143295,0.669076681137085,0.7862409949302673,-0.006324345711618662,0.6745219826698303,0.8090584874153137,-0.002671020571142435,0.7036643028259277,0.8024364709854126,-0.0013062844518572092,0.6945618391036987,0.8175009489059448,-0.000929865927901119,0.6783031821250916,0.8257153034210205,-0.0013450745027512312,0.6844297647476196,0.8539225459098816,-0.007738859858363867,0.7072145938873291,0.8469319939613342,-0.005287807434797287,0.6978083848953247,0.8575236797332764,-0.0008620036533102393,0.6820296049118042,0.8643834590911865,0.0010296108666807413,0.6885908842086792,0.8968595862388611,-0.012821022421121597,0.7066572308540344,0.8857530951499939,-0.008915647864341736,0.6963868141174316,0.8918926119804382,-0.001754746655933559,0.6830338835716248,0.8977089524269104,0.0034844507463276386
0.5880047678947449,0.9166588187217712,-2.3952532046678243e-07,0.5957633256912231,0.8432465195655823,0.004092715680599213,0.6186442971229553,0.7865942716598511,0.004134193994104862,0.647953450679779,0.7679870128631592,0.002743729157373309,0.6659253239631653,0.782742440700531,0.0026925967540591955,0.6599617004394531,0.7713273763656616,0.0021464750170707703,0.6935217976570129,0.7794461846351624,-0.00016164891712833196,0.6835404634475708,0.7944226264953613,-0.0024423026479780674,0.6672089695930481,0.7975712418556213,-0.003604730125516653,0.6732032299041748,0.8176975250244141,-0.0029353401623666286,0.7019290924072266,0.8186372518539429,-0.00014488773012999445,0.6916672587394714,0.8327109217643738,0.0012044268660247326,0.6754370331764221,0.8388917446136475,0.0012808343162760139,0.6812179088592529,0.8665183782577515,-0.007635175716131926,0.7040465474128723,0.8643397092819214,-0.004213730338960886,0.6928932070732117,0.8736952543258667,0.0008471868932247162,0.6765894293785095,0.8783593773841858,0.0029745937790721655,0.6833698153495789,0.9129155874252319,-0.012305393815040588,0.7005598545074463,0.903860330581665,-0.007540322840213776,0.688598096370697,0.9083854556083679,0.0001415673177689314,0.6748354434967041,0.9123161435127258,0.005567046348005533
0.5816555619239807,0.9181990027427673,-2.3197469545266358e-07,0.5938162803649902,0.8439264297485352,0.005155741702765226,0.6182153820991516,0.7907190918922424,0.004660340957343578,0.6465517282485962,0.7745101451873779,0.0025273882783949375,0.6648470163345337,0.7892510294914246,0.0016338584246113896,0.6555038690567017,0.7788702845573425,0.0006102563347667456,0.690418541431427,0.7900477051734924,-0.002381135243922472,0.6804194450378418,0.8064215779304504,-0.004499990958720446,0.6639827489852905,0.8082072138786316,-0.005436422768980265,0.667430579662323,0.8242020606994629,-0.005331734195351601,0.6983026266098022,0.8306074738502502,-0.003026439342647791,0.6873830556869507,0.8461689949035645,-0.001403142581693828,0.6703852415084839,0.8499438166618347,-0.0011550879571586847,0.6744005084037781,0.8731589913368225,-0.010662531480193138,0.6981701850891113,0.8766380548477173,-0.007121528033167124,0.6860963106155396,0.8875128626823425,-0.0013306494802236557,0.6693320274353027,0.8899593949317932,0.0010772820096462965,0.6751748919487,0.9200627207756042,-0.01586972177028656,0.6919438242912292,0.917359471321106,-0.010973992757499218,0.6792072653770447,0.9223729968070984,-0.0028935077134519815,0.6649705767631531,0.9235337972640991,0.0027032429352402687
0.5750380754470825,0.9181143045425415,-2.2105807317984727e-07,0.5894315838813782,0.8434833884239197,0.005127523560076952,0.6150976419448853,0.7934662103652954,0.004114897456020117,0.6428301930427551,0.7834630012512207,0.0014180825091898441,0.6599409580230713,0.8017064929008484,-0.0001827450469136238,0.6508414149284363,0.780501663684845,0.000537030107807368,0.6849149465560913,0.797430694103241,-0.0027805103454738855,0.6744377017021179,0.815468430519104,-0.005450394935905933,0.6579920053482056,0.8164736032485962,-0.006846558302640915,0.6621949672698975,0.8254371881484985,-0.00563780777156353,0.6914589405059814,0.8384775519371033,-0.00352758658118546,0.6800208687782288,0.8549314737319946,-0.0023193336091935635,0.66298907995224,0.8572137355804443,-0.002482558833435178,0.6683867573738098,0.8743739724159241,-0.01121231634169817,0.6907501816749573,0.883089005947113,-0.007830435410141945,0.6779366731643677,0.8945419788360596,-0.0019649676978588104,0.6613317728042603,0.8952179551124573,0.00046728731831535697,0.6682934761047363,0.9209733605384827,-0.016696544364094734,0.685171365737915,0.9224117994308472,-0.011855274438858032,0.6712657809257507,0.9279996752738953,-0.003381281392648816,0.6565598249435425,0.9277650117874146,0.0025113553274422884
0.5665329694747925,0.9223440289497375,-2.0640757725232106e-07,0.581432044506073,0.8458209037780762,0.006398527417331934,0.6075888872146606,0.7964113354682922,0.00584859075024724,0.6369253396987915,0.7892747521400452,0.0038333686534315348,0.6546983122825623,0.8128688931465149,0.0031721475534141064,0.6415665149688721,0.7779518961906433,-0.0004878732142969966,0.6775619387626648,0.799481987953186,-0.0010990527225658298,0.667534351348877,0.8190075755119324,-0.00048240783507935703,0.6507117748260498,0.8198330998420715,0.00014250667300075293,0.6533114910125732,0.8242785930633545,-0.0066847363486886024,0.683364748954773,0.8394606113433838,-0.0022390440572053194,0.6723839640617371,0.8567835688591003,0.0009375285007990897,0.6556088328361511,0.8593064546585083,0.00171795638743788,0.659661591053009,0.8755428194999695,-0.011807795614004135,0.6827106475830078,0.8833134174346924,-0.006400268990546465,0.6703057885169983,0.8954522013664246,0.00030167255317792296,0.6537801027297974,0.8966964483261108,0.0027663707733154297,0.6594951152801514,0.9245657920837402,-0.016617251560091972,0.6762852072715759,0.9229450225830078,-0.010448108427226543,0.6626071929931641,0.9290079474449158,-0.001488836482167244,0.6481528282165527,0.9296530485153198,0.004447328858077526
0.5575281977653503,0.9212390184402466,-2.1202180278123706e-07,0.5693071484565735,0.8460754156112671,0.006593236234039068,0.5935692191123962,0.7917968034744263,0.007026429753750563,0.6229286789894104,0.7777278423309326,0.005720801185816526,0.6402038335800171,0.7954920530319214,0.005645643454045057,0.6336650252342224,0.7709729075431824,0.0037388147320598364,0.6681407690048218,0.7933377027511597,0.0029337552841752768,0.6600223779678345,0.8142262101173401,0.002363580511882901,0.6443610787391663,0.8175595998764038,0.0021857907995581627,0.646986186504364,0.8155428171157837,-0.002759581198915839,0.6747585535049438,0.8327419757843018,0.001268476597033441,0.6641367077827454,0.8506537079811096,0.0034589471761137247,0.6476387977600098,0.8542706966400146,0.003851227229461074,0.6544535756111145,0.8652303218841553,-0.008589448407292366,0.6747925877571106,0.8770515322685242,-0.00336781470105052,0.6628075838088989,0.8893518447875977,0.002427449682727456,0.6469296813011169,0.8906252980232239,0.0044814208522439,0.6553988456726074,0.9134563207626343,-0.01430562324821949,0.6705998182296753,0.9152476787567139,-0.007879399694502354,0.6574444770812988,0.9226322174072266,0.0005272194393910468,0.6437433958053589,0.9240245223045349,0.006156471557915211
0.5524572730064392,0.9145529270172119,-1.898885528817118e-07,0.563128650188446,0.8382043838500977,0.004535685293376446,0.5845376253128052,0.7809009552001953,0.003125095507130027,0.6130351424217224,0.7690463662147522,-0.0003806199529208243,0.6312874555587769,0.7896035313606262,-0.002665964188054204,0.6254985332489014,0.7611985206604004,0.0039520906284451485,0.658389151096344,0.778118908405304,-0.0002731099375523627,0.6511440873146057,0.8000399470329285,-0.004088129382580519,0.6353330016136169,0.8061701059341431,-0.0061716423369944096,0.6400622129440308,0.8027607202529907,-0.002663735067471862,0.6669699549674988,0.8194171190261841,-0.0019603646360337734,0.6575717329978943,0.8386532664299011,-0.0026607979089021683,0.6411790251731873,0.8430954813957214,-0.0037537487223744392,0.6493250727653503,0.8492710590362549,-0.009213828481733799,0.6680977940559387,0.8645511865615845,-0.006255780812352896,0.6570314168930054,0.877784788608551,-0.0022064356599003077,0.6412427425384521,0.8786486387252808,-0.0009232488228008151,0.6522117853164673,0.8956935405731201,-0.01604323275387287,0.6645212769508362,0.9054712653160095,-0.011816522106528282,0.6514766216278076,0.9138241410255432,-0.005223505664616823,0.637513279914856,0.9138970971107483,-0.0004357644356787205
0.5542284250259399,0.9048931002616882,-1.9640931725461996e-07,0.5593888759613037,0.8298949003219604,0.004575036466121674,0.574867844581604,0.769161581993103,0.0032794687431305647,0.6008320450782776,0.7453380823135376,0.0001413606369169429,0.6171311736106873,0.7540976405143738,-0.0017437946517020464,0.6196359992027283,0.7494896650314331,0.001903274329379201,0.6477033495903015,0.7569243311882019,-8.034455822780728e-05,0.6419264078140259,0.7787532210350037,-0.001216462696902454,0.6271824836730957,0.7885484099388123,-0.0015175642911344767,0.635665237903595,0.7872917652130127,-0.004022035747766495,0.6593066453933716,0.7941626310348511,-0.0014029840240254998,0.6509594917297363,0.8133935332298279,-0.000970377353951335,0.6353978514671326,0.8213815093040466,-0.0017615468241274357,0.646138072013855,0.8310918807983398,-0.009436571039259434,0.6637088060379028,0.8374215960502625,-0.004898685030639172,0.6547980904579163,0.8517001271247864,-0.0010315588442608714,0.6400228142738342,0.85683673620224,-0.0004226993478368968,0.6504102945327759,0.8753341436386108,-0.014953585341572762,0.6630935668945312,0.8788121938705444,-0.009993919171392918,0.653083324432373,0.887743353843689,-0.0037890872918069363,0.6400957703590393,0.8903933167457581,0.0005006249411962926
0.5513688921928406,0.8954671621322632,-2.0670270828304638e-07,0.5507873296737671,0.8185462355613708,0.0038613444194197655,0.5654984712600708,0.7544062733650208,0.004049631301313639,0.5914940237998962,0.7288905382156372,0.0026178492698818445,0.6079385876655579,0.7328571081161499,0.0022695576772093773,0.6123231649398804,0.7367850542068481,0.004595331847667694,0.6350634694099426,0.7338566184043884,0.0034338876139372587,0.6300408840179443,0.751471221446991,0.0018191429553553462,0.6175011396408081,0.7651211619377136,0.0010451619746163487,0.6298655271530151,0.7731035947799683,-0.0003055282577406615,0.6470232009887695,0.7667838931083679,0.003450635354965925,0.6393122673034668,0.7814915180206299,0.003599213669076562,0.6259995102882385,0.7939351201057434,0.0025366791523993015,0.6409759521484375,0.8151662349700928,-0.004945802036672831,0.6532626152038574,0.8081352710723877,-0.0001862852950580418,0.6452670097351074,0.8192739486694336,0.002763965167105198,0.6319938898086548,0.8287517428398132,0.0029283997137099504,0.645911693572998,0.8587384819984436,-0.00973587017506361,0.6538071036338806,0.8500072360038757,-0.004835163708776236,0.644961953163147,0.8569821119308472,0.0009207078255712986,0.633300244808197,0.8635947704315186,0.00502365455031395
0.5524744987487793,0.8853412866592407,-2.2321853521134472e-07,0.5474562048912048,0.8069247007369995,0.0032247882336378098,0.5596771240234375,0.7392040491104126,0.0033452159259468317,0.5848166346549988,0.7141702175140381,0.0022332544904202223,0.6018199920654297,0.7240915894508362,0.0020830880384892225,0.6093152761459351,0.7183710932731628,0.0038899139035493135,0.6248892545700073,0.716952919960022,0.003647491103038192,0.6187164783477783,0.7343071103096008,0.0019290331983938813,0.6076838970184326,0.7475394010543823,0.00044757110299542546,0.628788948059082,0.7505823373794556,-0.00019990623695775867,0.6375381350517273,0.749905526638031,0.004331194330006838,0.6292003989219666,0.7651773691177368,0.0039497553370893,0.617340087890625,0.7788732051849365,0.0021432137582451105,0.6409828066825867,0.7894969582557678,-0.0038636638782918453,0.6451142430305481,0.7891523838043213,0.0010244513396173716,0.637088418006897,0.800527811050415,0.002642652252689004,0.6248924136161804,0.8112519979476929,0.0017356912139803171,0.6470751762390137,0.8304009437561035,-0.007701551076024771,0.6481860876083374,0.8289881348609924,-0.003466396825388074,0.6389266848564148,0.8370765447616577,0.0007491114665754139,0.6278594136238098,0.8440492749214172,0.0038319737650454044
0.5546890497207642,0.8691839575767517,-2.1459595700434875e-07,0.5474257469177246,0.7947894334793091,0.002054406562820077,0.5557502508163452,0.7290908694267273,0.000859484076499939,0.5782013535499573,0.7020679116249084,-0.0015154711436480284,0.5952906608581543,0.710322380065918,-0.002779637463390827,0.6039559841156006,0.6981241703033447,0.003487467300146818,0.6182085275650024,0.7005224227905273,0.0015603796346113086,0.6120866537094116,0.7202056646347046,-0.0019924023654311895,0.6014798283576965,0.7336130142211914,-0.004622434265911579,0.6250160932540894,0.7274413704872131,-0.0007788930088281631,0.6316419839859009,0.7308146357536316,0.002006563823670149,0.6234729290008545,0.7481100559234619,0.0003540919569786638,0.6121751070022583,0.7627755403518677,-0.0019193612970411777,0.6392046213150024,0.7641996145248413,-0.004822058137506247,0.641775906085968,0.7674610018730164,-0.0014629707438871264,0.6339337229728699,0.7800006866455078,-4.866848394158296e-05,0.6222620010375977,0.7915255427360535,-0.000546971510630101,0.6474878191947937,0.8038204312324524,-0.009217429906129837,0.6469398736953735,0.805689811706543,-0.006039622705429792,0.6374399662017822,0.8152930736541748,-0.0017170475330203772,0.6265445947647095,0.8236696124076843,0.001842954778112471
0.5560641884803772,0.8540566563606262,-2.0346004703242215e-07,0.5463054776191711,0.7824081778526306,0.002031311159953475,0.5513098239898682,0.7196438312530518,-0.0004221545241307467,0.571945071220398,0.6909347772598267,-0.0037579142954200506,0.5907406210899353,0.6953408718109131,-0.0058471220545470715,0.5975682735443115,0.6821348667144775,-0.0025775146204978228,0.6147118806838989,0.6860770583152771,-0.0055001359432935715,0.6088240742683411,0.7070000171661377,-0.007944817654788494,0.596768856048584,0.7218454480171204,-0.009511436335742474,0.6192474365234375,0.7125555276870728,-0.007354893255978823,0.6294101476669312,0.7180312275886536,-0.005159962922334671,0.6209379434585571,0.7366144061088562,-0.0053082718513906,0.6090816259384155,0.7520380020141602,-0.006599733140319586,0.6340650916099548,0.7517625689506531,-0.011577598750591278,0.6404489874839783,0.7589158415794373,-0.008591958321630955,0.6314544677734375,0.7728781700134277,-0.005678873509168625,0.6191563010215759,0.7842053771018982,-0.005432525184005499,0.6424466371536255,0.7953896522521973,-0.016015876084566116,0.6451928615570068,0.8045123815536499,-0.013300588354468346,0.6348098516464233,0.8142107129096985,-0.008662139065563679,0.6233626008033752,0.8201988935470581,-0.005046956706792116
0.5595786571502686,0.8370356559753418,-1.972012171336246e-07,0.5464215278625488,0.7678396105766296,0.00248897192068398,0.5492567420005798,0.7083317041397095,-0.0002341588697163388,0.5689343810081482,0.6782061457633972,-0.003290443914011121,0.5886685252189636,0.678672194480896,-0.00500374473631382,0.5913361310958862,0.6580824851989746,-0.005600088741630316,0.6069361567497253,0.6652873754501343,-0.006267384625971317,0.6013820171356201,0.6890355348587036,-0.005722369067370892,0.590059757232666,0.7038180232048035,-0.00557671906426549,0.615989625453949,0.6858186721801758,-0.010335078462958336,0.6248771548271179,0.692275881767273,-0.006489994004368782,0.6168825030326843,0.7135464549064636,-0.004628055728971958,0.6061635613441467,0.7310751676559448,-0.00481592770665884,0.6333410143852234,0.7239373922348022,-0.013940767385065556,0.6373586654663086,0.7316115498542786,-0.009109175764024258,0.6290967464447021,0.748673141002655,-0.004602248780429363,0.6183525323867798,0.7627971172332764,-0.003899486968293786,0.6437072157859802,0.7676141262054443,-0.017669418826699257,0.6438260078430176,0.7770805954933167,-0.013406632468104362,0.6342427730560303,0.7896534204483032,-0.007484168279916048,0.6239467263221741,0.7985334396362305,-0.003261559410020709
0.5631477236747742,0.8190311193466187,-2.350976018306028e-07,0.5466558933258057,0.7515890598297119,-0.00041125871939584613,0.5491499900817871,0.6918331384658813,-0.0027310922741889954,0.5682488083839417,0.6607508659362793,-0.004563977941870689,0.5878533124923706,0.6598065495491028,-0.005337797105312347,0.6023687720298767,0.6404231786727905,-0.004150612745434046,0.6041731238365173,0.6536625623703003,-0.003796469420194626,0.596171498298645,0.6770033836364746,-0.004847053904086351,0.5865150094032288,0.69123774766922,-0.006305326241999865,0.6252675652503967,0.6717354655265808,-0.006789417937397957,0.6203895211219788,0.6790205240249634,-0.0020844307728111744,0.610836386680603,0.6987351775169373,-0.0019774718675762415,0.6021640300750732,0.7166260480880737,-0.0038262198213487864,0.6392509937286377,0.7104589939117432,-0.008480643853545189,0.6327396631240845,0.7149848341941833,-0.004018974956125021,0.6233674883842468,0.7308996319770813,-0.0006258085486479104,0.6145282983779907,0.745880126953125,-0.0005021581891924143,0.6456173658370972,0.7523266673088074,-0.01052749715745449,0.6414333581924438,0.7549086213111877,-0.007019345182925463,0.6314810514450073,0.7666792273521423,-0.0012592735001817346,0.6225211024284363,0.7772828936576843,0.003004819620400667
0.5674726366996765,0.8115482926368713,-2.365823377203924e-07,0.5479515790939331,0.7483769059181213,0.0007503721863031387,0.5482844710350037,0.6868950724601746,-0.0008565746247768402,0.5655195116996765,0.6486467719078064,-0.0017982777208089828,0.584492564201355,0.6443206071853638,-0.0013369456864893436,0.5958530306816101,0.6286958456039429,-0.004000104032456875,0.5999823212623596,0.6438895463943481,-0.0020876810885965824,0.5949540734291077,0.6679117679595947,-0.0014788082335144281,0.5873115658760071,0.6839524507522583,-0.00206969166174531,0.6216381788253784,0.6551512479782104,-0.006768472027033567,0.617965817451477,0.6653115749359131,-0.000560750428121537,0.6098636388778687,0.6863458752632141,0.0009376009693369269,0.6022516489028931,0.7054044008255005,-0.0002453130728099495,0.6386218667030334,0.6915898323059082,-0.008389067836105824,0.6325867772102356,0.6969870328903198,-0.0029146708548069,0.6242086887359619,0.7140921354293823,0.0010658309329301119,0.6160901784896851,0.7310006618499756,0.0012580313486978412,0.6483628749847412,0.7327145934104919,-0.010226537473499775,0.6434832215309143,0.7347660660743713,-0.006101591978222132,0.634239673614502,0.749005138874054,-0.00019622966647148132,0.6261293888092041,0.7622249722480774,0.003927404526621103
0.5740708708763123,0.7964645624160767,-2.66703693796444e-07,0.555087685585022,0.7386929392814636,0.003195323748514056,0.5536444783210754,0.6786693334579468,0.0033723467495292425,0.5677318572998047,0.6379994750022888,0.003523460356518626,0.5851190686225891,0.6294817924499512,0.004991249181330204,0.6005377769470215,0.619414746761322,-0.0003812465874943882,0.6065305471420288,0.6287000179290771,0.001875039772130549,0.6021682620048523,0.6553842425346375,0.0033867289312183857,0.593906819820404,0.673473060131073,0.0038555755745619535,0.6255027651786804,0.6422905921936035,-0.003991537261754274,0.6227610111236572,0.65259850025177,0.0018836426315829158,0.6147510409355164,0.676511824131012,0.0035476956982165575,0.6064950823783875,0.6953094005584717,0.0030132816173136234,0.6425259113311768,0.6755968332290649,-0.006450147833675146,0.6372461318969727,0.6840232014656067,-0.0009178649634122849,0.6291712522506714,0.7035865783691406,0.0035599118564277887,0.6212949156761169,0.719716489315033,0.004318754654377699,0.6528284549713135,0.7147712707519531,-0.008944968692958355,0.647519052028656,0.7217342257499695,-0.004475275985896587,0.6383180022239685,0.7378397583961487,0.0016119562787935138,0.6304271221160889,0.750099778175354,0.0059475586749613285
0.5855349898338318,0.7894718647003174,-2.3438028051714355e-07,0.5643587112426758,0.7340418696403503,0.00013657574891112745,0.5609772801399231,0.6764496564865112,-0.0007784635527059436,0.573803722858429,0.636252224445343,-0.0012537884758785367,0.5887929797172546,0.6222028732299805,-0.00037756995880044997,0.6062894463539124,0.6140541434288025,-0.002471850486472249,0.614989697933197,0.6256084442138672,-0.001040743663907051,0.6109352111816406,0.6508548259735107,-0.000717899005394429,0.6026239991188049,0.6667926907539368,-0.0011882184771820903,0.6324313282966614,0.6367975473403931,-0.004770106170326471,0.6328036189079285,0.649014413356781,0.0006163608632050455,0.6250485777854919,0.6706793904304504,0.0015453231753781438,0.6165259480476379,0.6884847283363342,0.0005388216231949627,0.6499590873718262,0.6700846552848816,-0.006231032311916351,0.6463429927825928,0.6818822622299194,-0.001630675164051354,0.6385695338249207,0.6987066864967346,0.0014518604148179293,0.6306511759757996,0.7139742374420166,0.0015387028688564897,0.660922110080719,0.7089017629623413,-0.00793673750013113,0.6555853486061096,0.7211018800735474,-0.0041687446646392345,0.6470562815666199,0.7343519926071167,0.0006663762615062296,0.6394962072372437,0.7448447346687317,0.00421099690720439
0.59357088804245,0.7842521071434021,-2.4242106633209914e-07,0.5735962986946106,0.7288133502006531,0.0003003243764396757,0.5716614127159119,0.673696756362915,-0.0012490927474573255,0.5858607292175293,0.6383823752403259,-0.0025725900195538998,0.6017163395881653,0.6273067593574524,-0.002596626291051507,0.6176902055740356,0.6154161095619202,-0.002883169800043106,0.6263709664344788,0.6254568696022034,-0.0018740864470601082,0.622604250907898,0.6508633494377136,-0.001559170545078814,0.614136815071106,0.6672191023826599,-0.00204890756867826,0.6426833271980286,0.6394780874252319,-0.0056423465721309185,0.6433649659156799,0.6530885100364685,-0.0008095881203189492,0.6360421776771545,0.6744228601455688,-0.00013683564611710608,0.6273618340492249,0.6906841993331909,-0.0015001376159489155,0.6586902737617493,0.6731879115104675,-0.007621002849191427,0.6549394130706787,0.6878962516784668,-0.0035030143335461617,0.6474494338035583,0.7044637799263,-0.0004556852800305933,0.6393240690231323,0.71890789270401,-0.0005336696049198508,0.6688598394393921,0.7130343317985535,-0.00985033344477415,0.6643802523612976,0.7265254855155945,-0.006459628231823444,0.6564251780509949,0.7395796775817871,-0.0017311266856268048,0.6486512422561646,0.748816192150116,0.001589026185683906
0.607564389705658,0.7865716814994812,-2.606756481782213e-07,0.5883063673973083,0.7285106182098389,-8.214329864131287e-05,0.5872012972831726,0.6720481514930725,-0.0009099264279939234,0.6014212369918823,0.6353097558021545,-0.0012021688744425774,0.6174578666687012,0.6266704797744751,-0.0002968271728605032,0.6349533200263977,0.6200084686279297,-0.001974864397197962,0.6373511552810669,0.6273964643478394,-1.1404630640754476e-05,0.6303737759590149,0.6507276892662048,0.0005283831851556897,0.6218581795692444,0.6663113236427307,0.00010247643513139337,0.6576785445213318,0.6497669816017151,-0.003963528200984001,0.6540582776069641,0.6551864743232727,0.001149255782365799,0.6447218060493469,0.6740063428878784,0.0016985281836241484,0.636832594871521,0.6904386878013611,0.0004254637169651687,0.6710487604141235,0.6869757771492004,-0.005056197755038738,0.6650190949440002,0.6912655234336853,-0.0013529577990993857,0.6561416983604431,0.7051630020141602,0.001483278232626617,0.6491803526878357,0.7198231220245361,0.0016411356627941132,0.6786041259765625,0.7287530303001404,-0.006217590533196926,0.6723698377609253,0.7310513854026794,-0.0030836528167128563,0.6642003059387207,0.7410767674446106,0.0019172080792486668,0.658541202545166,0.7501057982444763,0.005564395803958178
0.5838896036148071,0.8628295063972473,-1.9210011714676511e-07,0.5933833122253418,0.7867292165756226,0.005240481812506914,0.6174798011779785,0.7418911457061768,0.005106769967824221,0.6450278759002686,0.7402674555778503,0.0030559475999325514,0.6612370014190674,0.7618029713630676,0.0022726673632860184,0.6515823602676392,0.7216435074806213,0.006156095303595066,0.679135262966156,0.7351282835006714,0.004280594177544117,0.6704106330871582,0.7516254782676697,0.001760288723744452,0.6567198634147644,0.7554476261138916,0.00032518961234018207,0.6636360287666321,0.7636327147483826,0.0005432817852124572,0.684851884841919,0.769431471824646,0.0026045325212180614,0.6746389269828796,0.7827500104904175,0.0019896775484085083,0.6601788401603699,0.7890401482582092,0.0010670629562810063,0.6705201864242554,0.8088914155960083,-0.0047860899940133095,0.6870249509811401,0.8088933825492859,-0.002030857838690281,0.6769450902938843,0.817656397819519,0.0008386436384171247,0.6625044941902161,0.822577953338623,0.0019196955254301429,0.6723618507385254,0.8523337841033936,-0.009998085908591747,0.6839242577552795,0.8448994159698486,-0.006055694539099932,0.6730936765670776,0.8495549559593201,0.00013706143363378942,0.6606793999671936,0.8542144894599915,0.004902410786598921
0.5767598152160645,0.8622853755950928,-1.826509503644047e-07,0.5848715305328369,0.7904506325721741,0.003313532331958413,0.606787383556366,0.7435284852981567,0.002171134576201439,0.6351888179779053,0.7384281754493713,-0.0004679803969338536,0.6518062949180603,0.7607384920120239,-0.001955288928002119,0.6453841924667358,0.7201413512229919,0.003323988290503621,0.6739809513092041,0.7356080412864685,0.0008332972065545619,0.6659867763519287,0.7529770135879517,-0.0023675370030105114,0.6524674296379089,0.7573769092559814,-0.004549617879092693,0.6584830284118652,0.7620419859886169,-0.0017665476771071553,0.6795575022697449,0.7720202803611755,0.0007938811322674155,0.6701158881187439,0.7859274744987488,0.0008396493503823876,0.6560768485069275,0.7915287017822266,-4.543074101093225e-05,0.6655579805374146,0.8074413537979126,-0.0067288861609995365,0.6795079708099365,0.8145564198493958,-0.003415903076529503,0.6693636178970337,0.8227808475494385,5.2667972340714186e-05,0.6552907228469849,0.8254700899124146,0.0011923263082280755,0.6670295000076294,0.8504636287689209,-0.011911056935787201,0.6760273575782776,0.851384699344635,-0.007152948994189501,0.6647673845291138,0.8559611439704895,-0.000751267361920327,0.6526485085487366,0.8572931289672852,0.003850432112812996
0.5722929835319519,0.8649762868881226,-1.7624580550545943e-07,0.5812087059020996,0.7915739417076111,0.004547551274299622,0.6030619144439697,0.7445741295814514,0.0034819103311747313,0.6310833692550659,0.7391207218170166,0.0005679894820787013,0.6498548984527588,0.7603176236152649,-0.0010305008618161082,0.6367064714431763,0.7161271572113037,0.004518639296293259,0.6652606129646301,0.726476788520813,0.0020869832951575518,0.6590692400932312,0.7466113567352295,-0.00038513049366883934,0.6463354229927063,0.7532958388328552,-0.0019323329906910658,0.6515275239944458,0.7546541690826416,-0.0012474034447222948,0.673183262348175,0.7624548673629761,0.0009080783929675817,0.6644092202186584,0.7801960706710815,0.0009984381031244993,0.6503489017486572,0.7871993184089661,0.0003202325606252998,0.6610093712806702,0.7986247539520264,-0.006845132447779179,0.6743165850639343,0.8062439560890198,-0.0034735240042209625,0.6642809510231018,0.8189713358879089,0.00018991359684150666,0.6505610942840576,0.8236989378929138,0.0013975256588310003,0.6646125912666321,0.8423532843589783,-0.012603135779500008,0.6721804738044739,0.8465281128883362,-0.007732797414064407,0.6609485149383545,0.8540505170822144,-0.0014505598228424788,0.6492324471473694,0.8566194772720337,0.003057814436033368
0.5680473446846008,0.8651489019393921,-1.9386216365546716e-07,0.5749985575675964,0.7907566428184509,0.004093030001968145,0.5937556624412537,0.7372903227806091,0.0028394220862537622,0.6209478378295898,0.7277648448944092,-0.00036380879464559257,0.6392889618873596,0.7467261552810669,-0.0024402604904025793,0.631988525390625,0.7112417817115784,0.0048227268271148205,0.65943443775177,0.7216846942901611,0.0019461249466985464,0.6529862284660339,0.7415173649787903,-0.001513599418103695,0.6395840644836426,0.7485623955726624,-0.003810771042481065,0.6477593183517456,0.7494732141494751,-0.0009845466120168567,0.6667614579200745,0.7616171836853027,0.0005821187514811754,0.6575619578361511,0.779535174369812,-0.0003343910211697221,0.643022358417511,0.7861202955245972,-0.001797334523871541,0.6580113768577576,0.7929689288139343,-0.006725735031068325,0.6706691384315491,0.8044045567512512,-0.004084502346813679,0.6606886386871338,0.8173920512199402,-0.0009292725590057671,0.6463034152984619,0.8218064904212952,3.555011790012941e-05,0.6624715924263,0.8361785411834717,-0.01270555891096592,0.671840488910675,0.8426566123962402,-0.008910391479730606,0.660409688949585,0.8514004349708557,-0.0029014875181019306,0.6476555466651917,0.8541238307952881,0.0016339452704414725
0.5687618851661682,0.8713949918746948,-2.1592543930637476e-07,0.5699418187141418,0.7932038307189941,0.002707195468246937,0.5850302577018738,0.7311770915985107,0.0015665119281038642,0.6113866567611694,0.7070804834365845,-0.0007667570025660098,0.6298356056213379,0.7152690887451172,-0.001725128386169672,0.6306341886520386,0.7087841629981995,0.0032330539543181658,0.6545324325561523,0.7183219194412231,0.002568047260865569,0.6477598547935486,0.7357399463653564,0.0008302073110826313,0.6341579556465149,0.74274080991745,-0.0005398341454565525,0.6478598117828369,0.7476456761360168,-0.0010118978098034859,0.6610981225967407,0.7567130327224731,0.0032934187911450863,0.6523627638816833,0.7719775438308716,0.0033925864845514297,0.6386675834655762,0.7810288667678833,0.0018652755534276366,0.6582441329956055,0.7913774251937866,-0.00495594646781683,0.6657994985580444,0.7973169684410095,-0.0004717786214314401,0.6571570634841919,0.8089064359664917,0.002640948398038745,0.6434977650642395,0.8169556856155396,0.0029786545783281326,0.6631147861480713,0.8343522548675537,-0.009116221219301224,0.6691941618919373,0.8348667025566101,-0.004683369770646095,0.6592821478843689,0.8423546552658081,0.0011433132458478212,0.6471337676048279,0.8476830720901489,0.00544618908315897
0.5675604343414307,0.8670617341995239,-1.92173672530771e-07,0.5660670399665833,0.7915719747543335,0.005214825738221407,0.5778395533561707,0.7336479425430298,0.0044743712060153484,0.6000444293022156,0.7079077363014221,0.002098663942888379,0.6169852614402771,0.7091057300567627,0.0010703090811148286,0.6199379563331604,0.695489227771759,0.0029465660918504,0.6453477144241333,0.7057388424873352,0.003010361222550273,0.6427042484283447,0.7276572585105896,0.003175988094881177,0.6313058137893677,0.7403752207756042,0.0032810422126203775,0.6401735544204712,0.7274054288864136,-0.002494333079084754,0.6545617580413818,0.7419674396514893,0.002337084384635091,0.6477511525154114,0.7609758377075195,0.0032682977616786957,0.6349592804908752,0.7727919816970825,0.0023164809681475163,0.6535313725471497,0.7676143050193787,-0.007264644373208284,0.6610648036003113,0.7825769782066345,-0.0013778236461803317,0.6529174447059631,0.7969695329666138,0.001657616114243865,0.6397600769996643,0.8056445717811584,0.001352484803646803,0.6609524488449097,0.8103710412979126,-0.012177825905382633,0.6651843786239624,0.8246732354164124,-0.006528041325509548,0.6554714441299438,0.8345726728439331,-0.0015882352599874139,0.6432659029960632,0.8385198712348938,0.0016808048821985722
0.5685749053955078,0.8659897446632385,-1.8363908793617156e-07,0.5631913542747498,0.7935345768928528,0.005937378853559494,0.5708827376365662,0.7339462637901306,0.006152193993330002,0.5909539461135864,0.7019041776657104,0.004747482948005199,0.6077284812927246,0.6960625052452087,0.004574731457978487,0.6115565299987793,0.6907299160957336,0.003498022211715579,0.6373951435089111,0.693905770778656,0.004568454809486866,0.6374562978744507,0.7145056128501892,0.005882713478058577,0.6276789307594299,0.7288165092468262,0.006878872402012348,0.6329808831214905,0.7182801961898804,-0.0017409538850188255,0.6488465666770935,0.7270861268043518,0.0036435986403375864,0.643523633480072,0.7468216419219971,0.005079005379229784,0.6315417289733887,0.760944664478302,0.0046170549467206,0.6483380198478699,0.755075216293335,-0.006155851762741804,0.6576811671257019,0.7666306495666504,0.0003089074743911624,0.6506367325782776,0.7817332148551941,0.003500375896692276,0.6379469633102417,0.7925373315811157,0.003322848817333579,0.657794713973999,0.795308530330658,-0.010589072480797768,0.6634905338287354,0.8071499466896057,-0.004412564914673567,0.6547101140022278,0.8179270625114441,0.0005937607493251562,0.6427984833717346,0.8236554861068726,0.0038771291729062796
0.5684744119644165,0.8634018301963806,-2.0732919381316606e-07,0.5618398189544678,0.7915945053100586,0.007297335658222437,0.5676772594451904,0.7296023964881897,0.008287671022117138,0.5867708921432495,0.6935144662857056,0.007476648315787315,0.604712963104248,0.6886476278305054,0.007835264317691326,0.6100574135780334,0.6862435340881348,0.006145547144114971,0.6353055834770203,0.690798282623291,0.008133388124406338,0.6346027255058289,0.7121635675430298,0.009151052683591843,0.624012291431427,0.726000964641571,0.009637116454541683,0.631855309009552,0.7132604718208313,0.00044321990571916103,0.6484452486038208,0.7259193658828735,0.006933598779141903,0.642413318157196,0.7465886473655701,0.008131392300128937,0.6294853091239929,0.760384738445282,0.007204428780823946,0.6474878191947937,0.7499774694442749,-0.004331767559051514,0.6583223938941956,0.766160249710083,0.003143975045531988,0.6509389877319336,0.780863881111145,0.006551849190145731,0.6376547813415527,0.7909523844718933,0.0061854529194533825,0.6570744514465332,0.7912414073944092,-0.008992786519229412,0.6646630764007568,0.8068295121192932,-0.0020157836843281984,0.6554860472679138,0.8186356425285339,0.0035348141100257635,0.6426558494567871,0.8246020674705505,0.0070288642309606075
0.571825385093689,0.8647311925888062,-2.093254067858652e-07,0.5611748695373535,0.7934262752532959,0.004619129933416843,0.564926266670227,0.7310791611671448,0.0034299385733902454,0.580909013748169,0.6914730072021484,0.001098543405532837,0.5964773893356323,0.6799910068511963,0.00010288527846569195,0.6060703992843628,0.6810663938522339,-0.0004200213588774204,0.628257691860199,0.6797552108764648,-0.001639269175939262,0.6266758441925049,0.7033490538597107,-0.0021467211190611124,0.6153613328933716,0.7216615080833435,-0.002175608417019248,0.630192220211029,0.7092272639274597,-0.005935461726039648,0.6445563435554504,0.713204562664032,-0.002018778584897518,0.63835608959198,0.7349648475646973,-0.001154403667896986,0.6258367896080017,0.7527742981910706,-0.0018651519203558564,0.6475354433059692,0.7477716207504272,-0.010579340159893036,0.6560387015342712,0.756363034248352,-0.00558003643527627,0.6487571597099304,0.772553563117981,-0.0018017536494880915,0.6362174153327942,0.7868987917900085,-0.0014337071916088462,0.6584885120391846,0.7918394207954407,-0.015207035467028618,0.6621102094650269,0.8033018112182617,-0.010500689037144184,0.6534899473190308,0.8160572648048401,-0.004992060363292694,0.6420297622680664,0.8252120018005371,-0.001054179621860385
0.5728238224983215,0.8605763912200928,-2.136503667315992e-07,0.5624144673347473,0.7915598154067993,0.0037418906576931477,0.5638498067855835,0.7269029021263123,0.0015432549407705665,0.5786252617835999,0.6854779720306396,-0.0018633863655850291,0.5958244800567627,0.6764381527900696,-0.003951912745833397,0.60235595703125,0.6748011112213135,-0.0016665924340486526,0.6280596852302551,0.6747125387191772,-0.004123704507946968,0.6249935626983643,0.6999782919883728,-0.0057960073463618755,0.6118342876434326,0.7161142826080322,-0.006862714421004057,0.6261702179908752,0.7018572688102722,-0.007653436623513699,0.644094705581665,0.7048124670982361,-0.005357936955988407,0.6373240351676941,0.7284958958625793,-0.004773608408868313,0.6233911514282227,0.7454229593276978,-0.005501201841980219,0.6446646451950073,0.7390785813331604,-0.012921595945954323,0.6569018363952637,0.7451133131980896,-0.009300594218075275,0.6487893462181091,0.7642550468444824,-0.004843994975090027,0.6349770426750183,0.7783128023147583,-0.003846461419016123,0.656890332698822,0.7819374203681946,-0.01828359253704548,0.6637284755706787,0.790665864944458,-0.015155159868299961,0.654141366481781,0.8059177994728088,-0.009353064000606537,0.6420192718505859,0.8156630396842957,-0.005046773701906204
0.5771891474723816,0.8570659756660461,-2.075765763720483e-07,0.5645904541015625,0.7869366407394409,0.0035990853793919086,0.5643359422683716,0.7208164930343628,0.0016300836578011513,0.5789656639099121,0.67813640832901,-0.001390459481626749,0.5972848534584045,0.6707074642181396,-0.003076529363170266,0.6018833518028259,0.6725747585296631,-0.0022352240048348904,0.6264660358428955,0.666566014289856,-0.004582013934850693,0.6236910223960876,0.6909817457199097,-0.006063236854970455,0.6114605069160461,0.7080748677253723,-0.0069826082326471806,0.6262019276618958,0.6989638805389404,-0.007715815678238869,0.6429958343505859,0.6946027278900146,-0.004941148217767477,0.6367029547691345,0.7175726890563965,-0.0038612873759120703,0.6241981387138367,0.7357847094535828,-0.00440224027261138,0.645443856716156,0.7348202466964722,-0.012441817671060562,0.6560174822807312,0.7336448431015015,-0.008324999362230301,0.6486928462982178,0.7518912553787231,-0.003599410178139806,0.6361251473426819,0.767551839351654,-0.0024888827465474606,0.6581029891967773,0.7757663726806641,-0.01722174882888794,0.6625267267227173,0.7780748605728149,-0.01341372448951006,0.6537985801696777,0.7922828197479248,-0.007263363804668188,0.6431256532669067,0.8035533428192139,-0.0028417673893272877
0.5792438983917236,0.8545170426368713,-1.9911097126623645e-07,0.5650255680084229,0.7881238460540771,0.004888140596449375,0.5641594529151917,0.7227447628974915,0.0037377593107521534,0.5788119435310364,0.6781070828437805,0.0011896698269993067,0.5970404744148254,0.6672992706298828,-0.0001658791006775573,0.599889874458313,0.6767557859420776,-0.0008115416276268661,0.6243032217025757,0.6585501432418823,-0.002672555623576045,0.6225559115409851,0.680461585521698,-0.0032181800343096256,0.6116650700569153,0.6993659734725952,-0.003230671864002943,0.6235806345939636,0.7019478678703308,-0.007073546759784222,0.6434712409973145,0.6816489696502686,-0.004916100762784481,0.6376377940177917,0.7037031054496765,-0.0033520469442009926,0.6255453824996948,0.72511225938797,-0.0029859719797968864,0.642290472984314,0.7369219660758972,-0.012532799504697323,0.6580407619476318,0.7189116477966309,-0.009718064218759537,0.6505729556083679,0.737231969833374,-0.004396133124828339,0.6384759545326233,0.7562166452407837,-0.0022645210847258568,0.6549057960510254,0.77836012840271,-0.017701949924230576,0.6650456190109253,0.7640489339828491,-0.014443331398069859,0.6564350128173828,0.7777122855186462,-0.007189995609223843,0.6461359262466431,0.7927160263061523,-0.001861176802776754
0.5809189081192017,0.8485333919525146,-2.0909384090828098e-07,0.5687487125396729,0.7799667716026306,0.005057042930275202,0.5686561465263367,0.7179012894630432,0.002952919341623783,0.5832630395889282,0.6761153936386108,-0.0004899711930193007,0.6002622246742249,0.6643550395965576,-0.00272552203387022,0.6028816103935242,0.6700722575187683,-0.0033952200319617987,0.6299888491630554,0.652665376663208,-0.005188857205212116,0.6275997161865234,0.677225649356842,-0.005457421764731407,0.6153846979141235,0.6953598260879517,-0.0055322241969406605,0.6266602277755737,0.6954835057258606,-0.009953470900654793,0.6482408046722412,0.680586576461792,-0.006646287627518177,0.6423131823539734,0.7039956450462341,-0.004087388049811125,0.6291874647140503,0.7235888242721558,-0.0038114713970571756,0.6456196904182434,0.7305543422698975,-0.015539332292973995,0.6626303791999817,0.7170886993408203,-0.011143541894853115,0.6552289128303528,0.7360727787017822,-0.0048792618326842785,0.6422140002250671,0.7533287405967712,-0.003043087664991617,0.658292293548584,0.7715720534324646,-0.020941292867064476,0.6684624552726746,0.7621268630027771,-0.017067017033696175,0.6596609354019165,0.7767188549041748,-0.009559985250234604,0.6485095620155334,0.7902924418449402,-0.00440917769446969
0.5829537510871887,0.8465378880500793,-1.9570491360809683e-07,0.5737385153770447,0.7766871452331543,0.004714100621640682,0.5747121572494507,0.7131205201148987,0.002656354568898678,0.5896741151809692,0.6678993701934814,-0.0005693425191566348,0.6062836050987244,0.6515658497810364,-0.002306737471371889,0.6070132851600647,0.6701719760894775,-0.00429592514410615,0.6384801268577576,0.6525421738624573,-0.006083376705646515,0.6369928121566772,0.6760567426681519,-0.0055936966091394424,0.6245086789131165,0.692403256893158,-0.005020920652896166,0.6288297772407532,0.6976997256278992,-0.01052443403750658,0.6553428173065186,0.6815487742424011,-0.007710831239819527,0.6502029299736023,0.7036056518554688,-0.00493992492556572,0.6360674500465393,0.7208169102668762,-0.00444455211982131,0.646475076675415,0.7339668273925781,-0.015716232359409332,0.6683046221733093,0.7194398641586304,-0.0116202924400568,0.6612768769264221,0.7371280193328857,-0.0051305885426700115,0.6470109820365906,0.7521334886550903,-0.003113806713372469,0.6584397554397583,0.7756091356277466,-0.02067994326353073,0.6724482178688049,0.764374852180481,-0.017064562067389488,0.6634563207626343,0.7780178785324097,-0.009566966444253922,0.6509000062942505,0.7900362014770508,-0.0044516269117593765
0.5832002758979797,0.8479648232460022,-1.8827768144547008e-07,0.5758121609687805,0.7778050303459167,0.0026790383271872997,0.5804873704910278,0.7134196758270264,-2.2814361727796495e-05,0.5985410809516907,0.6683255434036255,-0.003611550200730562,0.6168976426124573,0.6503517627716064,-0.00561706954613328,0.6119020581245422,0.6709473133087158,-0.004729031585156918,0.6446499824523926,0.6560061573982239,-0.008449291810393333,0.6437556147575378,0.6778813600540161,-0.009917705319821835,0.6312656402587891,0.6925923824310303,-0.010422822088003159,0.6323171257972717,0.7016997933387756,-0.010198208503425121,0.6599920392036438,0.6860911846160889,-0.009332561865448952,0.6554812788963318,0.7065874934196472,-0.008165334351360798,0.6413496136665344,0.7218599319458008,-0.00845240242779255,0.6491026878356934,0.7409405708312988,-0.014962303452193737,0.6725184321403503,0.7253336310386658,-0.013235226273536682,0.6654927134513855,0.7419900894165039,-0.00777776725590229,0.6508400440216064,0.7557905316352844,-0.005701026413589716,0.6606246829032898,0.7844646573066711,-0.019589481875300407,0.6760165095329285,0.7713639736175537,-0.01744251511991024,0.667081892490387,0.7839027047157288,-0.010435433126986027,0.6543918251991272,0.7951250672340393,-0.005305885337293148
0.5820163488388062,0.8416179418563843,-2.1628493129810522e-07,0.5799551010131836,0.7701594233512878,0.004818535875529051,0.5879017114639282,0.7100682854652405,0.003777644131332636,0.6073867082595825,0.6705090999603271,0.0014666677452623844,0.6227112412452698,0.6541578769683838,0.0004412153793964535,0.623176634311676,0.6677080988883972,-0.0012519907904788852,0.6542292237281799,0.6623155474662781,-0.00280762929469347,0.6515792012214661,0.6844065189361572,-0.003477517981082201,0.6384366750717163,0.6968242526054382,-0.0037473016418516636,0.6416311860084534,0.7003695964813232,-0.006776212714612484,0.6671067476272583,0.6971624493598938,-0.0031269637402147055,0.6614554524421692,0.7167794108390808,-0.0015677176415920258,0.646757185459137,0.729124128818512,-0.0022387991193681955,0.6558105945587158,0.741000235080719,-0.0113851772621274,0.6756746172904968,0.7392786741256714,-0.006675790995359421,0.6683268547058105,0.7535363435745239,-0.0017779767513275146,0.6531832218170166,0.7635462284088135,-0.0008736377349123359,0.6642799973487854,0.7844598889350891,-0.01589495874941349,0.6783044338226318,0.7819346189498901,-0.011326749809086323,0.6689450740814209,0.7926980257034302,-0.004578988533467054,0.6554836630821228,0.8004745841026306,-9.7499112598598e-05
0.5822432041168213,0.8403177261352539,-1.8170980808918102e-07,0.5820627212524414,0.7679188847541809,0.004900554195046425,0.594133198261261,0.709494948387146,0.004401796031743288,0.6158584952354431,0.6767627000808716,0.002462990814819932,0.6323949694633484,0.6710487008094788,0.001794731244444847,0.6279663443565369,0.6709713339805603,0.0010066685499623418,0.66023850440979,0.6682054996490479,-0.00015154358698055148,0.6595712900161743,0.6900779008865356,-0.0006048113573342562,0.647748589515686,0.70225590467453,-0.0006227330304682255,0.6459155082702637,0.7046732306480408,-0.004389203153550625,0.6724210977554321,0.7055918574333191,-0.0008463397389277816,0.6674053072929382,0.7254243493080139,0.0002956412499770522,0.6531959176063538,0.7360461950302124,-0.0003160844789817929,0.6592794060707092,0.7461975812911987,-0.009026126936078072,0.6793818473815918,0.7477322816848755,-0.004252048209309578,0.6724361777305603,0.7622856497764587,0.00028466503135859966,0.6579990983009338,0.7709276676177979,0.0012533183908089995,0.6668418049812317,0.7899160981178284,-0.013604700565338135,0.6813243627548218,0.7889132499694824,-0.008217311464250088,0.6725743412971497,0.7989194989204407,-0.0012487596832215786,0.6597224473953247,0.8050858974456787,0.0033872679341584444
0.5805584192276001,0.8396724462509155,-1.8246917932174256e-07,0.5828689336776733,0.7646297216415405,0.005216091405600309,0.5979416966438293,0.7087236642837524,0.003940381109714508,0.622992992401123,0.6849318742752075,0.0009937144350260496,0.6415166258811951,0.6890117526054382,-0.0007633242639712989,0.6306194067001343,0.6737053394317627,0.0006296973442658782,0.6656209826469421,0.6757868528366089,-0.0010970687726512551,0.6623710989952087,0.6981011033058167,-0.0020889872685074806,0.6488206386566162,0.7084183096885681,-0.002575607504695654,0.6477203965187073,0.7083297371864319,-0.005269759334623814,0.6760289072990417,0.7123880386352539,-0.0016373671824112535,0.6696255803108215,0.7324972152709961,-6.285608833422884e-05,0.654885470867157,0.7417035102844238,-0.0005870686145499349,0.6604128479957581,0.7501173615455627,-0.010456460528075695,0.6812130808830261,0.753163754940033,-0.004982596728950739,0.6732219457626343,0.768393874168396,0.000622034422121942,0.6587543487548828,0.7759847044944763,0.00201066629961133,0.6675865650177002,0.7931661605834961,-0.01568990759551525,0.6824262738227844,0.7915478348731995,-0.009423114359378815,0.67271488904953,0.8024377226829529,-0.001539123128168285,0.6599835157394409,0.8083857893943787,0.0034689486492425203
0.5793421268463135,0.8362360000610352,-1.9077910451414937e-07,0.5846503973007202,0.7619826793670654,0.006727483123540878,0.6011170744895935,0.7117468118667603,0.0059388624504208565,0.6273568272590637,0.7003332376480103,0.0027259367052465677,0.6469768285751343,0.712944746017456,0.0003527587978169322,0.6361504793167114,0.6781227588653564,0.00441385805606842,0.6660829186439514,0.6820365190505981,0.0026596321258693933,0.6635027527809143,0.7041356563568115,0.0005907376180402935,0.652062177658081,0.7148922085762024,-0.0009347444865852594,0.6525245904922485,0.7106711268424988,-0.0026460480876266956,0.677034854888916,0.7163664698600769,0.0004248641198500991,0.6698957681655884,0.736966073513031,0.0008014226332306862,0.6552271246910095,0.7457797527313232,-0.0002851657918654382,0.6639999747276306,0.7504744529724121,-0.009171506389975548,0.6806530952453613,0.7588061690330505,-0.003814691212028265,0.6713903546333313,0.7743896842002869,0.000604674918577075,0.657213568687439,0.7799393534660339,0.0012590385740622878,0.6695957183837891,0.7924869060516357,-0.015848670154809952,0.6801139116287231,0.7988535761833191,-0.00977301225066185,0.6693687438964844,0.8096256852149963,-0.0030624831560999155,0.6569137573242188,0.8127755522727966,0.0010965412948280573
0.5767883658409119,0.8333761096000671,-1.7304074617641163e-07,0.5846260786056519,0.7618111371994019,0.007159255910664797,0.6050694584846497,0.7158382534980774,0.00678314408287406,0.6315540671348572,0.71086585521698,0.0035972478799521923,0.6502657532691956,0.7278525829315186,0.0012875670799985528,0.637234628200531,0.6821755766868591,0.007895826362073421,0.6686729192733765,0.6920596361160278,0.005571268033236265,0.6652507781982422,0.7140052914619446,0.0024641703348606825,0.6531586647033691,0.7236577868461609,0.0002964130253531039,0.6513782143592834,0.7132339477539062,0.0002543371228966862,0.6783137321472168,0.7229984402656555,0.0017454767366871238,0.670443594455719,0.7433485388755798,0.0008858300861902535,0.6551470756530762,0.7510799169540405,-0.0004707503831014037,0.6614090204238892,0.7512543201446533,-0.00716873724013567,0.6811303496360779,0.7631744146347046,-0.00289762276224792,0.6712082028388977,0.7786329984664917,0.001005113939754665,0.6567014455795288,0.7826613783836365,0.0018081368179991841,0.6659168004989624,0.7917529344558716,-0.0147826774045825,0.678902268409729,0.7998205423355103,-0.00873502716422081,0.6678834557533264,0.8107288479804993,-0.0020374602172523737,0.6554080843925476,0.8130167126655579,0.002148668747395277
0.5729262828826904,0.8354238271713257,-1.8448869809617463e-07,0.5829436182975769,0.7657211422920227,0.007965619675815105,0.6056076884269714,0.7208874821662903,0.008081779815256596,0.6327778100967407,0.7163875102996826,0.005390634760260582,0.6511173844337463,0.7349468469619751,0.0035793709103018045,0.6378093361854553,0.6860735416412354,0.008737289346754551,0.6698353886604309,0.7007142901420593,0.006557660177350044,0.6635544896125793,0.721940279006958,0.003377842251211405,0.6501672863960266,0.727645218372345,0.0010688421316444874,0.650269627571106,0.7185205221176147,0.0007761662127450109,0.6782317757606506,0.7299706339836121,0.0026395528111606836,0.6686761379241943,0.7496795058250427,0.0023308098316192627,0.6531843543052673,0.7559177279472351,0.001382641727104783,0.6588260531425476,0.7577599883079529,-0.006894802674651146,0.6801207065582275,0.7703743577003479,-0.002542811445891857,0.6691712141036987,0.7856263518333435,0.0020209960639476776,0.6545795798301697,0.7887200713157654,0.0033728384878486395,0.6619263291358948,0.799129068851471,-0.014649470336735249,0.6773068308830261,0.8064731955528259,-0.008350209333002567,0.6652864813804626,0.8178750872612,-0.00088832265464589,0.6527323722839355,0.8201442360877991,0.0038908065762370825
0.5695555806159973,0.8357749581336975,-1.74533226982021e-07,0.5834202766418457,0.7635875940322876,0.008817765861749649,0.6069807410240173,0.7218743562698364,0.009048476815223694,0.6329494118690491,0.7219981551170349,0.0065115406177937984,0.6496682167053223,0.7447007298469543,0.004733306355774403,0.6366783380508423,0.6891249418258667,0.007378691807389259,0.668824315071106,0.708771824836731,0.0055501582100987434,0.6628217101097107,0.7305741310119629,0.0030942820012569427,0.649422287940979,0.7358923554420471,0.001329476828686893,0.6494460105895996,0.723987877368927,-0.0006259141373448074,0.6772816181182861,0.7404730916023254,0.0021984470076858997,0.6679787635803223,0.7602770328521729,0.0026871515437960625,0.6526591777801514,0.7656825184822083,0.0020489997696131468,0.657903254032135,0.7654699087142944,-0.008069204166531563,0.6784842014312744,0.7829378843307495,-0.0027302796952426434,0.6676612496376038,0.7974819540977478,0.0018408609321340919,0.6530942916870117,0.7993487119674683,0.002951952163130045,0.6605103611946106,0.8083246946334839,-0.015486188232898712,0.6742983460426331,0.8206365704536438,-0.008438481949269772,0.6626108884811401,0.8312512636184692,-0.0011299195466563106,0.6503120064735413,0.8318540453910828,0.003441799432039261
0.5649462938308716,0.835072934627533,-1.7155031173388124e-07,0.58056640625,0.7651150226593018,0.008683457970619202,0.6056551337242126,0.7246376872062683,0.00859341211616993,0.632823646068573,0.7266873121261597,0.005680945236235857,0.6500091552734375,0.7511314153671265,0.003618077840656042,0.6352264285087585,0.6922836303710938,0.00770115340128541,0.6683871150016785,0.717292308807373,0.005219383630901575,0.6610686182975769,0.7387480735778809,0.0020216326229274273,0.646750271320343,0.7421074509620667,-0.00016974656318780035,0.6465426087379456,0.7287454605102539,-0.00045699390466324985,0.6749229431152344,0.7515228390693665,0.002060853410512209,0.6650961637496948,0.7701014876365662,0.0023126862943172455,0.6494690179824829,0.7730864882469177,0.0013998020440340042,0.6534876823425293,0.7709615230560303,-0.008172539062798023,0.6758267879486084,0.7915741801261902,-0.003285833168774843,0.6647250056266785,0.8051674365997314,0.0017088863532990217,0.6497029662132263,0.8051409125328064,0.003196252742782235,0.6548442244529724,0.8135514259338379,-0.015884771943092346,0.6712070107460022,0.8265169858932495,-0.008885891176760197,0.6593856811523438,0.8370097279548645,-0.0008818230126053095,0.6466553211212158,0.8369359374046326,0.004181079100817442
0.5612035989761353,0.8351809978485107,-1.6432403526778216e-07,0.5780652761459351,0.7639355659484863,0.00918866228312254,0.6041114330291748,0.725091278553009,0.009553602896630764,0.6310276389122009,0.7283280491828918,0.007063291501253843,0.647213339805603,0.7513838410377502,0.005565600469708443,0.6312890648841858,0.6903954148292542,0.009144369512796402,0.6635684370994568,0.7169040441513062,0.00755353644490242,0.6568965911865234,0.7383667826652527,0.005201499909162521,0.6429694890975952,0.7421860098838806,0.003544122911989689,0.6441335082054138,0.7266026735305786,0.0011872171889990568,0.6702918410301208,0.7513288855552673,0.0044717006385326385,0.6611773371696472,0.7700502872467041,0.004796214867383242,0.6464520692825317,0.7733049988746643,0.0038666739128530025,0.6524792909622192,0.7687678337097168,-0.006284006405621767,0.6720840334892273,0.7910480499267578,-0.0009634270099923015,0.6611534953117371,0.8052628040313721,0.0035211367066949606,0.6465979218482971,0.8055437207221985,0.00467344606295228,0.6552700400352478,0.8113778233528137,-0.013720204122364521,0.6693634986877441,0.8271644115447998,-0.006676017306745052,0.6579179763793945,0.8385199904441833,0.0007400413742288947,0.6456406712532043,0.8387424945831299,0.0055208271369338036
0.5578198432922363,0.8346323370933533,-1.684884125552344e-07,0.5749469995498657,0.7654023170471191,0.009769702330231667,0.5999070405960083,0.726598858833313,0.009769278578460217,0.6258115172386169,0.7305485606193542,0.006551099941134453,0.6424117684364319,0.7535278797149658,0.004230942577123642,0.6287609934806824,0.6910402178764343,0.009467000141739845,0.6587076187133789,0.7169781923294067,0.007277399767190218,0.6524355411529541,0.7387807965278625,0.004059899132698774,0.6384031176567078,0.7416830658912659,0.001816013129428029,0.6411331295967102,0.7275791764259338,0.0007991932798177004,0.6656759977340698,0.7536388635635376,0.0038366508670151234,0.6568467617034912,0.7730010747909546,0.003468148410320282,0.6416512727737427,0.7750962972640991,0.0018191947601735592,0.6489531993865967,0.7702032923698425,-0.007421510759741068,0.6676415801048279,0.7953060865402222,-0.0022232814226299524,0.6573675870895386,0.8098297715187073,0.0015444199088960886,0.6423243284225464,0.8090765476226807,0.002024552319198847,0.6514551043510437,0.8131691813468933,-0.01561759039759636,0.6648765206336975,0.8339224457740784,-0.00880495272576809,0.654344379901886,0.8453494310379028,-0.002103741280734539,0.6415456533432007,0.8444313406944275,0.0020712942350655794
0.5553516149520874,0.8321362733840942,-1.773042583863571e-07,0.5672288537025452,0.7587154507637024,0.00857826042920351,0.5877960324287415,0.7173929810523987,0.007916713133454323,0.6127492785453796,0.720870852470398,0.004587504081428051,0.6279361844062805,0.7457973957061768,0.0020232682581990957,0.6271374821662903,0.685810387134552,0.006611165124922991,0.6528925895690918,0.7186577916145325,0.0061860536225140095,0.6462844014167786,0.7403295636177063,0.004482226446270943,0.6327131986618042,0.7437860369682312,0.0026310551911592484,0.6423932313919067,0.7227643132209778,-0.0012160077458247542,0.6592854261398315,0.7554917931556702,0.0034545043017715216,0.6501217484474182,0.773629903793335,0.0035462018568068743,0.6362656950950623,0.7763460874557495,0.0015726786805316806,0.6508328914642334,0.7657070159912109,-0.008330664597451687,0.6625718474388123,0.7960076928138733,-0.0025527139659971,0.652201771736145,0.8094191551208496,0.00029463606188073754,0.6383090615272522,0.8086483478546143,-0.00026355794398114085,0.6530622839927673,0.8093420267105103,-0.015449650585651398,0.6605144739151001,0.8355889916419983,-0.009450288489460945,0.65028977394104,0.8466088175773621,-0.004302231129258871,0.6382260918617249,0.844561755657196,-0.0011350068962201476
0.5578124523162842,0.830883264541626,-1.5143947962314996e-07,0.5662927627563477,0.758247435092926,0.006960081402212381,0.5825530886650085,0.716552197933197,0.004467630758881569,0.6044744849205017,0.7172983288764954,-0.0006379795959219337,0.6188061833381653,0.738653302192688,-0.004856436979025602,0.621486246585846,0.6834062933921814,0.0033326279371976852,0.6476810574531555,0.7086189389228821,0.0013847413938492537,0.6429909467697144,0.7327241897583008,-0.0003779420512728393,0.6297579407691956,0.7410082221031189,-0.0017289057141169906,0.6384319067001343,0.7174778580665588,-0.004200818482786417,0.6547669172286987,0.7439917325973511,-0.001568595296703279,0.6465402245521545,0.7644266486167908,-0.002074744552373886,0.6326385736465454,0.7712876796722412,-0.0037456112913787365,0.6492078900337219,0.7582294344902039,-0.011070851236581802,0.6592880487442017,0.7833171486854553,-0.006786389276385307,0.6492347717285156,0.7990564703941345,-0.004345479421317577,0.6353946924209595,0.802607536315918,-0.004605002235621214,0.6543382406234741,0.8014978170394897,-0.018028009682893753,0.6591312885284424,0.8240271210670471,-0.013350501656532288,0.6484960913658142,0.8355622887611389,-0.008701900951564312,0.6360689401626587,0.8365366458892822,-0.005426636431366205
0.5583922863006592,0.8276464343070984,-1.8046625882561784e-07,0.5632962584495544,0.7555486559867859,0.006738482508808374,0.5775404572486877,0.7108994722366333,0.004800009075552225,0.6007211208343506,0.7073322534561157,0.00037435899139381945,0.6159534454345703,0.7275334000587463,-0.003351137274876237,0.6180368661880493,0.6789734363555908,0.004473614972084761,0.6414477229118347,0.703516960144043,0.0028475418221205473,0.6353142261505127,0.7260886430740356,0.00036600741441361606,0.6220750212669373,0.7337179183959961,-0.001869939616881311,0.6359780430793762,0.7095491886138916,-0.0029143227729946375,0.6493185758590698,0.7367843389511108,-0.0001751037925714627,0.6407121419906616,0.7559824585914612,-0.0014886518474668264,0.6273489594459534,0.7630660533905029,-0.003848102642223239,0.6471042037010193,0.7475805282592773,-0.00964061077684164,0.655174732208252,0.7739470601081848,-0.005802274215966463,0.6451125144958496,0.7884081602096558,-0.0039410036988556385,0.6320270895957947,0.7917158007621765,-0.0045529999770224094,0.6524345278739929,0.7895956039428711,-0.01642666384577751,0.6567597389221191,0.8131097555160522,-0.012622655369341373,0.6457712650299072,0.8243891596794128,-0.008451690897345543,0.6334217190742493,0.8251730799674988,-0.005390964448451996
0.5616604089736938,0.8286287188529968,-1.9852407717735332e-07,0.5591632127761841,0.7566002607345581,0.004287213087081909,0.5710499286651611,0.7067713737487793,0.0021561267785727978,0.5956954956054688,0.6995370984077454,-0.001545988954603672,0.6136663556098938,0.71894371509552,-0.004450226668268442,0.6143766045570374,0.6753634214401245,0.00020772275456693023,0.632127583026886,0.693082332611084,-0.001835819217376411,0.6256937384605408,0.7149931192398071,-0.003656600834801793,0.6135686635971069,0.7252801656723022,-0.005354683380573988,0.6344972252845764,0.7051084637641907,-0.005661406088620424,0.643832266330719,0.7258361577987671,-0.0030936545226722956,0.6352049708366394,0.7448288202285767,-0.003378955414518714,0.6235278844833374,0.754820704460144,-0.005171028431504965,0.6477572917938232,0.7431291341781616,-0.010949497111141682,0.6518690586090088,0.7668782472610474,-0.007875536568462849,0.6414303183555603,0.7805339694023132,-0.00599974300712347,0.6289622783660889,0.7854083180427551,-0.006786532234400511,0.6547060012817383,0.7859298586845398,-0.016397887840867043,0.6552479863166809,0.8097788095474243,-0.013639416545629501,0.643557608127594,0.8203979134559631,-0.010219386778771877,0.6318156719207764,0.8213269114494324,-0.007816002704203129
0.5632621049880981,0.825558602809906,-2.2230631202546647e-07,0.5594627857208252,0.7566078901290894,0.007515431381762028,0.5707295536994934,0.7084112167358398,0.00648339232429862,0.5947504639625549,0.6964178681373596,0.003690639277920127,0.6132264733314514,0.7116914987564087,0.00156586233060807,0.6110657453536987,0.6722272634506226,0.00021500307775568217,0.6301730275154114,0.6921191215515137,0.0003591569256968796,0.6234869956970215,0.7159249186515808,0.0005835571209900081,0.6114110946655273,0.7259798049926758,-0.00015339889796450734,0.6320565938949585,0.6993686556816101,-0.006590479053556919,0.64131098985672,0.7251999378204346,-0.0017685021739453077,0.6322490572929382,0.745965301990509,-0.0005498919636011124,0.6209694147109985,0.7562187910079956,-0.001970758428797126,0.6458852291107178,0.7367686629295349,-0.012140273116528988,0.6491004824638367,0.7651453614234924,-0.007006375584751368,0.6380948424339294,0.780447244644165,-0.003945484291762114,0.6261623501777649,0.7860097289085388,-0.0047534252516925335,0.6540066003799438,0.7799897193908691,-0.01746450737118721,0.653351366519928,0.8073952198028564,-0.013137740083038807,0.6411979794502258,0.8189566731452942,-0.009101301431655884,0.6296786069869995,0.8192651271820068,-0.006793677341192961
0.5650235414505005,0.8222828507423401,-2.0686375989953376e-07,0.5607649683952332,0.7536100149154663,0.0051263319328427315,0.571136474609375,0.7075126767158508,0.0034155778121203184,0.5953361988067627,0.697488009929657,0.0005927373422309756,0.6153031587600708,0.7149000763893127,-0.0013450561091303825,0.6119540333747864,0.6716577410697937,-0.00036805105628445745,0.6277716159820557,0.6926916241645813,-0.0006017389241605997,0.6218697428703308,0.7155503034591675,-0.0013529720017686486,0.6108886003494263,0.7251763343811035,-0.002936373930424452,0.6334738731384277,0.6995596885681152,-0.005973124876618385,0.6400616765022278,0.7233478426933289,-0.0020761138293892145,0.6316741704940796,0.7429084777832031,-0.00214566383510828,0.6208890676498413,0.7532795667648315,-0.004340412560850382,0.6469768285751343,0.7360303997993469,-0.010498792864382267,0.6482983827590942,0.7614041566848755,-0.0061759683303534985,0.6384666562080383,0.7760720252990723,-0.003304834011942148,0.6275433301925659,0.7827615141868591,-0.003930998500436544,0.6545447111129761,0.778188169002533,-0.01498424168676138,0.6533141732215881,0.8007468581199646,-0.011368386447429657,0.6423693895339966,0.8116531372070312,-0.007064886391162872,0.6315011978149414,0.8133535385131836,-0.0042872740887105465
0.5702304244041443,0.8238908052444458,-2.07979866218011e-07,0.5619036555290222,0.755875289440155,0.002699632663279772,0.5736590027809143,0.707223117351532,0.0015045545296743512,0.599032461643219,0.6929100751876831,-0.00018722326785791665,0.6182385087013245,0.7065581679344177,-0.0005924035212956369,0.6121005415916443,0.6718133687973022,-6.233506428543478e-05,0.6263943314552307,0.6890119910240173,-0.00015934936527628452,0.6198437213897705,0.7119187116622925,-0.00022597114730160683,0.6096262335777283,0.7230581045150757,-0.0009865742176771164,0.6340472102165222,0.6984455585479736,-0.0036540364380925894,0.6387767791748047,0.718656063079834,0.00024798838421702385,0.6302663683891296,0.7376567125320435,0.0007839707541279495,0.6205523014068604,0.7493324279785156,-0.0007910925196483731,0.647861897945404,0.7332831025123596,-0.006664954125881195,0.6479881405830383,0.7536751627922058,-0.003512599505484104,0.6383908987045288,0.7681124806404114,-0.001069664373062551,0.6278741359710693,0.7776978015899658,-0.001482753548771143,0.6559887528419495,0.7725909352302551,-0.009761359542608261,0.6539036631584167,0.7909620404243469,-0.007008386310189962,0.6431106328964233,0.8022931218147278,-0.0033122547902166843,0.6333274245262146,0.8075478076934814,-0.000814393104519695
0.5730608701705933,0.8292585611343384,-2.1612856926367385e-07,0.5602568984031677,0.7673410773277283,0.002749729435890913,0.5670797824859619,0.7175055146217346,0.0013435127912089229,0.5910177826881409,0.6974983811378479,-0.00017404952086508274,0.6118765473365784,0.7066829800605774,-0.0005333776352927089,0.6108521223068237,0.6746999025344849,-0.002164111938327551,0.6225948333740234,0.6891990900039673,-0.0014033863553777337,0.616711437702179,0.711227536201477,-0.0008425721316598356,0.6072719693183899,0.7233007550239563,-0.0014230564702302217,0.6330686807632446,0.6998923420906067,-0.005756001453846693,0.6372103095054626,0.7162842154502869,-0.0009745610877871513,0.629163920879364,0.7353435754776001,0.0005160756409168243,0.6201937794685364,0.749112606048584,-0.0005772311124019325,0.6473880410194397,0.7342804074287415,-0.008455108851194382,0.6474466323852539,0.7520754933357239,-0.004036287777125835,0.6384227871894836,0.766255259513855,-0.0006295547937043011,0.6287861466407776,0.7772465944290161,-0.0007869011024013162,0.6556968688964844,0.7746211886405945,-0.011237293481826782,0.6536296606063843,0.7905786037445068,-0.007580010686069727,0.6435680389404297,0.8019190430641174,-0.0033164434134960175,0.634414553642273,0.8076314330101013,-0.0006335755460895598
0.5737903714179993,0.8289417028427124,-2.351215329099432e-07,0.56010901927948,0.7649451494216919,0.008127754554152489,0.5669211149215698,0.7146413922309875,0.011761216446757317,0.5904144644737244,0.695519745349884,0.014617277309298515,0.6102940440177917,0.7060868740081787,0.018406422808766365,0.6131099462509155,0.6757877469062805,0.009114175103604794,0.6248304843902588,0.6863033771514893,0.01740931160748005,0.6188093423843384,0.7064632177352905,0.021943721920251846,0.6095664501190186,0.7185853123664856,0.023407137021422386,0.6351568102836609,0.7020903825759888,0.005495639983564615,0.6393256783485413,0.7149257659912109,0.01746203564107418,0.6310243606567383,0.7335821986198425,0.02054346725344658,0.621814489364624,0.7470413446426392,0.019750501960515976,0.648163378238678,0.7370418310165405,0.0032636295072734356,0.6493444442749023,0.7514501810073853,0.013606113381683826,0.6402968764305115,0.7645753622055054,0.01666189916431904,0.6304949522018433,0.7758815288543701,0.015250972472131252,0.6557807326316833,0.778339684009552,0.0015042319428175688,0.6546001434326172,0.7891262769699097,0.009972874075174332,0.644989013671875,0.7995002269744873,0.014861716888844967,0.6355289220809937,0.8058770895004272,0.017171476036310196
0.575446367263794,0.8282995223999023,-2.3201731380595447e-07,0.5615021586418152,0.7679005265235901,0.005613205023109913,0.5672922730445862,0.7168635129928589,0.007322496268898249,0.589921236038208,0.6940703988075256,0.008516371250152588,0.6091497540473938,0.7007485032081604,0.010889959521591663,0.6127675771713257,0.6757581233978271,0.0062127686105668545,0.6235764026641846,0.6843382120132446,0.011741106398403645,0.6173818111419678,0.705376923084259,0.014401412568986416,0.6083517074584961,0.7186336517333984,0.014968330971896648,0.6344969272613525,0.7000992298126221,0.002991235349327326,0.6378430724143982,0.7104092240333557,0.012287640012800694,0.6297203898429871,0.7297856211662292,0.01435054000467062,0.6210988163948059,0.7444721460342407,0.013287766836583614,0.6480202078819275,0.7333673238754272,0.0008626823546364903,0.6485838294029236,0.7436263561248779,0.008964811451733112,0.6402406692504883,0.757864773273468,0.012212610803544521,0.6310669183731079,0.7710140943527222,0.011546868830919266,0.6565090417861938,0.7733922600746155,-0.0010328596690669656,0.6555091738700867,0.7794653177261353,0.006202336400747299,0.6463711261749268,0.7903742790222168,0.01161306444555521,0.6374549269676208,0.798634946346283,0.01469034980982542
0.574984073638916,0.8244301676750183,-2.0939582157097902e-07,0.5612406730651855,0.7678362131118774,0.004286717623472214,0.5664555430412292,0.7161171436309814,0.004489386919885874,0.5882020592689514,0.6916666030883789,0.004216252826154232,0.6072888374328613,0.6969928741455078,0.005084390286356211,0.61068195104599,0.673590898513794,0.001749754068441689,0.6255646347999573,0.6833125352859497,0.004678331781178713,0.6203539371490479,0.7041459083557129,0.006396107375621796,0.6103004217147827,0.7162883877754211,0.006713087670505047,0.6318503618240356,0.6984453797340393,-0.001945451949723065,0.6399275660514832,0.7097075581550598,0.004933888558298349,0.6329562067985535,0.7290375828742981,0.007013741414994001,0.6237807273864746,0.7427923679351807,0.006340199615806341,0.6459665298461914,0.7317755222320557,-0.004652163479477167,0.6505876183509827,0.7439684867858887,0.0016911252168938518,0.6430923342704773,0.758048415184021,0.005305162630975246,0.6332266926765442,0.7697524428367615,0.005219501908868551,0.6546180844306946,0.7707558870315552,-0.007308552507311106,0.657184362411499,0.7792022228240967,-0.0014182882150635123,0.6485975980758667,0.7902898192405701,0.003952238243073225,0.6392545104026794,0.7980648875236511,0.007199540268629789
0.5774142742156982,0.827081024646759,-2.3766735068875278e-07,0.5615021586418152,0.7705289721488953,0.004144913516938686,0.5662475228309631,0.7179861068725586,0.005442246329039335,0.5873686671257019,0.689324140548706,0.006669504567980766,0.6047517657279968,0.6893079876899719,0.00913141667842865,0.6137979626655579,0.6737141609191895,0.003441925160586834,0.6236240863800049,0.681279182434082,0.008770287036895752,0.6171981692314148,0.7023906707763672,0.011480697430670261,0.6083559989929199,0.7156090140342712,0.01217090617865324,0.6354236602783203,0.7003141045570374,0.0009181697969324887,0.6384769082069397,0.707561731338501,0.010359789244830608,0.6307274699211121,0.7261122465133667,0.013072306290268898,0.6226138472557068,0.7406232953071594,0.012362230569124222,0.6487258076667786,0.734761118888855,-0.0004916870966553688,0.6493462324142456,0.7416523098945618,0.007749171927571297,0.6417263746261597,0.7547413110733032,0.011358484625816345,0.6330828666687012,0.7678369879722595,0.010836093686521053,0.6564924120903015,0.7744002342224121,-0.0017920754617080092,0.65611732006073,0.7770825028419495,0.0055638584308326244,0.6477343440055847,0.7869964838027954,0.011127116158604622,0.6394316554069519,0.795877993106842,0.014189998619258404
0.5772403478622437,0.8344721794128418,-2.4544002030779666e-07,0.5603471398353577,0.7712137699127197,0.005907206330448389,0.5671330690383911,0.716759443283081,0.008827786892652512,0.5897150635719299,0.686171293258667,0.011535241268575191,0.6071285605430603,0.6843922138214111,0.01590803638100624,0.6104778051376343,0.6724076867103577,0.008329988457262516,0.6224200129508972,0.6767750382423401,0.01655689813196659,0.6164249181747437,0.698358952999115,0.021785005927085876,0.6083939075469971,0.7139072418212891,0.023949947208166122,0.6340916752815247,0.6993496417999268,0.005990209989249706,0.6379414200782776,0.7044610977172852,0.01762896217405796,0.6293329000473022,0.722449004650116,0.021051233634352684,0.6213743686676025,0.7382391095161438,0.020532824099063873,0.6486114859580994,0.7360913753509521,0.004776705056428909,0.6505428552627563,0.7379381060600281,0.014130662195384502,0.6421117782592773,0.7516605257987976,0.017232568934559822,0.632943868637085,0.7681421637535095,0.016020435839891434,0.6579536199569702,0.7793323397636414,0.003931177314370871,0.6576133966445923,0.7781491875648499,0.011781888082623482,0.6481925845146179,0.78862464427948,0.01684941165149212,0.6398476958274841,0.8008673787117004,0.01932344026863575
0.5738469362258911,0.8307210803031921,-2.0733735084377258e-07,0.5603681206703186,0.7725939154624939,0.006201824173331261,0.564534604549408,0.7169721722602844,0.007773148361593485,0.5847560167312622,0.6858590841293335,0.008474963717162609,0.6031815409660339,0.6851943731307983,0.01028526108711958,0.6097559332847595,0.6759259104728699,0.004195305053144693,0.628230631351471,0.6810793876647949,0.009088031016290188,0.6250373125076294,0.7003461122512817,0.012241356074810028,0.6155659556388855,0.7131041288375854,0.01358119584619999,0.6307585835456848,0.7010137438774109,5.063576281827409e-06,0.6434850096702576,0.7070559859275818,0.008802808821201324,0.6373553276062012,0.7256209254264832,0.011929178610444069,0.6271054744720459,0.7399547696113586,0.011894731782376766,0.6450773477554321,0.7355952858924866,-0.002979876706376672,0.6547566652297974,0.7400378584861755,0.00503989402204752,0.6476269364356995,0.7541093826293945,0.009259813465178013,0.6366869211196899,0.7671571373939514,0.009348442777991295,0.6536518335342407,0.7764432430267334,-0.005688246805220842,0.6610586047172546,0.7776833176612854,0.0014089317992329597,0.6521923542022705,0.7881989479064941,0.007519276347011328,0.6411099433898926,0.7974541783332825,0.011124597862362862
0.5725284218788147,0.8336405158042908,-2.044276925516897e-07,0.5596131086349487,0.7759550213813782,0.0039747413247823715,0.5645543932914734,0.7200196981430054,0.0047608730383217335,0.5841766595840454,0.6865842938423157,0.005284686107188463,0.6009482145309448,0.6814225912094116,0.007151370868086815,0.6102219820022583,0.6813896894454956,0.00021652469877153635,0.6294924020767212,0.6816423535346985,0.003325900062918663,0.6261246800422668,0.6990168690681458,0.00618164474144578,0.61590576171875,0.7115240693092346,0.007798905950039625,0.6307736039161682,0.7103919982910156,-0.002950164722278714,0.644528329372406,0.7094153165817261,0.003730825148522854,0.6382402181625366,0.7253071069717407,0.006862997077405453,0.6279851794242859,0.738877534866333,0.007347611710429192,0.6447118520736694,0.7473360300064087,-0.005032212007790804,0.6563681960105896,0.7454990744590759,0.001055911649018526,0.6494102478027344,0.756172776222229,0.005257545504719019,0.6383897066116333,0.7684649229049683,0.00593122374266386,0.6526115536689758,0.789043128490448,-0.006872432306408882,0.661198079586029,0.7863509058952332,-0.0011927093146368861,0.6529020071029663,0.7929924726486206,0.004486963618546724,0.6423919200897217,0.8006700277328491,0.008150837384164333
0.5718924403190613,0.8362252712249756,-2.0130337929913367e-07,0.560030460357666,0.7764910459518433,0.003061095252633095,0.5659012794494629,0.7203432321548462,0.002853205893188715,0.5862811207771301,0.6887026429176331,0.0023286249488592148,0.6024959683418274,0.6835823059082031,0.0030160020105540752,0.6114882826805115,0.6794047355651855,-0.002200725954025984,0.6324151158332825,0.6838297843933105,-0.0013191078323870897,0.6285329461097717,0.7023547887802124,0.0002305948146386072,0.6168879866600037,0.7144749760627747,0.0012354154605418444,0.6320801377296448,0.7102794051170349,-0.005880500189960003,0.6466867327690125,0.7142842411994934,-0.0007802863256074488,0.6392529606819153,0.7309758067131042,0.0019967928528785706,0.6279000043869019,0.7442461848258972,0.0024609845131635666,0.6456942558288574,0.749314546585083,-0.008639608509838581,0.6581687927246094,0.7529594898223877,-0.004061280284076929,0.6499336361885071,0.7645822167396545,-7.086228288244456e-05,0.6377242803573608,0.7755861878395081,0.000682512647472322,0.6527038812637329,0.7920545339584351,-0.011260613799095154,0.6594807505607605,0.7971990704536438,-0.0071103619411587715,0.6505914330482483,0.8048388361930847,-0.001962437527254224,0.6400057077407837,0.8108806610107422,0.0016176888020709157
0.5722644925117493,0.8390406966209412,-1.8790264277868118e-07,0.5607706308364868,0.7797811627388,0.0013084483798593283,0.5660799145698547,0.7241419553756714,1.172983229480451e-05,0.5850147604942322,0.6911840438842773,-0.0014823268866166472,0.598380982875824,0.6776915788650513,-0.001699558924883604,0.6102100610733032,0.6839531660079956,-0.004916990175843239,0.6339643001556396,0.6842891573905945,-0.006714785937219858,0.6304152607917786,0.7031991481781006,-0.006622888147830963,0.6178916096687317,0.715697169303894,-0.00618175882846117,0.6303845643997192,0.7154695391654968,-0.008721904829144478,0.6486655473709106,0.7149639129638672,-0.006424915511161089,0.6417109370231628,0.7323653101921082,-0.004196423105895519,0.629474401473999,0.7462232708930969,-0.0036145183257758617,0.6441944241523743,0.7532127499580383,-0.011993670836091042,0.6601467132568359,0.7539439797401428,-0.009555032476782799,0.6522954106330872,0.7663403153419495,-0.005481034517288208,0.6394815444946289,0.7774996161460876,-0.004309762269258499,0.652020275592804,0.7938899993896484,-0.015344735234975815,0.6605655550956726,0.7978801131248474,-0.013434656895697117,0.652195930480957,0.8066237568855286,-0.008948267437517643,0.6417530179023743,0.8130070567131042,-0.00551473256200552
0.5706537961959839,0.840194582939148,-1.6998515661725833e-07,0.5606672167778015,0.7807033061981201,0.0014180700527504086,0.5657005906105042,0.7248731255531311,-0.0007424312061630189,0.5844588279724121,0.6917423009872437,-0.0034022179897874594,0.5992112159729004,0.6790910959243774,-0.004777179099619389,0.6060240268707275,0.6863811612129211,-0.005746279377490282,0.634459912776947,0.6842523813247681,-0.008964795619249344,0.6323482990264893,0.7044506072998047,-0.009404032491147518,0.6193673014640808,0.7167262434959412,-0.00899681355804205,0.6257938742637634,0.7167730331420898,-0.01032032910734415,0.6497630476951599,0.7144525647163391,-0.009825577028095722,0.6438630223274231,0.7341150641441345,-0.008104013279080391,0.6304587721824646,0.7475888729095459,-0.007448642514646053,0.6402294635772705,0.7534263730049133,-0.014440789818763733,0.6600494384765625,0.7536289095878601,-0.012874889187514782,0.6527622938156128,0.7679303884506226,-0.008583972230553627,0.6391724348068237,0.7783094048500061,-0.007062113378196955,0.6491327285766602,0.7930598855018616,-0.01868150569498539,0.6613448262214661,0.7959514856338501,-0.017148183658719063,0.6528473496437073,0.8062310814857483,-0.012326367199420929,0.6412323713302612,0.8126270771026611,-0.008630219846963882
0.5704007148742676,0.8407915234565735,-1.8193919970599381e-07,0.5609100461006165,0.7794514298439026,0.0017070325557142496,0.5657031536102295,0.724145233631134,-0.00028062344063073397,0.5842034220695496,0.6910480856895447,-0.002741872565820813,0.5982425808906555,0.6787427067756653,-0.003927365876734257,0.6082977056503296,0.6835007667541504,-0.005124015733599663,0.6357583999633789,0.684731662273407,-0.007594472728669643,0.633539617061615,0.706349790096283,-0.00799223780632019,0.6211929321289062,0.7184514999389648,-0.007884688675403595,0.628351092338562,0.7139810919761658,-0.009573123417794704,0.6503628492355347,0.7172368168830872,-0.007685855496674776,0.6443890333175659,0.7369849681854248,-0.005637778900563717,0.6316447257995605,0.7492131590843201,-0.005283066537231207,0.6426873207092285,0.7508848905563354,-0.01351106259971857,0.6598768830299377,0.7565580010414124,-0.010775180533528328,0.6526555418968201,0.7703515291213989,-0.006510281935334206,0.6394349336624146,0.7796041965484619,-0.005431944038718939,0.6514080166816711,0.7910006642341614,-0.01761833019554615,0.6611606478691101,0.7984856963157654,-0.015367968939244747,0.6526861190795898,0.8085556626319885,-0.010644110850989819,0.6411195397377014,0.8139369487762451,-0.007154981605708599
0.5695295333862305,0.8420464396476746,-1.9477378998544737e-07,0.5594925880432129,0.7806638479232788,0.0018845328595489264,0.5648127794265747,0.7252620458602905,0.0008372894371859729,0.5834487676620483,0.6919194459915161,-0.0006210401770658791,0.5971595048904419,0.677221417427063,-0.0007431587437167764,0.6089704632759094,0.6830661296844482,-0.0031559239141643047,0.6348887085914612,0.6844062805175781,-0.004673393443226814,0.6321906447410583,0.7053209543228149,-0.004609779920428991,0.6198363900184631,0.7177701592445374,-0.004141294863075018,0.6294796466827393,0.7144104242324829,-0.007147876545786858,0.64937824010849,0.7153462767601013,-0.0045867133885622025,0.6431167721748352,0.7344498038291931,-0.0025552851147949696,0.6307023763656616,0.7482478618621826,-0.0020839148201048374,0.6436954140663147,0.7517884373664856,-0.010667580179870129,0.659606397151947,0.7546745538711548,-0.007523870095610619,0.6523495316505432,0.7679727673530579,-0.0034948429092764854,0.6396198868751526,0.7785427570343018,-0.0024471799843013287,0.6519410014152527,0.7923868894577026,-0.01432099100202322,0.6612811088562012,0.7973511219024658,-0.011537718586623669,0.6528855562210083,0.8066095113754272,-0.006853761151432991,0.641746461391449,0.8125395178794861,-0.003388812532648444
