0,1,2,3,4,5,6,7,8,9,10,11,12,13,14,15,16,17,18,19,20,21,22,23,24,25,26,27,28,29,30,31,32,33,34,35,36,37,38,39,40,41,42,43,44,45,46,47,48,49,50,51,52,53,54,55,56,57,58,59,60,61,62
0.7635403275489807,0.5373891592025757,-1.170499899671995e-06,0.7528622150421143,0.37330663204193115,-0.0018737624632194638,0.7231478095054626,0.19834396243095398,-0.02223256789147854,0.6589308977127075,0.1155051738023758,-0.04363337531685829,0.5904700756072998,0.12422393262386322,-0.06955160200595856,0.7440391182899475,0.04569915682077408,-0.06754183024168015,0.5623751878738403,0.05304627865552902,-0.10814116150140762,0.4842986762523651,0.1509152203798294,-0.12511174380779266,0.4595654010772705,0.23633968830108643,-0.1316474825143814,0.7248286604881287,0.10353700816631317,-0.08303596079349518,0.5338449478149414,0.12903709709644318,-0.11265294253826141,0.4691166281700134,0.24534597992897034,-0.11290031671524048,0.4539470672607422,0.331217497587204,-0.11574164032936096,0.6965897679328918,0.1968366801738739,-0.09679453074932098,0.5228026509284973,0.21830055117607117,-0.12101078033447266,0.4659248888492584,0.3217373490333557,-0.11622920632362366,0.4551389813423157,0.39875179529190063,-0.11563301831483841,0.6618220210075378,0.3099576234817505,-0.10976734757423401,0.5347074270248413,0.33214497566223145,-0.13400427997112274,0.4872860014438629,0.3938139081001282,-0.1351684033870697,0.4709068536758423,0.43908777832984924,-0.13421833515167236
0.7235831022262573,0.5660704374313354,-6.760199084965279e-07,0.6757985949516296,0.3994063138961792,0.00055266625713557,0.6091079711914062,0.24562765657901764,-0.006182768382132053,0.543950617313385,0.16552790999412537,-0.01666908711194992,0.4903072118759155,0.13446837663650513,-0.028755085542798042,0.6207857131958008,0.15449002385139465,-0.02292022295296192,0.4854314923286438,0.10570801794528961,-0.05200948938727379,0.4589395523071289,0.2079649269580841,-0.06446658819913864,0.48007315397262573,0.2720102369785309,-0.07027297466993332,0.6187047362327576,0.2258024513721466,-0.03805160894989967,0.46921560168266296,0.22710026800632477,-0.05995447561144829,0.44912660121917725,0.3223094940185547,-0.06055371090769768,0.4721534252166748,0.3641754686832428,-0.06256261467933655,0.6077420711517334,0.33156830072402954,-0.05434468388557434,0.4679717421531677,0.3350479006767273,-0.07899554073810577,0.4489878714084625,0.4229993224143982,-0.07160813361406326,0.4692089557647705,0.46024763584136963,-0.0666496679186821,0.5962983965873718,0.450578510761261,-0.07026559859514236,0.4901944398880005,0.47540754079818726,-0.0961727723479271,0.4663941264152527,0.5261118412017822,-0.09537344425916672,0.4683358371257782,0.5525422692298889,-0.09096673130989075
0.6061047911643982,0.6945593357086182,-4.2162884028584813e-07,0.5648692846298218,0.5912220478057861,0.006306334398686886,0.5037908554077148,0.5315839648246765,0.0022452515549957752,0.4516564607620239,0.5510430335998535,-0.00577435502782464,0.41858598589897156,0.5999162793159485,-0.013958338648080826,0.4707004725933075,0.48862704634666443,-0.004623095504939556,0.3896649479866028,0.5248174667358398,-0.024194201454520226,0.3966597616672516,0.5773065686225891,-0.03683629631996155,0.4248502254486084,0.5896485447883606,-0.043096885085105896,0.4572712182998657,0.5493329763412476,-0.01697891391813755,0.376565545797348,0.5850019454956055,-0.03395182639360428,0.39062872529029846,0.6301095485687256,-0.039692223072052,0.4233521521091461,0.6337291598320007,-0.041249409317970276,0.450693815946579,0.6221579313278198,-0.029294688254594803,0.37756624817848206,0.6628372669219971,-0.04130988568067551,0.39635169506073,0.7012602090835571,-0.03794337436556816,0.4282704293727875,0.696523129940033,-0.0345875583589077,0.44985470175743103,0.6991177797317505,-0.04117580130696297,0.3974403440952301,0.7494169473648071,-0.05045417323708534,0.4131301939487457,0.7741328477859497,-0.04594073072075844,0.4397467076778412,0.7675561904907227,-0.04031146317720413
0.6011455059051514,0.7527571320533752,-3.4998220144188963e-07,0.556327760219574,0.6489231586456299,0.014076285064220428,0.5059743523597717,0.5925268530845642,0.011670033447444439,0.4622069299221039,0.6001230478286743,0.0020662446040660143,0.4317803978919983,0.639650821685791,-0.009241311810910702,0.464309960603714,0.5629650354385376,0.007758870720863342,0.3911980390548706,0.5962654948234558,-0.012425950728356838,0.4042470157146454,0.6364054679870605,-0.02807690016925335,0.4372010827064514,0.6481665372848511,-0.035225894302129745,0.45574095845222473,0.623519778251648,-0.0097838519141078,0.3794693946838379,0.6529901027679443,-0.025872159749269485,0.39653563499450684,0.6871439814567566,-0.03349263593554497,0.43113890290260315,0.6945120692253113,-0.03569244220852852,0.4554029405117035,0.6955801248550415,-0.02741857059299946,0.3796437978744507,0.7271857857704163,-0.0408165343105793,0.3984690010547638,0.7589261531829834,-0.03759509325027466,0.4320206940174103,0.7593468427658081,-0.03258442506194115,0.4610233008861542,0.7724053859710693,-0.04394100233912468,0.3970499038696289,0.8068850636482239,-0.05333952605724335,0.4130123257637024,0.8280673027038574,-0.04558127000927925,0.44448763132095337,0.828829288482666,-0.036450665444135666
0.6004728078842163,0.787268340587616,-3.241752892790828e-07,0.5534494519233704,0.6898761987686157,0.014491531066596508,0.4993683397769928,0.6502458453178406,0.01337515190243721,0.45977601408958435,0.6694635152816772,0.0053451452404260635,0.43500518798828125,0.7139748334884644,-0.0038250323850661516,0.46428269147872925,0.6155955195426941,0.009716934524476528,0.3997696042060852,0.6555312275886536,-0.006604846101254225,0.4173590838909149,0.6922557950019836,-0.018916191533207893,0.444681316614151,0.6935576796531677,-0.025551149621605873,0.45403602719306946,0.6696772575378418,-0.007183570880442858,0.38595324754714966,0.7034614682197571,-0.02008826658129692,0.4055961072444916,0.7346458435058594,-0.02363862469792366,0.4350944459438324,0.730251669883728,-0.024155335500836372,0.4529477655887604,0.7360830307006836,-0.024332858622074127,0.3816258907318115,0.7709094882011414,-0.03543747216463089,0.40479329228401184,0.7974538207054138,-0.029862375929951668,0.43433240056037903,0.7859138250350952,-0.02453288622200489,0.45818570256233215,0.8077876567840576,-0.0405990332365036,0.40525102615356445,0.8487188816070557,-0.0490371473133564,0.42442426085472107,0.8627537488937378,-0.04185505211353302,0.45046529173851013,0.8501583933830261,-0.034204453229904175
0.6000792980194092,0.806535005569458,-2.5746979304130946e-07,0.5568835735321045,0.7131627798080444,0.013906357809901237,0.5056174397468567,0.6759245991706848,0.013268622569739819,0.4683593809604645,0.6953365206718445,0.006690661422908306,0.44286173582077026,0.7371551990509033,-0.0010397983714938164,0.4622613191604614,0.6457549929618835,0.007185239810496569,0.4164327085018158,0.668733537197113,-0.0042644371278584,0.43111705780029297,0.6956287026405334,-0.01321423426270485,0.45251020789146423,0.6995337009429932,-0.01867445930838585,0.4507073163986206,0.7058333158493042,-0.00769653357565403,0.39704081416130066,0.7272626757621765,-0.015265971422195435,0.41553783416748047,0.7494370341300964,-0.01558972243219614,0.4414433538913727,0.7476593852043152,-0.015615846961736679,0.45056813955307007,0.7748430371284485,-0.022265274077653885,0.3910267651081085,0.7963228225708008,-0.02945723384618759,0.41423776745796204,0.8125193119049072,-0.022570572793483734,0.44182267785072327,0.8038961291313171,-0.017793875187635422,0.45909959077835083,0.8453319668769836,-0.035754937678575516,0.4129835367202759,0.873407244682312,-0.041134025901556015,0.4307963252067566,0.8784350156784058,-0.0328710712492466,0.45446956157684326,0.8679087162017822,-0.025326889008283615
0.6008820533752441,0.8228284120559692,-3.1506783670920413e-07,0.5583832263946533,0.7330121397972107,0.018160995095968246,0.5086457133293152,0.6976292729377747,0.023308733478188515,0.47102081775665283,0.7075953483581543,0.022486763074994087,0.4476132094860077,0.7439104914665222,0.02038044109940529,0.4675906300544739,0.6848393082618713,0.013939142227172852,0.4182613492012024,0.7158154249191284,0.007104373071342707,0.4304368495941162,0.7444930076599121,0.0018094939878210425,0.44995439052581787,0.7485701441764832,-0.0011324266670271754,0.4582456052303314,0.7371063828468323,-0.00030381069518625736,0.403311163187027,0.7680694460868835,-0.003586364910006523,0.4208330810070038,0.7909652590751648,-0.0010496380273252726,0.4437054395675659,0.7859539985656738,0.0008787396945990622,0.4592440128326416,0.7978092432022095,-0.013850961811840534,0.4033050537109375,0.8253152966499329,-0.017598997801542282,0.42391884326934814,0.8424046039581299,-0.009292449802160263,0.446473091840744,0.8324328660964966,-0.003636789508163929,0.4683948755264282,0.8612349629402161,-0.026017019525170326,0.42207425832748413,0.8840042352676392,-0.028811778873205185,0.4375569224357605,0.8906207084655762,-0.01941920444369316,0.45801785588264465,0.8827760219573975,-0.01125574391335249
0.6010869145393372,0.8313819766044617,-3.242157049498928e-07,0.5657767057418823,0.7400257587432861,0.01823342591524124,0.5198255181312561,0.6991696953773499,0.024609949439764023,0.4810408353805542,0.6986142992973328,0.025861555710434914,0.4581490159034729,0.7294222116470337,0.026111017912626266,0.46980202198028564,0.6921170949935913,0.014096416532993317,0.42328593134880066,0.7286527156829834,0.012614882551133633,0.4361356496810913,0.7545376420021057,0.010778763331472874,0.4552975594997406,0.7571316361427307,0.009580646641552448,0.46009260416030884,0.7465845942497253,0.0015714458422735333,0.4119672179222107,0.7822192907333374,0.00396981555968523,0.42914876341819763,0.8023928999900818,0.007909765467047691,0.4505290389060974,0.7970344424247742,0.009745492599904537,0.46170535683631897,0.8084597587585449,-0.009622602723538876,0.41287046670913696,0.8373108506202698,-0.008249662816524506,0.43260255455970764,0.8524557948112488,2.258802305732388e-05,0.4531406760215759,0.8425747156143188,0.004354973789304495,0.4719122052192688,0.8709657788276672,-0.019424092024564743,0.42961472272872925,0.893354058265686,-0.0190977081656456,0.44452059268951416,0.8993767499923706,-0.009693067520856857,0.46284836530685425,0.8920224905014038,-0.0021188282407820225
0.6038256287574768,0.8320246934890747,-2.9110890409356216e-07,0.570024847984314,0.7440515160560608,0.01783318631350994,0.5252765417098999,0.704177737236023,0.024942846968770027,0.48820817470550537,0.7040671706199646,0.027023015543818474,0.46594667434692383,0.7334677577018738,0.02815658040344715,0.47681352496147156,0.6998873353004456,0.016634905710816383,0.43207821249961853,0.7325398921966553,0.01590859331190586,0.44323787093162537,0.7588384747505188,0.014175249263644218,0.46112120151519775,0.7622799873352051,0.013144678436219692,0.46672940254211426,0.7535372376441956,0.005025296472012997,0.41935253143310547,0.784353494644165,0.0076312897726893425,0.4358918368816376,0.8057098388671875,0.011189195327460766,0.4570494294166565,0.8025801777839661,0.01325318031013012,0.46723121404647827,0.8135606646537781,-0.0054332963190972805,0.41974014043807983,0.8374167680740356,-0.003931817132979631,0.4382699131965637,0.8542768955230713,0.003453659126535058,0.4582996070384979,0.8476240634918213,0.007706571836024523,0.4760236144065857,0.8736684918403625,-0.01448366791009903,0.4344000518321991,0.8910988569259644,-0.013542174361646175,0.44839945435523987,0.8990262746810913,-0.0044274162501096725,0.4663858711719513,0.8940828442573547,0.0030747440177947283
0.6038520932197571,0.8340598344802856,-2.8410050845195656e-07,0.5725889801979065,0.7442335486412048,0.017798537388443947,0.5288562178611755,0.7058663368225098,0.026290137320756912,0.4906214773654938,0.7045343518257141,0.029843823984265327,0.4672132432460785,0.7318884134292603,0.03232930973172188,0.4819401502609253,0.7025889754295349,0.019256625324487686,0.4395167827606201,0.7330728769302368,0.01983112283051014,0.4486905038356781,0.7586860656738281,0.01850312203168869,0.46426811814308167,0.7627211213111877,0.017592953518033028,0.47179096937179565,0.7552112936973572,0.008476552553474903,0.425351619720459,0.7833159565925598,0.011909994296729565,0.44074195623397827,0.8053751587867737,0.01540128979831934,0.46109065413475037,0.8040961027145386,0.01754584163427353,0.47206372022628784,0.8143726587295532,-0.0012512410758063197,0.4253201484680176,0.8342608213424683,0.00032659436692483723,0.44256657361984253,0.8517352342605591,0.0073053110390901566,0.46187707781791687,0.8475400805473328,0.01153035368770361,0.48045358061790466,0.8740400075912476,-0.009479496628046036,0.43984028697013855,0.8869355320930481,-0.00825889129191637,0.4532121419906616,0.8950144648551941,0.0007789796800352633,0.47062480449676514,0.8915411829948425,0.008259299211204052
0.6057889461517334,0.8340104818344116,-2.4386579866586544e-07,0.5756783485412598,0.7437454462051392,0.0136769600212574,0.5323605537414551,0.704525351524353,0.02012089267373085,0.4942760765552521,0.7045361399650574,0.022356508299708366,0.469219833612442,0.728344738483429,0.024019109085202217,0.48475292325019836,0.7062946557998657,0.01688680239021778,0.44628626108169556,0.731670081615448,0.01632864587008953,0.45621222257614136,0.7547866702079773,0.013351905159652233,0.4718095660209656,0.7585292458534241,0.011368324980139732,0.4753996431827545,0.7596492171287537,0.00812415312975645,0.43457984924316406,0.783582866191864,0.011126627214252949,0.4491189122200012,0.8031417727470398,0.01338229700922966,0.46835118532180786,0.8016437292098999,0.014421903528273106,0.47590625286102295,0.8182708621025085,4.908158189209644e-06,0.43423548340797424,0.8344356417655945,0.0016206802101805806,0.4497941732406616,0.8490330576896667,0.0076506854966282845,0.46857503056526184,0.8445160984992981,0.011091071180999279,0.48386308550834656,0.8754878044128418,-0.007052714936435223,0.44709810614585876,0.8842893242835999,-0.005283433012664318,0.45875734090805054,0.8896644711494446,0.00322553887963295,0.4750784635543823,0.8859364986419678,0.010245827957987785
0.6060583591461182,0.8352900147438049,-2.2682895917114365e-07,0.5773362517356873,0.7465790510177612,0.010423177853226662,0.5366707444190979,0.7057741284370422,0.014996287412941456,0.4988422989845276,0.7039263844490051,0.015923544764518738,0.47219282388687134,0.7222027778625488,0.01665392331779003,0.49093225598335266,0.7074158787727356,0.013427378609776497,0.4530872702598572,0.7299489974975586,0.01094010192900896,0.463515967130661,0.7525898814201355,0.007127957418560982,0.4793768525123596,0.7567175626754761,0.0050199804827570915,0.4816502332687378,0.7594403028488159,0.0058054495602846146,0.4410861134529114,0.7823594808578491,0.007319823373109102,0.4556441009044647,0.8024106025695801,0.009013121016323566,0.47463467717170715,0.801092267036438,0.009973867796361446,0.48140227794647217,0.8165636658668518,-0.0014973912620916963,0.440125048160553,0.8325884938240051,-0.0013539138017222285,0.4556872248649597,0.8490062355995178,0.0044426159001886845,0.47453251481056213,0.8456813097000122,0.008141704834997654,0.4882534146308899,0.8727894425392151,-0.00798575859516859,0.4524972140789032,0.8822879195213318,-0.007363858167082071,0.46404752135276794,0.8895320892333984,0.0006988273817114532,0.48031362891197205,0.8864702582359314,0.007673758082091808
0.6065624952316284,0.8378189206123352,-2.267381375986588e-07,0.5795953869819641,0.7480393052101135,0.010733646340668201,0.539513111114502,0.7055101990699768,0.015579945407807827,0.5016753077507019,0.7064954042434692,0.017143862321972847,0.4762493669986725,0.7291666269302368,0.01836288906633854,0.495439350605011,0.7060242295265198,0.012003024108707905,0.4568828344345093,0.7303183674812317,0.0106569305062294,0.46652811765670776,0.7551297545433044,0.008286905474960804,0.4817492663860321,0.7595451474189758,0.006913568824529648,0.4853036403656006,0.7584259510040283,0.00454865163192153,0.4448748528957367,0.7831550240516663,0.007376978639513254,0.4584200978279114,0.8056378960609436,0.01022401824593544,0.47641879320144653,0.8044719099998474,0.01161736436188221,0.4840274155139923,0.8152206540107727,-0.0023455095943063498,0.44372859597206116,0.8323520421981812,-0.0010576986242085695,0.4587588310241699,0.8517155647277832,0.005297923926264048,0.47670069336891174,0.8488166332244873,0.008945673704147339,0.4902009665966034,0.8707477450370789,-0.008356408216059208,0.45523446798324585,0.882366955280304,-0.006739823613315821,0.4671320915222168,0.8923624753952026,0.0017117479583248496,0.48305225372314453,0.8898076415061951,0.008642611093819141
0.6057398915290833,0.8370569944381714,-2.0385769516906294e-07,0.5806894302368164,0.7481797933578491,0.00972945336252451,0.5416886806488037,0.7060387134552002,0.013672983273863792,0.5064865946769714,0.7103676795959473,0.014431464485824108,0.483059823513031,0.7364956140518188,0.014851169660687447,0.49740543961524963,0.7041393518447876,0.009978672489523888,0.45691290497779846,0.7251700758934021,0.008250447921454906,0.46692997217178345,0.7517245411872864,0.005889948923140764,0.48329970240592957,0.7573994994163513,0.004612637218087912,0.4865778088569641,0.7571049928665161,0.002809918951243162,0.44546249508857727,0.7794080972671509,0.005238237790763378,0.45963624119758606,0.8036608099937439,0.008028200827538967,0.4785032272338867,0.8034073710441589,0.009638900868594646,0.4853566288948059,0.8142984509468079,-0.0037866486236453056,0.44421422481536865,0.830112099647522,-0.0025860134046524763,0.4595111310482025,0.8508714437484741,0.0036156154237687588,0.4780796766281128,0.8488680720329285,0.00731066707521677,0.49212899804115295,0.8700933456420898,-0.009539501741528511,0.45705369114875793,0.880882740020752,-0.008221755735576153,0.46877390146255493,0.891205370426178,0.00015621716738678515,0.48532727360725403,0.8888412714004517,0.0072023216634988785
0.6039656400680542,0.8400294780731201,-1.9730856593014323e-07,0.5821755528450012,0.7484832406044006,0.009175355546176434,0.5438500046730042,0.7024827599525452,0.013841064646840096,0.5071033239364624,0.7031810283660889,0.015558656305074692,0.4819144904613495,0.7227082252502441,0.01716943085193634,0.49713876843452454,0.70356285572052,0.010803980752825737,0.45625612139701843,0.7198233604431152,0.009450480341911316,0.4664262533187866,0.7446087002754211,0.007344219367951155,0.48332643508911133,0.7510919570922852,0.006476744543761015,0.4861319065093994,0.7570863962173462,0.004543428309261799,0.4454498887062073,0.7754595279693604,0.007466932293027639,0.45981505513191223,0.7981413006782532,0.010260996408760548,0.4786054193973541,0.7983434200286865,0.011991242878139019,0.4845924377441406,0.8146418929100037,-0.0012548707891255617,0.4442010521888733,0.8259851932525635,2.7274789317743853e-05,0.45919036865234375,0.8448063731193542,0.005929621867835522,0.47765421867370605,0.8436197638511658,0.009630084969103336,0.4908914268016815,0.8711065053939819,-0.006211739499121904,0.45618873834609985,0.8769962787628174,-0.00488830404356122,0.46735507249832153,0.8860394358634949,0.0031730756163597107,0.48349958658218384,0.8845142722129822,0.010178555734455585
0.6028453707695007,0.8400807976722717,-1.9738152445825108e-07,0.5823122262954712,0.7484695911407471,0.009609837085008621,0.5454258322715759,0.7017500400543213,0.013999677263200283,0.510714054107666,0.7024770379066467,0.015295326709747314,0.48714640736579895,0.7229517102241516,0.016427060589194298,0.49643614888191223,0.7005089521408081,0.010673154145479202,0.45504289865493774,0.7149912118911743,0.00888342410326004,0.46477025747299194,0.740942656993866,0.006585158407688141,0.4824371337890625,0.7491464018821716,0.005748579744249582,0.4850781261920929,0.7547986507415771,0.004157649353146553,0.44460785388946533,0.7736425995826721,0.006865380331873894,0.4589066505432129,0.7967667579650879,0.009514134377241135,0.4780621826648712,0.7973506450653076,0.011020518839359283,0.4831846356391907,0.8132597208023071,-0.0018794068600982428,0.4436089098453522,0.8256712555885315,-0.000564243586268276,0.4586523175239563,0.8451889157295227,0.005162930581718683,0.47717708349227905,0.8443092703819275,0.008626180700957775,0.48897773027420044,0.8701534271240234,-0.007028939668089151,0.45412975549697876,0.8765909075737,-0.0053849476389586926,0.4654672145843506,0.8862071633338928,0.002786114579066634,0.4818040728569031,0.8843777179718018,0.009729688055813313
0.6016536951065063,0.8424946069717407,-2.0114217136324442e-07,0.5822161436080933,0.7496339082717896,0.009163081645965576,0.5447003245353699,0.7012119889259338,0.01343508716672659,0.5086380243301392,0.700796365737915,0.014710038900375366,0.48355257511138916,0.7185536026954651,0.015875203534960747,0.4953526258468628,0.6984884142875671,0.010202435776591301,0.452701598405838,0.7136831283569336,0.0077362144365906715,0.4630463123321533,0.7384226322174072,0.005029182881116867,0.48197346925735474,0.7458495497703552,0.004128399305045605,0.48399657011032104,0.7538561224937439,0.0038712825626134872,0.4430890381336212,0.7724275588989258,0.005988111719489098,0.4579406976699829,0.7942256331443787,0.008493736386299133,0.4778026044368744,0.7943661212921143,0.00999536458402872,0.4817771315574646,0.8134332895278931,-0.002094052266329527,0.44232848286628723,0.8247613310813904,-0.0014691997785121202,0.45779383182525635,0.8423031568527222,0.0044017815962433815,0.4767892062664032,0.840923547744751,0.008118231780827045,0.4870137572288513,0.8718435764312744,-0.007196034770458937,0.4525315761566162,0.875411868095398,-0.00608647707849741,0.4653128981590271,0.8841711282730103,0.0021525362972170115,0.4824114739894867,0.8827823996543884,0.009271171875298023
0.6017361283302307,0.8451509475708008,-1.8397146561710542e-07,0.5806506872177124,0.7516013383865356,0.009533978067338467,0.5420477986335754,0.7033944725990295,0.013688519597053528,0.5072399973869324,0.7054309844970703,0.014623644761741161,0.48300299048423767,0.7254166603088379,0.015369909815490246,0.49411460757255554,0.7015090584754944,0.009487035684287548,0.4503096640110016,0.7144694924354553,0.006896364502608776,0.4610028564929962,0.739506721496582,0.0044708941131830215,0.48004499077796936,0.7462272644042969,0.003726478200405836,0.4835681617259979,0.7578878402709961,0.002530936384573579,0.44023987650871277,0.774197518825531,0.0039596641436219215,0.4551626145839691,0.7959744930267334,0.006499636918306351,0.4756144881248474,0.7963905334472656,0.00823079701513052,0.48199281096458435,0.8184629678726196,-0.003951580263674259,0.4401477575302124,0.8290177583694458,-0.003789112903177738,0.4556521773338318,0.8461428880691528,0.002290522214025259,0.4753909707069397,0.8447588086128235,0.00636604567989707,0.4880013167858124,0.8777013421058655,-0.009515266865491867,0.450981467962265,0.879872739315033,-0.008712953887879848,0.4629169702529907,0.8877418637275696,-0.00024880465934984386,0.48035964369773865,0.8867059350013733,0.007162389811128378
0.6004800200462341,0.8519274592399597,-2.0096385355827806e-07,0.5814767479896545,0.7554299831390381,0.007037141360342503,0.5396254062652588,0.7010100483894348,0.011960368603467941,0.49861499667167664,0.690608561038971,0.014291283674538136,0.4694080352783203,0.6893520951271057,0.01679144613444805,0.4904710650444031,0.7065215110778809,0.008604399859905243,0.4459221065044403,0.7188031673431396,0.006071268115192652,0.45722517371177673,0.7442535161972046,0.0038562556728720665,0.47666195034980774,0.7497261762619019,0.00320172356441617,0.48096776008605957,0.7649396061897278,0.003154969774186611,0.4365237057209015,0.779477059841156,0.003869152395054698,0.4519256055355072,0.8007990121841431,0.00639254180714488,0.47293806076049805,0.8004814386367798,0.00832762848585844,0.47997811436653137,0.8259501457214355,-0.0021586003713309765,0.4370461106300354,0.8357539176940918,-0.0034858500584959984,0.4528833031654358,0.8517899513244629,0.002536074724048376,0.47347620129585266,0.8502206802368164,0.006934525445103645,0.48624467849731445,0.8853280544281006,-0.006736501585692167,0.44789671897888184,0.8865473866462708,-0.00797118991613388,0.4599221348762512,0.8942177295684814,-0.0006001713918522,0.4779551029205322,0.8929911255836487,0.006402973551303148
0.5982688069343567,0.8604616522789001,-1.963259563808606e-07,0.5802624821662903,0.7648619413375854,0.0063432431779801846,0.5390927791595459,0.708615779876709,0.010844018310308456,0.49659743905067444,0.6953763961791992,0.01315090712159872,0.4676666855812073,0.6860135793685913,0.01584203913807869,0.48712170124053955,0.7161803245544434,0.006683599669486284,0.4405277967453003,0.7258474230766296,0.004279939457774162,0.45159652829170227,0.7494217753410339,0.0025965895038098097,0.4708957374095917,0.7545688152313232,0.002371265785768628,0.47830623388290405,0.7758476734161377,0.0018542221514508128,0.4321727156639099,0.7886666655540466,0.002837757347151637,0.4477892220020294,0.8068946599960327,0.0060723633505403996,0.4685825705528259,0.8064947724342346,0.008360229432582855,0.4779810905456543,0.8370671272277832,-0.002750983228906989,0.43407613039016724,0.8452469706535339,-0.003554732771590352,0.4499736428260803,0.8579296469688416,0.0032643501181155443,0.4705750048160553,0.8570395112037659,0.007992876693606377,0.4848830997943878,0.8968638777732849,-0.006691263522952795,0.44568386673927307,0.8949689865112305,-0.007583232596516609,0.45733514428138733,0.9003099203109741,8.172593516064808e-05,0.4750002324581146,0.8998265862464905,0.0071989307180047035
0.5971167087554932,0.8681600093841553,-2.0240520370862214e-07,0.577537477016449,0.7711458802223206,0.006642017979174852,0.5348387956619263,0.7172748446464539,0.011580274440348148,0.49142563343048096,0.7078742980957031,0.014159386977553368,0.46128973364830017,0.7004139423370361,0.017047489061951637,0.48374077677726746,0.7285105586051941,0.006797088775783777,0.43658632040023804,0.7352419495582581,0.0043993680737912655,0.44797587394714355,0.7569410800933838,0.0027457878459244967,0.467727392911911,0.7626163959503174,0.0025674193166196346,0.4757755398750305,0.7890616059303284,0.0019252533093094826,0.4292919337749481,0.7991508841514587,0.003249539528042078,0.4453648626804352,0.8158141374588013,0.006361290812492371,0.4666302800178528,0.8156719207763672,0.008388292044401169,0.4764857888221741,0.8503545522689819,-0.0026698324363678694,0.4307306110858917,0.8560495972633362,-0.003507650224491954,0.4466327726840973,0.8680016994476318,0.0028819746803492308,0.4681508541107178,0.8677220344543457,0.007277756463736296,0.4839490056037903,0.9098217487335205,-0.0065187313593924046,0.4432922899723053,0.9083543419837952,-0.00804885383695364,0.45408394932746887,0.9123028516769409,-0.0010855036089196801,0.4720434248447418,0.9118815064430237,0.005602064076811075
0.5954250693321228,0.8734226822853088,-2.042580433680996e-07,0.5755255222320557,0.7766504883766174,0.00781018054112792,0.5326113700866699,0.7247381210327148,0.0137327266857028,0.4912124574184418,0.7160958647727966,0.01703769341111183,0.4632931053638458,0.7090719938278198,0.0206051804125309,0.478223592042923,0.7404852509498596,0.008767555467784405,0.43193817138671875,0.7463558912277222,0.006664899177849293,0.44253286719322205,0.7688219547271729,0.00543560553342104,0.46226218342781067,0.7752963304519653,0.0056901047937572,0.47088539600372314,0.8013169765472412,0.003585672006011009,0.4241323173046112,0.8121628761291504,0.00433747423812747,0.44015440344810486,0.8294522762298584,0.007511334493756294,0.46172523498535156,0.8290277719497681,0.010107167065143585,0.4725671708583832,0.8626923561096191,-0.00126728939358145,0.4268101155757904,0.8701534271240234,-0.002706053201109171,0.4427446126937866,0.8822135925292969,0.0036314846947789192,0.464316189289093,0.8810688257217407,0.008480318821966648,0.4814247190952301,0.921914279460907,-0.005241922102868557,0.4403212070465088,0.9215564131736755,-0.006963804829865694,0.45140835642814636,0.9256159067153931,0.0002019876556005329,0.4701075553894043,0.9246101975440979,0.007300722878426313
0.5936145186424255,0.8803480863571167,-2.2278778999407223e-07,0.5703462362289429,0.7855345010757446,0.011507437564432621,0.5256088972091675,0.7381799817085266,0.019340237602591515,0.48562607169151306,0.7277505397796631,0.023972980678081512,0.4590842127799988,0.7142834067344666,0.028674276545643806,0.47517937421798706,0.7534025311470032,0.01102591585367918,0.42725062370300293,0.7594466209411621,0.009821356274187565,0.4374937117099762,0.7818590998649597,0.009493635967373848,0.45733192563056946,0.7883408665657043,0.01039870548993349,0.46841007471084595,0.8133856058120728,0.004619887098670006,0.42027896642684937,0.8256080746650696,0.005897569470107555,0.4367726445198059,0.8426830172538757,0.009891238063573837,0.45825737714767456,0.8413712978363037,0.013241949491202831,0.47035127878189087,0.8743507266044617,-0.0010698939440771937,0.42382264137268066,0.8845611810684204,-0.001473083859309554,0.4404093027114868,0.8959459662437439,0.005843839608132839,0.46134746074676514,0.8938567638397217,0.011240743100643158,0.47952044010162354,0.9341350197792053,-0.005560433492064476,0.4382958710193634,0.9356903433799744,-0.006276699714362621,0.45064765214920044,0.9386518597602844,0.0018427317263558507,0.46959546208381653,0.9368516206741333,0.009521018713712692
0.5918999910354614,0.885468065738678,-2.0730954020109493e-07,0.5646006464958191,0.7934863567352295,0.0107681630179286,0.5180900692939758,0.7510233521461487,0.017129546031355858,0.4767815172672272,0.743643045425415,0.020558850839734077,0.44950592517852783,0.7289379835128784,0.02392815425992012,0.46834492683410645,0.767396867275238,0.008140342310070992,0.4205224812030792,0.7799595594406128,0.005972560495138168,0.4324621260166168,0.800735354423523,0.004951084032654762,0.45240214467048645,0.8043938279151917,0.005431401077657938,0.46332821249961853,0.8294264078140259,0.0015660005155950785,0.41376084089279175,0.8463459610939026,0.002645188709720969,0.4317110776901245,0.862082839012146,0.006727464031428099,0.45370712876319885,0.8580639362335205,0.010064835660159588,0.4675350785255432,0.8911383748054504,-0.004201223142445087,0.4192565381526947,0.9065353870391846,-0.004808997269719839,0.43623337149620056,0.9161439538002014,0.0025271340273320675,0.45745161175727844,0.9112109541893005,0.007877014577388763,0.4792257845401764,0.9508681893348694,-0.008745983242988586,0.43769991397857666,0.9577922224998474,-0.009591932408511639,0.4498235285282135,0.9590476155281067,-0.0012077104765921831,0.46843671798706055,0.9543885588645935,0.0067275455221533775
0.5871260762214661,0.8948936462402344,-1.86063161322636e-07,0.5567102432250977,0.8051199913024902,0.01069304347038269,0.5102757215499878,0.7665969133377075,0.017025180160999298,0.46567437052726746,0.767456591129303,0.0205042976886034,0.4354262351989746,0.7693092226982117,0.0239250510931015,0.46073266863822937,0.7903516888618469,0.011231349781155586,0.4126267433166504,0.8119088411331177,0.009913313202559948,0.4251422882080078,0.8276819586753845,0.008011840283870697,0.4453725516796112,0.8285818099975586,0.007807101588696241,0.45737424492836,0.8520417213439941,0.005017669405788183,0.4081335961818695,0.8745532631874084,0.007656195666640997,0.42525649070739746,0.8846817016601562,0.010393365286290646,0.4468808174133301,0.8805350661277771,0.012320727109909058,0.46330544352531433,0.9121627807617188,-0.00048328356933780015,0.4172980487346649,0.9329326152801514,0.001231663627550006,0.4335494935512543,0.9376258254051208,0.007667443715035915,0.4541473686695099,0.9321052432060242,0.01163421105593443,0.4763418734073639,0.9681360125541687,-0.004966254811733961,0.4386885464191437,0.9803877472877502,-0.003411439713090658,0.45070943236351013,0.9789933562278748,0.004812017548829317,0.4676029086112976,0.9732030630111694,0.011960734613239765
0.5856320261955261,0.9060705304145813,-1.4059959596579574e-07,0.5566986799240112,0.8248918056488037,0.0028344434686005116,0.5082364082336426,0.788914144039154,0.0047833421267569065,0.46360060572624207,0.7982079982757568,0.004953109659254551,0.4315738081932068,0.814555287361145,0.005529021844267845,0.4568862020969391,0.8188661932945251,0.0049700611270964146,0.4078523516654968,0.8498206734657288,-0.0019869226962327957,0.4206157326698303,0.8637328147888184,-0.007859253324568272,0.44315221905708313,0.8603097796440125,-0.009747856296598911,0.45757079124450684,0.8837777972221375,0.0010179855162277818,0.4081348180770874,0.9132188558578491,-0.0013102679513394833,0.42460232973098755,0.9198617935180664,-0.001503575942479074,0.44699156284332275,0.9114981889724731,-0.0010549738071858883,0.46630504727363586,0.9445974826812744,-0.0032580862753093243,0.41971418261528015,0.9688143730163574,-0.005837272386997938,0.4349936842918396,0.9707893133163452,-0.0006362961721606553,0.4557783901691437,0.9619102478027344,0.0033452832140028477,0.48006775975227356,0.9994763731956482,-0.007199415471404791,0.4401799142360687,1.0102136135101318,-0.007747041992843151,0.4524865746498108,1.0088160037994385,6.395023956429213e-05,0.4703280031681061,1.0023421049118042,0.007181652821600437
0.5851981043815613,0.9232182502746582,-1.1223814055938419e-07,0.553423285484314,0.8372564315795898,0.0020498160738497972,0.5009154081344604,0.8083387613296509,0.004704160615801811,0.457245796918869,0.8310642242431641,0.005826415028423071,0.42972713708877563,0.8614253997802734,0.007757094688713551,0.44827815890312195,0.8578180074691772,0.008535584434866905,0.40390002727508545,0.8946852087974548,0.003307713894173503,0.41911259293556213,0.8978250622749329,-0.002762562595307827,0.44144919514656067,0.8888315558433533,-0.00518434401601553,0.45275136828422546,0.9233911037445068,0.0059217349626123905,0.41016721725463867,0.9536438584327698,0.005796895362436771,0.4265315532684326,0.9502752423286438,0.0048596556298434734,0.4479125440120697,0.9399409294128418,0.004138398915529251,0.4640648066997528,0.9814382791519165,0.0028188733849674463,0.4240674078464508,1.0035892724990845,0.002921594073995948,0.43795451521873474,0.9975272417068481,0.0072072772309184074,0.45765846967697144,0.987496554851532,0.009867001324892044,0.47904667258262634,1.0311111211776733,-0.0002328111295355484,0.4441583454608917,1.040614366531372,0.0019180142553523183,0.45615071058273315,1.0330791473388672,0.009661098010838032,0.4727819263935089,1.0245426893234253,0.01612566038966179
0.5893365144729614,0.9241814017295837,-1.217587310975432e-07,0.5473425984382629,0.8486212491989136,0.0035141443368047476,0.4957300126552582,0.8315718173980713,0.005295065231621265,0.4582242965698242,0.8708153963088989,0.005499763879925013,0.4405169188976288,0.9188352227210999,0.006401119288057089,0.4448261559009552,0.8861305117607117,0.00874889362603426,0.40437889099121094,0.934471607208252,0.005159263499081135,0.4202427268028259,0.9467905163764954,6.67037966195494e-05,0.44261401891708374,0.9377012848854065,-0.0023117740638554096,0.45237401127815247,0.9522676467895508,0.005606798455119133,0.4201909601688385,0.9986849427223206,0.0076392642222344875,0.43677669763565063,0.9982160329818726,0.00788877997547388,0.45571064949035645,0.9810346364974976,0.0071782139129936695,0.4684617817401886,1.0090467929840088,0.002301289699971676,0.4415678083896637,1.042059302330017,0.004355909768491983,0.45548686385154724,1.0367248058319092,0.008378518745303154,0.4725392162799835,1.0205011367797852,0.009980767965316772,0.4877927899360657,1.053949236869812,-0.0008544139564037323,0.4637496769428253,1.069516897201538,0.0024432758800685406,0.47747913002967834,1.0620366334915161,0.009970161132514477,0.49298417568206787,1.0483179092407227,0.015933163464069366
0.5902843475341797,0.9415184259414673,-1.0680738427026881e-07,0.5444788932800293,0.8661766648292542,0.0009888570057228208,0.4879206717014313,0.8580945134162903,0.0023869159631431103,0.4494292736053467,0.9137954711914062,0.0029558513779193163,0.43843159079551697,0.9742084741592407,0.004494295921176672,0.4467082917690277,0.9159610271453857,0.008813364431262016,0.4082200229167938,0.9694408774375916,0.0045488751493394375,0.4245043694972992,0.9717807769775391,-0.0018699576612561941,0.44629374146461487,0.957510769367218,-0.005045751109719276,0.4544060230255127,0.9845085144042969,0.007278402801603079,0.4233027696609497,1.0249134302139282,0.00832289457321167,0.4389007091522217,1.0170671939849854,0.00561125623062253,0.45849475264549255,1.0025036334991455,0.0033981550950556993,0.46921807527542114,1.0418052673339844,0.005468364339321852,0.4398764371871948,1.0690054893493652,0.00823214091360569,0.45239952206611633,1.0588219165802002,0.011078090406954288,0.46976783871650696,1.0460940599441528,0.012107054702937603,0.48582008481025696,1.0872681140899658,0.003549027256667614,0.45877471566200256,1.1027697324752808,0.00839210581034422,0.47044461965560913,1.0916929244995117,0.01598101295530796,0.4850448966026306,1.080374002456665,0.021907547488808632
0.5925336480140686,0.9327574372291565,-1.047084197125514e-07,0.5406911373138428,0.876697301864624,0.00502397445961833,0.48769283294677734,0.8857360482215881,0.0074843005277216434,0.45323875546455383,0.9390231370925903,0.008489963598549366,0.4466705024242401,0.9990987777709961,0.008795028552412987,0.4521721303462982,0.9445757269859314,0.008846201002597809,0.41940543055534363,1.0105788707733154,0.006357586942613125,0.4284241497516632,1.0331562757492065,0.0012073795078322291,0.4431088864803314,1.03536057472229,-0.0017137005925178528,0.46457478404045105,1.0044264793395996,0.006264702882617712,0.4396018385887146,1.0664958953857422,0.008194860070943832,0.4499761760234833,1.068494439125061,0.004942034836858511,0.4659806191921234,1.0554229021072388,0.0014828884741291404,0.48489707708358765,1.0558645725250244,0.004065286833792925,0.45845285058021545,1.1058324575424194,0.005881838034838438,0.46810439229011536,1.0977838039398193,0.006268755067139864,0.48330581188201904,1.082061529159546,0.005341892130672932,0.5071499943733215,1.0941176414489746,0.002661618869751692,0.4826135039329529,1.1300384998321533,0.005447092931717634,0.4911377727985382,1.1197121143341064,0.011304481886327267,0.5035964250564575,1.1039958000183105,0.01590072363615036
0.6033220291137695,0.8952422738075256,-2.0125531818848685e-07,0.5687156319618225,0.8104209899902344,0.0011266563087701797,0.5291215181350708,0.79104083776474,0.004370639566332102,0.5076667666435242,0.8279226422309875,0.006828096695244312,0.5050999522209167,0.8711634278297424,0.008044818416237831,0.47179853916168213,0.8998663425445557,0.00819204282015562,0.4819968640804291,0.8886960744857788,0.010773305781185627,0.5029042363166809,0.8729549050331116,0.004555350169539452,0.5183473229408264,0.8633803725242615,-0.002002111403271556,0.487122118473053,0.9683724641799927,0.0050705233588814735,0.49566206336021423,0.9498804807662964,0.013397551141679287,0.5150330662727356,0.931735634803772,0.008401910774409771,0.5287749767303467,0.9229318499565125,0.00020598690025508404,0.5153195858001709,1.0172404050827026,0.002482796087861061,0.5173755884170532,1.005028247833252,0.0044747451320290565,0.5314180850982666,0.9826643466949463,-0.0010560990776866674,0.5435841679573059,0.9718055129051208,-0.007871169596910477,0.5447330474853516,1.0524417161941528,0.00044376496225595474,0.5462964177131653,1.0420012474060059,2.6720792448031716e-05,0.5578972101211548,1.0204004049301147,0.0015750119928270578,0.5686331987380981,1.0088874101638794,0.0018890626961365342
0.6111900806427002,0.8806355595588684,-1.6829066851187235e-07,0.5734755992889404,0.785753607749939,-0.003434516256675124,0.531683087348938,0.7664594650268555,-0.0033038794063031673,0.503301739692688,0.8003017902374268,-0.0028121250215917826,0.4989077150821686,0.8463528156280518,-0.0025912069249898195,0.4751661419868469,0.8611665964126587,-0.0005199071601964533,0.47390246391296387,0.8404852151870728,-0.003056166460737586,0.49212831258773804,0.8309094905853271,-0.010173661634325981,0.5066924095153809,0.8321015238761902,-0.01661759987473488,0.4829034209251404,0.9286873936653137,-0.0012751863105222583,0.4808766841888428,0.9069750308990479,0.002711088163778186,0.49861735105514526,0.8914967775344849,0.00020334110013209283,0.5163680911064148,0.8899985551834106,-0.004449330270290375,0.503710925579071,0.9787002801895142,-0.0019920621998608112,0.5009658932685852,0.9615516066551208,-0.0010336990235373378,0.5147572159767151,0.9424133896827698,-0.0010854427237063646,0.5308864116668701,0.9375655651092529,-0.003233877010643482,0.5289632678031921,1.0161956548690796,-0.0029255100525915623,0.5230745077133179,1.0010020732879639,-0.0037192385643720627,0.5342318415641785,0.9807658791542053,0.00021633603319060057,0.5483165383338928,0.9765658974647522,0.003281384240835905
0.605133056640625,0.8703927397727966,-1.2419803852026234e-07,0.5704249739646912,0.7725374698638916,-0.0023640759754925966,0.5308016538619995,0.7509657740592957,-0.0029325170908123255,0.5007126331329346,0.7668864727020264,-0.003291433211416006,0.49248209595680237,0.7961797118186951,-0.003904743352904916,0.4675307273864746,0.8314527869224548,-0.002053044270724058,0.472603440284729,0.807547926902771,-0.006092275958508253,0.49355265498161316,0.8011013269424438,-0.015329600311815739,0.5079878568649292,0.8098551034927368,-0.023184500634670258,0.47417640686035156,0.8987457156181335,-0.003980210516601801,0.47661292552948,0.8747087717056274,-0.000500985945109278,0.4953300654888153,0.8618063926696777,-0.0038284193724393845,0.5125362873077393,0.865462601184845,-0.009375795722007751,0.49437421560287476,0.9519249200820923,-0.005565843544900417,0.49500012397766113,0.9303576946258545,-0.003909553866833448,0.5097026228904724,0.9135417342185974,-0.0037834150716662407,0.5263027548789978,0.9115118980407715,-0.006201807875186205,0.5189491510391235,0.9918741583824158,-0.007441320456564426,0.5161995887756348,0.9724302291870117,-0.007672850973904133,0.528928279876709,0.954024612903595,-0.0033299571368843317,0.5432538986206055,0.9513134360313416,-0.00010194408969255164
0.597072184085846,0.8697391748428345,-1.3928757880421472e-07,0.5741087794303894,0.7672199010848999,-0.00047871272545307875,0.533050537109375,0.7286629676818848,0.0013324848841875792,0.49749961495399475,0.7303736209869385,0.003113986924290657,0.4810907542705536,0.7542536854743958,0.00491890124976635,0.46297964453697205,0.8050934076309204,0.0038739379961043596,0.465695321559906,0.7838011384010315,0.004085131920874119,0.4865093529224396,0.7824532985687256,-0.0023606745526194572,0.5002173781394958,0.7944214344024658,-0.00877494178712368,0.46566447615623474,0.8701367378234863,0.002270032186061144,0.4662792384624481,0.8479982614517212,0.00914126168936491,0.4845065772533417,0.8399996161460876,0.007015629671514034,0.5009289979934692,0.8467308878898621,0.0019305682508274913,0.4812568128108978,0.9258133172988892,0.000985399936325848,0.47722184658050537,0.9027228355407715,0.004894464276731014,0.491682767868042,0.8913138508796692,0.005217452067881823,0.508418083190918,0.8947734832763672,0.0027060227002948523,0.5019081234931946,0.9709077477455139,-0.0004374426498543471,0.4951411783695221,0.9466392397880554,0.0010980811202898622,0.5078625082969666,0.9317376017570496,0.005162154324352741,0.5222236514091492,0.9326288104057312,0.007951983250677586
0.5863433480262756,0.8541398644447327,-4.2064915106720946e-08,0.5695527195930481,0.7569877505302429,0.007306607905775309,0.5275388956069946,0.7224124670028687,0.015843825414776802,0.49179935455322266,0.724226176738739,0.023234957829117775,0.47194433212280273,0.7332362532615662,0.03090888448059559,0.4572524428367615,0.7814856767654419,0.017882004380226135,0.44012564420700073,0.7966869473457336,0.029484795406460762,0.45408201217651367,0.7998015880584717,0.03387490287423134,0.46923723816871643,0.7981229424476624,0.035187914967536926,0.45686858892440796,0.8469349145889282,0.016895141452550888,0.44340261816978455,0.8531755805015564,0.032509926706552505,0.4583263099193573,0.851326048374176,0.03665725886821747,0.47541654109954834,0.848373532295227,0.03646303340792656,0.46930935978889465,0.9043002128601074,0.016834022477269173,0.45426416397094727,0.9053972363471985,0.02799292653799057,0.46701785922050476,0.8995360136032104,0.030749892815947533,0.48516637086868286,0.8957834839820862,0.02977309189736843,0.48748013377189636,0.9521117806434631,0.017348073422908783,0.47456952929496765,0.952281653881073,0.025572793558239937,0.4849533438682556,0.9432950019836426,0.030830062925815582,0.49915435910224915,0.9371484518051147,0.03415026143193245
0.5826659798622131,0.8563365340232849,-9.202551609632792e-08,0.5693060755729675,0.7552366256713867,0.0029779565520584583,0.5226143002510071,0.715262770652771,0.008980882354080677,0.48322242498397827,0.7303510904312134,0.014738149009644985,0.46699804067611694,0.7591987252235413,0.021006636321544647,0.4575565457344055,0.7737001776695251,0.010546239092946053,0.42739295959472656,0.7949764728546143,0.015516750514507294,0.4424974024295807,0.7952938675880432,0.01585754007101059,0.4601023197174072,0.7893749475479126,0.015531688928604126,0.4559885561466217,0.8418294191360474,0.010544560849666595,0.43040454387664795,0.8554224967956543,0.0213928259909153,0.44693636894226074,0.8505369424819946,0.02502073533833027,0.4646974503993988,0.8436776399612427,0.025233076885342598,0.4663504660129547,0.9012610912322998,0.010752439498901367,0.43932217359542847,0.9090142846107483,0.01833455078303814,0.4534180760383606,0.9002391695976257,0.022066636011004448,0.47221240401268005,0.8931572437286377,0.022440217435359955,0.4829045534133911,0.9507824182510376,0.011303456500172615,0.46005862951278687,0.9566723108291626,0.017850257456302643,0.4708285927772522,0.9462228417396545,0.024438897147774696,0.48532554507255554,0.9385874271392822,0.02881847880780697
0.58205246925354,0.8662475347518921,-1.30690935407074e-07,0.5661223530769348,0.7689927220344543,0.0020790076814591885,0.5173431038856506,0.7285608053207397,0.006574294529855251,0.47954094409942627,0.7520557045936584,0.010571688413619995,0.4633246958255768,0.7889176607131958,0.014803419820964336,0.45410364866256714,0.772545576095581,0.007086826954036951,0.41792237758636475,0.7974532842636108,0.00710670743137598,0.4321781396865845,0.8069590330123901,0.004719116725027561,0.45229437947273254,0.8052740097045898,0.0035657454282045364,0.4515323042869568,0.8434882164001465,0.005740382242947817,0.41785216331481934,0.8626728653907776,0.011301644146442413,0.4357598125934601,0.8640104532241821,0.013549159280955791,0.45647501945495605,0.8583889007568359,0.014211192727088928,0.4607405662536621,0.9060831665992737,0.004389772657305002,0.42630356550216675,0.920052707195282,0.007369654253125191,0.44325369596481323,0.9160242080688477,0.011579833924770355,0.4642517566680908,0.9097400307655334,0.013649056665599346,0.47772732377052307,0.9602957367897034,0.003402428701519966,0.4475765824317932,0.9675260186195374,0.0058897207491099834,0.460880845785141,0.9593580961227417,0.013114356435835361,0.47817328572273254,0.951736330986023,0.019065141677856445
0.5824298858642578,0.8799386620521545,-1.1866774940472169e-07,0.5603271722793579,0.7837451100349426,0.006039493251591921,0.5128046274185181,0.7487466335296631,0.011255793273448944,0.47713908553123474,0.772842526435852,0.01494729146361351,0.4605178236961365,0.8110237717628479,0.018607566133141518,0.4533936083316803,0.7855446934700012,0.00867720041424036,0.4103730618953705,0.8084588646888733,0.009018897078931332,0.42375484108924866,0.8190704584121704,0.007644236087799072,0.4440002739429474,0.8181302547454834,0.007275046315044165,0.4506072998046875,0.8562699556350708,0.005068603903055191,0.40914762020111084,0.8761374354362488,0.010338678024709225,0.42698365449905396,0.878963053226471,0.013062273152172565,0.44882887601852417,0.8748694658279419,0.014333252795040607,0.4594346284866333,0.92072993516922,0.001965603092685342,0.42002445459365845,0.9364553689956665,0.005356666631996632,0.4369048774242401,0.9332330226898193,0.010243083350360394,0.45805254578590393,0.9271067976951599,0.012745006941258907,0.4761114716529846,0.976894199848175,-0.0003953973646275699,0.4435957670211792,0.986341118812561,0.0024373421911150217,0.45627689361572266,0.9785682559013367,0.01026858203113079,0.4730190336704254,0.9706388711929321,0.016681944951415062
0.5831307172775269,0.8929158449172974,-1.0163859087697347e-07,0.5581920146942139,0.8012841939926147,0.0060167983174324036,0.5110958814620972,0.768314003944397,0.01037148479372263,0.47509220242500305,0.792526125907898,0.013329025357961655,0.45585256814956665,0.8309441208839417,0.01651260070502758,0.45321381092071533,0.8020930886268616,0.005742050241678953,0.4039853811264038,0.8255527019500732,0.004932675044983625,0.4180550277233124,0.8402999043464661,0.00390045577660203,0.4395674467086792,0.8399678468704224,0.004160927142947912,0.4498806595802307,0.8754088878631592,0.0018006294267252088,0.40097329020500183,0.8966830968856812,0.00589693384245038,0.41997992992401123,0.9020810723304749,0.00992167554795742,0.44233065843582153,0.8973561525344849,0.012407316826283932,0.4583907723426819,0.9432426691055298,-0.0015543086919933558,0.4118373394012451,0.9577005505561829,0.00127277965657413,0.4299677014350891,0.9562552571296692,0.008202144876122475,0.45167088508605957,0.9509248733520508,0.012187091633677483,0.4752967357635498,1.003034234046936,-0.0041051264852285385,0.4389762878417969,1.0076478719711304,-0.0012387611204758286,0.4520108699798584,1.0016621351242065,0.00812483299523592,0.4690265953540802,0.9957143068313599,0.015727300196886063
0.5787063837051392,0.9041081666946411,-1.3927198949659214e-07,0.5547244548797607,0.8150919675827026,0.007717468310147524,0.5084648728370667,0.784369945526123,0.013922049663960934,0.46758636832237244,0.7977407574653625,0.018545830622315407,0.4422503709793091,0.8219770193099976,0.02408110909163952,0.4516710042953491,0.8199500441551208,0.008884521201252937,0.3992235064506531,0.8390609622001648,0.008796244859695435,0.4132307767868042,0.8554579019546509,0.00942856166511774,0.4356094002723694,0.855398952960968,0.011355248279869556,0.4490918815135956,0.8890295624732971,0.0052828555926680565,0.39457273483276367,0.9120516777038574,0.008262568153440952,0.4129422903060913,0.9189924597740173,0.013240688480436802,0.4357495903968811,0.9135198593139648,0.017430488020181656,0.4576418697834015,0.952542245388031,0.002188037382438779,0.40885165333747864,0.9727142453193665,0.004870391916483641,0.42591437697410583,0.9702095985412598,0.012718463316559792,0.4470275044441223,0.9626166820526123,0.018081195652484894,0.47360748052597046,1.006340742111206,-4.13433117500972e-05,0.4351370334625244,1.0159741640090942,0.004560867324471474,0.4454955458641052,1.0111943483352661,0.01431831531226635,0.4614526331424713,1.0039321184158325,0.02222447283565998
0.5784736275672913,0.9049968123435974,-1.3695564859972365e-07,0.5503699779510498,0.8203579187393188,0.005464485846459866,0.5051685571670532,0.7937068939208984,0.008630274794995785,0.4672624468803406,0.809786856174469,0.010472219437360764,0.44563746452331543,0.8435045480728149,0.013004070147871971,0.452341228723526,0.8297079801559448,0.0019202445400878787,0.39954107999801636,0.8498732447624207,-0.001622784766368568,0.41317683458328247,0.8681396842002869,-0.002955144038423896,0.4352007210254669,0.8698659539222717,-0.0022019227035343647,0.45129549503326416,0.8970123529434204,-0.0022187912836670876,0.3939763903617859,0.9231532216072083,-0.00201447238214314,0.4126390814781189,0.928919792175293,0.002231770195066929,0.43679243326187134,0.9218025803565979,0.006224549375474453,0.46303170919418335,0.958466649055481,-0.005757755134254694,0.41008055210113525,0.9813739061355591,-0.006320190615952015,0.42779242992401123,0.9781976342201233,0.0014351475983858109,0.44996386766433716,0.968142032623291,0.007379473652690649,0.48273614048957825,1.0093019008636475,-0.00839647464454174,0.4451095163822174,1.020880103111267,-0.00788932479918003,0.45487523078918457,1.0152617692947388,0.0009657219052314758,0.470803827047348,1.0064128637313843,0.009004928171634674
0.5806776285171509,0.9103574156761169,-1.5088717475464364e-07,0.5514065623283386,0.8260552883148193,0.006715567782521248,0.504596471786499,0.8013073205947876,0.010860951617360115,0.4646453559398651,0.8198692202568054,0.013974499888718128,0.4419068694114685,0.8561911582946777,0.017799019813537598,0.45284995436668396,0.8361121416091919,0.0019371150992810726,0.39873218536376953,0.8630949854850769,0.00025795173132792115,0.41429078578948975,0.8818760514259338,0.0006161307101137936,0.4373149275779724,0.8801073431968689,0.0023351951967924833,0.4518655240535736,0.9058135747909546,-0.002052436815574765,0.3938542604446411,0.9341580867767334,-0.0002718268078751862,0.41306784749031067,0.9407709836959839,0.005389404483139515,0.43746688961982727,0.9337867498397827,0.010168247856199741,0.46338963508605957,0.9693790674209595,-0.005130513571202755,0.4109359681606293,0.9921351671218872,-0.003811873262748122,0.42855024337768555,0.9889040589332581,0.005247670225799084,0.45044881105422974,0.9795165061950684,0.011679635383188725,0.48272937536239624,1.0219433307647705,-0.007205195724964142,0.4430961608886719,1.0332789421081543,-0.004760043695569038,0.4534265995025635,1.0273717641830444,0.005451570730656385,0.4695582985877991,1.0188878774642944,0.014118565246462822
0.5816894769668579,0.9207010865211487,-1.5800830510670494e-07,0.5535405278205872,0.8363018035888672,0.006831033620983362,0.5064681172370911,0.8106598854064941,0.011744129471480846,0.46740272641181946,0.8323410153388977,0.015419619157910347,0.44591444730758667,0.8719812035560608,0.019763922318816185,0.4490908682346344,0.8481828570365906,0.005513316486030817,0.3975926339626312,0.8788437843322754,0.004646528512239456,0.41166672110557556,0.8984106779098511,0.00469929538667202,0.4339972734451294,0.8957854509353638,0.006091054063290358,0.4479408264160156,0.9177486300468445,0.002105463296175003,0.3954450190067291,0.9514175653457642,0.0048364088870584965,0.4137863516807556,0.9589105248451233,0.009930177591741085,0.4370943307876587,0.950221836566925,0.013967523351311684,0.45866313576698303,0.9814974069595337,-0.0005985451280139387,0.4126863479614258,1.0080277919769287,0.0019101870711892843,0.428693950176239,1.0064308643341064,0.009791163727641106,0.4496742784976959,0.9972187876701355,0.014972168952226639,0.47636038064956665,1.035110354423523,-0.002419769996777177,0.4408837556838989,1.0487802028656006,0.001768594840541482,0.4516308009624481,1.0433709621429443,0.011724484153091908,0.4680677354335785,1.0349160432815552,0.01984729804098606
0.5834354162216187,0.9278733134269714,-1.3263127129903296e-07,0.5495011210441589,0.8474302291870117,0.004151419270783663,0.5005865097045898,0.8273719549179077,0.005749471951276064,0.46470481157302856,0.858376681804657,0.006112908478826284,0.44736596941947937,0.9063118100166321,0.006964154075831175,0.4472847580909729,0.8624218702316284,0.0022310358472168446,0.39819782972335815,0.9036779999732971,-0.0022975588217377663,0.4127241373062134,0.9229297637939453,-0.005619072820991278,0.4361078441143036,0.917641282081604,-0.006357521750032902,0.4483838677406311,0.9334089159965515,-0.0014340514317154884,0.3994618058204651,0.9758289456367493,-0.000582749315071851,0.41583240032196045,0.9851350784301758,0.002120657591149211,0.4380853474140167,0.9759781360626221,0.003923413343727589,0.4599694609642029,0.9983910322189331,-0.004845852497965097,0.4178529977798462,1.0310173034667969,-0.003266234416514635,0.4318142235279083,1.0326268672943115,0.002907579531893134,0.4514697194099426,1.022630214691162,0.006396029144525528,0.4773463010787964,1.0530853271484375,-0.007758499123156071,0.4446866810321808,1.0702526569366455,-0.004242297261953354,0.4556715488433838,1.0658273696899414,0.004767800681293011,0.47167569398880005,1.0566097497940063,0.011825607158243656
0.5826264023780823,0.9346197247505188,-1.1844885960954343e-07,0.5413023829460144,0.8566364645957947,0.007796621415764093,0.4913110136985779,0.846117377281189,0.010757442563772202,0.4552198052406311,0.8894429206848145,0.012235245667397976,0.4400593638420105,0.9388247132301331,0.01426187064498663,0.44483986496925354,0.8817037343978882,0.00463338615372777,0.3974100947380066,0.9309754967689514,0.0031557937618345022,0.412482351064682,0.9417667388916016,0.0019103818340227008,0.4337502419948578,0.9323062896728516,0.00217373832128942,0.4496093690395355,0.9499868154525757,0.0003542011836543679,0.4024354815483093,0.9942641258239746,0.003523612394928932,0.41653555631637573,0.9960756301879883,0.006833760533481836,0.43716248869895935,0.9863308072090149,0.00859129335731268,0.4627627730369568,1.0091580152511597,-0.0029427423141896725,0.4263266921043396,1.039369821548462,0.0023793461732566357,0.43771126866340637,1.0326858758926392,0.008837224915623665,0.45533666014671326,1.0211496353149414,0.011628031730651855,0.47972145676612854,1.0556696653366089,-0.005559887271374464,0.4486846923828125,1.068941593170166,0.0017748220125213265,0.45929375290870667,1.0584218502044678,0.011655345559120178,0.4748571813106537,1.0469021797180176,0.018631095066666603
0.5843077898025513,0.9383147954940796,-1.3781993857264752e-07,0.5361385345458984,0.8683714270591736,0.00736969243735075,0.48543423414230347,0.8671038150787354,0.010065430775284767,0.45167577266693115,0.9176985025405884,0.010676703415811062,0.4409481883049011,0.9719905853271484,0.011838102713227272,0.445454865694046,0.9096082448959351,0.008232716470956802,0.39942339062690735,0.9591493010520935,0.005651355721056461,0.41573163866996765,0.9700843095779419,0.0020963612478226423,0.438503235578537,0.9619894623756409,0.0008396677440032363,0.45175814628601074,0.9752939343452454,0.004342939238995314,0.41847652196884155,1.0146276950836182,0.008458532392978668,0.435085654258728,1.010743498802185,0.009726283140480518,0.4536457657814026,0.9966632723808289,0.00924695935100317,0.4664120376110077,1.0303757190704346,0.0009709253790788352,0.4392412602901459,1.0561155080795288,0.007631105836480856,0.45213884115219116,1.047566533088684,0.012567779049277306,0.4685764014720917,1.0354063510894775,0.01355062611401081,0.48306354880332947,1.0732195377349854,-0.0020562855061143637,0.4582247734069824,1.0860071182250977,0.0060541280545294285,0.46991848945617676,1.0762133598327637,0.014879037626087666,0.48396050930023193,1.0653855800628662,0.020739812403917313
0.5862374305725098,0.9266108274459839,-1.1512591413520568e-07,0.5332557559013367,0.8791191577911377,0.007436603773385286,0.4825098216533661,0.8971620798110962,0.009638330899178982,0.4486093819141388,0.9520599246025085,0.009452694095671177,0.44058144092559814,1.011936068534851,0.008267653174698353,0.4485205113887787,0.9366670250892639,0.010461191646754742,0.4129197895526886,1.005003571510315,0.006580532994121313,0.4149583876132965,1.0410009622573853,-1.4034530977369286e-06,0.42444124817848206,1.0548173189163208,-0.003972630016505718,0.45922189950942993,0.9924855828285217,0.005868570413440466,0.43263474106788635,1.0584149360656738,0.006775697693228722,0.44032734632492065,1.0701572895050049,0.003419354557991028,0.45357394218444824,1.0639944076538086,-6.879722786834463e-05,0.4776041805744171,1.042346715927124,0.0017613742966204882,0.4508461654186249,1.0955387353897095,0.004269142169505358,0.4587862193584442,1.0947463512420654,0.006093848031014204,0.47208142280578613,1.0825315713882446,0.0058595361188054085,0.4978621304035187,1.0802799463272095,-0.0016425125068053603,0.47324666380882263,1.119981050491333,0.00224972702562809,0.48018351197242737,1.1148934364318848,0.009158945642411709,0.4916503131389618,1.1016863584518433,0.01442981231957674
0.5871484279632568,0.9313634634017944,-2.1414592765722773e-07,0.5602501034736633,0.8503976464271545,0.0010638702660799026,0.5187191367149353,0.8380523324012756,0.004106947686523199,0.4897423982620239,0.8721096515655518,0.00574250565841794,0.48104608058929443,0.9169378876686096,0.00625810818746686,0.4518807530403137,0.9034242630004883,0.015511998906731606,0.4574613869190216,0.928763747215271,0.017639562487602234,0.4781883955001831,0.9293912053108215,0.010229729115962982,0.49381381273269653,0.9226959347724915,0.003399849869310856,0.4541289508342743,0.9724246859550476,0.012927048839628696,0.46083176136016846,0.9925895929336548,0.02026120200753212,0.48221367597579956,0.9894653558731079,0.014937536790966988,0.4982573986053467,0.9820553660392761,0.008108626119792461,0.470345675945282,1.031915307044983,0.010177401825785637,0.4680168926715851,1.0480479001998901,0.013599107041954994,0.48538756370544434,1.0398492813110352,0.010811509564518929,0.5003127455711365,1.0319145917892456,0.006999805103987455,0.4914470911026001,1.0817583799362183,0.007441890891641378,0.48481422662734985,1.0914032459259033,0.010886194184422493,0.499432772397995,1.080504059791565,0.01608145982027054,0.5125231146812439,1.0733304023742676,0.019764861091971397
0.5887930989265442,0.9189159274101257,-1.8550383629190037e-07,0.5636172294616699,0.8221909999847412,-0.00041480406071059406,0.518753707408905,0.809596061706543,0.003790099173784256,0.4881209135055542,0.847338080406189,0.00831105001270771,0.48019376397132874,0.8918002843856812,0.012703057378530502,0.4569213390350342,0.8696942329406738,0.009288053959608078,0.4627789855003357,0.8871527314186096,0.0096739511936903,0.4812387228012085,0.8835983872413635,0.0031078332103788853,0.4961240291595459,0.8773031830787659,-0.00234436453320086,0.45739954710006714,0.9388431310653687,0.009835907258093357,0.46266239881515503,0.9515301585197449,0.017756085842847824,0.480672150850296,0.9438687562942505,0.015788422897458076,0.4973868727684021,0.9365301132202148,0.01177682913839817,0.47218987345695496,0.9976751804351807,0.010318484157323837,0.47357624769210815,1.0095711946487427,0.015363029204308987,0.48786604404449463,0.9966715574264526,0.01566070131957531,0.5033087730407715,0.9853922128677368,0.013762477785348892,0.4922533929347992,1.046678900718689,0.010620974004268646,0.48854947090148926,1.053619623184204,0.014040328562259674,0.501083254814148,1.038913607597351,0.018870282918214798,0.5147174596786499,1.0294303894042969,0.022610487416386604
0.5815193057060242,0.9206035733222961,-7.702666948716796e-08,0.5639177560806274,0.8183590769767761,-0.0025756715331226587,0.5187699198722839,0.7941594123840332,0.0012994713615626097,0.483743816614151,0.8169094324111938,0.005203559994697571,0.4710749685764313,0.8572320938110352,0.009655334986746311,0.45412635803222656,0.8461112976074219,0.011681647971272469,0.44626012444496155,0.8491768836975098,0.013020826503634453,0.4635715186595917,0.8504104614257812,0.008294012397527695,0.4791279435157776,0.8546745777130127,0.0041600726544857025,0.4512621760368347,0.9151687622070312,0.012434669770300388,0.43885692954063416,0.912935197353363,0.019165102392435074,0.4540822207927704,0.9052167534828186,0.018600303679704666,0.4727480113506317,0.9076507687568665,0.01655414141714573,0.4616434574127197,0.9738054275512695,0.012354335747659206,0.4436318278312683,0.9708853960037231,0.016216160729527473,0.45676058530807495,0.9596450924873352,0.01841948740184307,0.47480079531669617,0.9596764445304871,0.018810929730534554,0.47795990109443665,1.0201609134674072,0.01177937537431717,0.4571135342121124,1.013517141342163,0.015264855697751045,0.467052698135376,1.0015090703964233,0.021277600899338722,0.4817463159561157,1.0013468265533447,0.025948740541934967
0.5743499398231506,0.894623339176178,-3.465647546718742e-09,0.5550602674484253,0.8047956824302673,-0.0005708765238523483,0.510656476020813,0.7785562872886658,0.0013582920655608177,0.47908681631088257,0.8046212196350098,0.002621691906824708,0.46269986033439636,0.8434974551200867,0.004286103881895542,0.4449884295463562,0.8208675384521484,0.008050555363297462,0.42150914669036865,0.8589646220207214,0.008324657566845417,0.43563908338546753,0.8652883768081665,0.00578848272562027,0.4527861177921295,0.8578692078590393,0.003957801964133978,0.4461086392402649,0.890448808670044,0.006351703777909279,0.41873520612716675,0.9187067151069641,0.010485464707016945,0.43359705805778503,0.9201776385307312,0.011308197863399982,0.4533308744430542,0.9130268692970276,0.01111894752830267,0.4591604769229889,0.9530214667320251,0.004152791574597359,0.43128502368927,0.9756510853767395,0.005140116438269615,0.44539839029312134,0.9717708826065063,0.008289802819490433,0.4641420245170593,0.9624151587486267,0.010099413804709911,0.47918903827667236,1.0058207511901855,0.0019540395587682724,0.4551105201244354,1.0195839405059814,0.003104576375335455,0.46557414531707764,1.0117934942245483,0.00934902299195528,0.47969070076942444,1.0022544860839844,0.014775997027754784
0.5745903849601746,0.8923978805541992,-9.891153496255356e-08,0.5611159801483154,0.7954111695289612,0.0058570983819663525,0.5177804827690125,0.7577992677688599,0.011717983521521091,0.48213011026382446,0.777870774269104,0.01631031557917595,0.4658031165599823,0.8157275319099426,0.021218707785010338,0.4491572678089142,0.8018568754196167,0.010966964066028595,0.41079992055892944,0.8254638314247131,0.013752257451415062,0.42445358633995056,0.8392999172210693,0.014354714192450047,0.44453713297843933,0.8384042382240295,0.015240146778523922,0.4457911252975464,0.8734149932861328,0.008180174976587296,0.4067331850528717,0.8929427862167358,0.015867874026298523,0.4233756363391876,0.8987745642662048,0.020742330700159073,0.44458016753196716,0.894361138343811,0.023444078862667084,0.4565357565879822,0.9395141005516052,0.005733288824558258,0.4168388843536377,0.9564990401268005,0.009196635335683823,0.43439555168151855,0.9550786018371582,0.015298115089535713,0.45638135075569153,0.948435366153717,0.019186776131391525,0.4759775996208191,0.9970676302909851,0.004102282226085663,0.4436766505241394,1.0083794593811035,0.00785240437835455,0.4561202824115753,1.0022289752960205,0.016745280474424362,0.4738154709339142,0.9943516254425049,0.023936796933412552
0.5720023512840271,0.8963215947151184,-1.3243020191566757e-07,0.5583235025405884,0.7956421375274658,0.004548279102891684,0.5121378898620605,0.753699541091919,0.010010788217186928,0.47348752617836,0.7684779763221741,0.014357084408402443,0.4514067471027374,0.7907043695449829,0.019266970455646515,0.4493938684463501,0.7917092442512512,0.006359761580824852,0.404208242893219,0.8036696910858154,0.005647243000566959,0.41637298464775085,0.8148416876792908,0.004889615345746279,0.4366706907749176,0.8183138370513916,0.005389622878283262,0.4456108808517456,0.8632399439811707,0.0032427902333438396,0.39638054370880127,0.8766527771949768,0.006428813561797142,0.41317492723464966,0.8789697289466858,0.010502290911972523,0.43592751026153564,0.876100480556488,0.013643287122249603,0.4538866877555847,0.928088366985321,0.00038111850153654814,0.4056851863861084,0.9393214583396912,0.00037796807009726763,0.4231344759464264,0.9339857697486877,0.006895339582115412,0.44596195220947266,0.9290617108345032,0.011771771125495434,0.4706215560436249,0.9849175214767456,-0.0016925977542996407,0.4334813356399536,0.9875525832176208,-0.001605865778401494,0.4464677572250366,0.9779284596443176,0.006722849328070879,0.4650922417640686,0.9714381694793701,0.01418354082852602
0.5716877579689026,0.8992743492126465,-8.674778229078584e-08,0.5573110580444336,0.7962781190872192,0.007815965451300144,0.5158737301826477,0.7518918514251709,0.014239040203392506,0.47763630747795105,0.7628018856048584,0.020147107541561127,0.4554196894168854,0.7855890989303589,0.027209604158997536,0.4538120925426483,0.7854238748550415,0.004238776862621307,0.3993849754333496,0.7854852676391602,0.005480348598212004,0.40547430515289307,0.8036019802093506,0.009173787198960781,0.42567703127861023,0.8140893578529358,0.013545671477913857,0.4462096691131592,0.8588843941688538,0.0013197434600442648,0.387378454208374,0.8681887984275818,0.0043273125775158405,0.40134626626968384,0.8739562630653381,0.011998915113508701,0.42401909828186035,0.8731964230537415,0.018747780472040176,0.4519515633583069,0.9246845841407776,-0.000494356092531234,0.39996644854545593,0.9347242712974548,0.0015635221498087049,0.4167429208755493,0.9314302206039429,0.011777428910136223,0.4380376636981964,0.9280768632888794,0.019601186737418175,0.46802854537963867,0.9802039861679077,-0.0010736760450527072,0.42844513058662415,0.9833041429519653,0.0035487753339111805,0.4390038251876831,0.9766865372657776,0.015395516529679298,0.4554480016231537,0.971498429775238,0.025332866236567497
0.5743443369865417,0.902076005935669,-1.2515012315361673e-07,0.5527284145355225,0.8040798306465149,0.012668515555560589,0.5100821852684021,0.7661476135253906,0.019793322309851646,0.4691542685031891,0.7741391062736511,0.02583230845630169,0.44464433193206787,0.7919012308120728,0.03320620581507683,0.45444172620773315,0.7917661666870117,0.0028967843391001225,0.39395394921302795,0.7916244864463806,0.005042369943112135,0.4048446714878082,0.8103183507919312,0.010831779800355434,0.42929235100746155,0.8167335391044617,0.016559580340981483,0.44593876600265503,0.8629385232925415,-0.0018151130061596632,0.3813411593437195,0.871800422668457,0.0019785508047789335,0.3977883458137512,0.8781103491783142,0.012050815857946873,0.422474205493927,0.8759860992431641,0.020079219713807106,0.4508104622364044,0.9290944337844849,-0.004626842215657234,0.3948611617088318,0.9397681951522827,-0.0003880138974636793,0.4119117856025696,0.9346842765808105,0.012403203174471855,0.4339589774608612,0.9286788105964661,0.021143177524209023,0.4665575623512268,0.9868813753128052,-0.005800031591206789,0.42459312081336975,0.9911181926727295,0.0002501329581718892,0.43393564224243164,0.9819716215133667,0.013335909694433212,0.4500223994255066,0.9743989706039429,0.023804407566785812
0.5754661560058594,0.9127354621887207,-1.0885462131682289e-07,0.5540148019790649,0.815741777420044,0.008774761110544205,0.511847734451294,0.7751471400260925,0.013553831726312637,0.47043365240097046,0.7799638509750366,0.017657579854130745,0.4426669776439667,0.7971742153167725,0.023488156497478485,0.45390984416007996,0.7980790138244629,-0.0002012459735851735,0.3931898772716522,0.7895262837409973,-0.0011179503053426743,0.40273600816726685,0.810942530632019,0.002859740052372217,0.4271225333213806,0.8212535381317139,0.007834353484213352,0.4440349340438843,0.8709153532981873,-0.004413480870425701,0.3772166073322296,0.8761026263237,-0.004254079423844814,0.3937920331954956,0.8837609887123108,0.004238196648657322,0.41971486806869507,0.8832698464393616,0.012213272042572498,0.44790908694267273,0.9398461580276489,-0.007198360748589039,0.3915044665336609,0.9474787712097168,-0.0058358339592814445,0.4096441864967346,0.9443700909614563,0.006777607370167971,0.4322214126586914,0.9404429793357849,0.01629501022398472,0.46261852979660034,1.0009939670562744,-0.008680712431669235,0.4201261103153229,1.0038038492202759,-0.004224965814501047,0.43001049757003784,0.999228835105896,0.009155040606856346,0.44632488489151,0.9953086376190186,0.020444359630346298
0.5753717422485352,0.918239176273346,-1.0328263755354783e-07,0.5483561754226685,0.8171490430831909,0.015014927834272385,0.5043633580207825,0.7839140295982361,0.02323845960199833,0.4647747576236725,0.7955313324928284,0.030137740075588226,0.43922775983810425,0.8209187984466553,0.03869469836354256,0.45280224084854126,0.811876654624939,0.006065199617296457,0.391127347946167,0.7994655966758728,0.008255703374743462,0.39927923679351807,0.8133092522621155,0.014710450544953346,0.4236113131046295,0.8221448659896851,0.021581755951046944,0.44311094284057617,0.8847424387931824,0.0009285631240345538,0.37319862842559814,0.8892267942428589,0.0037362969014793634,0.38777193427085876,0.8889680504798889,0.013874880969524384,0.4133017659187317,0.8856860995292664,0.02288622409105301,0.44746920466423035,0.9484505653381348,-0.0022217687219381332,0.38921624422073364,0.9588260054588318,0.0024621475022286177,0.40556490421295166,0.9481502175331116,0.014741631224751472,0.4269735515117645,0.9405179023742676,0.02356736548244953,0.4621994197368622,0.998969554901123,-0.003485000692307949,0.41887569427490234,1.0059928894042969,0.004066383466124535,0.42684468626976013,0.9971862435340881,0.017164094373583794,0.4424009919166565,0.9890844225883484,0.027743306010961533
0.5752370357513428,0.9207380414009094,-8.439078413857715e-08,0.5460120439529419,0.8238712549209595,0.01293849479407072,0.5017268061637878,0.7948466539382935,0.018633054569363594,0.46105271577835083,0.8072136044502258,0.023327892646193504,0.43416446447372437,0.8344961404800415,0.029600907117128372,0.4525032937526703,0.8210322260856628,0.00045691884588450193,0.3892306387424469,0.8094100952148438,0.0005530226044356823,0.39434707164764404,0.8245552182197571,0.006289646029472351,0.4167884588241577,0.8342474699020386,0.012937895953655243,0.4433310031890869,0.8927741646766663,-0.004574907477945089,0.3709820806980133,0.8988890051841736,-0.003386553842574358,0.38207101821899414,0.900752067565918,0.0065404195338487625,0.40701621770858765,0.8994185924530029,0.015373132191598415,0.4482579529285431,0.9567424058914185,-0.007559729740023613,0.38780122995376587,0.9701080322265625,-0.003759352257475257,0.4021276831626892,0.9604895114898682,0.009046821855008602,0.4236396849155426,0.9524141550064087,0.018113551661372185,0.4635665714740753,1.0079313516616821,-0.008811228908598423,0.418328195810318,1.0176420211791992,-0.0018879349809139967,0.42439723014831543,1.0091886520385742,0.011489623226225376,0.4395763576030731,0.9999411106109619,0.022224022075533867
0.5731679201126099,0.9273133873939514,-8.883964142114564e-08,0.5453467965126038,0.8362919688224792,0.0077818939462304115,0.5042625069618225,0.8065143823623657,0.010274208150804043,0.46572744846343994,0.8187723755836487,0.011828843504190445,0.44028276205062866,0.8499158024787903,0.014402009546756744,0.45233914256095886,0.8316599130630493,-0.0027108164504170418,0.38853877782821655,0.8273919224739075,-0.0077011724933981895,0.3886392116546631,0.8446674942970276,-0.007207371760159731,0.40808969736099243,0.8560425639152527,-0.00363987241871655,0.4428042769432068,0.901458740234375,-0.006509307771921158,0.3736587166786194,0.9136296510696411,-0.007286644075065851,0.3831775486469269,0.9216805100440979,-0.0006858634296804667,0.4071403741836548,0.9233760237693787,0.005525290034711361,0.44714683294296265,0.9637571573257446,-0.009205319918692112,0.3852974474430084,0.9812331199645996,-0.008379828184843063,0.39786237478256226,0.9816511869430542,0.0010639313841238618,0.4195707142353058,0.9777764081954956,0.008069661445915699,0.4606633186340332,1.0127993822097778,-0.010598099790513515,0.41608041524887085,1.0264272689819336,-0.007486357819288969,0.4217074513435364,1.0264968872070312,0.0027639770414680243,0.43683159351348877,1.0216366052627563,0.011697378940880299
0.5712705850601196,0.9382169246673584,-9.786425891888939e-08,0.5437108874320984,0.85276859998703,0.0035958788357675076,0.5007652044296265,0.8183977603912354,0.0037777565885335207,0.46081021428108215,0.8317521810531616,0.003712994512170553,0.43454790115356445,0.8655360341072083,0.005115076433867216,0.44948241114616394,0.846389889717102,-0.008245974779129028,0.38379716873168945,0.8478584289550781,-0.01700950227677822,0.3904261887073517,0.8724429607391357,-0.018327074125409126,0.41517797112464905,0.880915641784668,-0.015609257854521275,0.44184884428977966,0.9176262021064758,-0.011574558913707733,0.37040939927101135,0.9333502650260925,-0.017486032098531723,0.38443511724472046,0.9488182663917542,-0.012639819644391537,0.4112732708454132,0.9493403434753418,-0.006234366912394762,0.4466859698295593,0.9833090305328369,-0.014139987528324127,0.38801202178001404,1.0030624866485596,-0.017040016129612923,0.4011669158935547,1.0092861652374268,-0.0073386551812291145,0.4235108196735382,1.0047674179077148,0.001144319772720337,0.45990321040153503,1.0373491048812866,-0.015765801072120667,0.41574007272720337,1.0510916709899902,-0.013866741210222244,0.42216137051582336,1.0544310808181763,-0.0025089329574257135,0.4385565519332886,1.049647569656372,0.007847954519093037
0.5761087536811829,0.9490317106246948,-1.175014574528177e-07,0.5462760925292969,0.8661502003669739,0.003052596701309085,0.49830520153045654,0.8352379202842712,0.0024677745532244444,0.45478689670562744,0.855125367641449,0.0014171357033774257,0.42787936329841614,0.8970379829406738,0.001701857428997755,0.4481714367866516,0.857990562915802,-0.00825148168951273,0.3820470869541168,0.8678661584854126,-0.017066791653633118,0.38713300228118896,0.8991266489028931,-0.018976129591464996,0.41089412569999695,0.9077423810958862,-0.017219798639416695,0.44164034724235535,0.9285597205162048,-0.012165776453912258,0.3726283609867096,0.9523247480392456,-0.017159748822450638,0.38628143072128296,0.9756788015365601,-0.012392331846058369,0.41257211565971375,0.9773841500282288,-0.006950464099645615,0.44706660509109497,0.9976977109909058,-0.01544506847858429,0.3906171917915344,1.022666096687317,-0.017242344096302986,0.403761088848114,1.0350109338760376,-0.006920672953128815,0.4267944395542145,1.0312000513076782,0.0009484814363531768,0.4603414535522461,1.058893084526062,-0.018080739304423332,0.41830432415008545,1.0735037326812744,-0.015513861551880836,0.4263877272605896,1.0793262720108032,-0.0038200588896870613,0.44381800293922424,1.075421929359436,0.00615220470353961
0.5760206580162048,0.9482345581054688,-1.0331685018627468e-07,0.5393633842468262,0.8704759478569031,0.0060881152749061584,0.490553617477417,0.8525257110595703,0.006171958986669779,0.4511316120624542,0.8789949417114258,0.004974306561052799,0.4283863604068756,0.9228729009628296,0.004755411762744188,0.445279598236084,0.8818114399909973,-0.005597199313342571,0.37968772649765015,0.8960879445075989,-0.01535753719508648,0.3830614686012268,0.923890233039856,-0.01842520944774151,0.40598466992378235,0.933367908000946,-0.017120739445090294,0.4430789053440094,0.9506349563598633,-0.010670172050595284,0.3756609261035919,0.9819051623344421,-0.01618138514459133,0.3866651654243469,0.9999436140060425,-0.012116036377847195,0.4114210605621338,1.0003716945648193,-0.007430746220052242,0.45127934217453003,1.0156135559082031,-0.015160840004682541,0.3972673714160919,1.046094298362732,-0.016367748379707336,0.4062044322490692,1.0547915697097778,-0.0068918815813958645,0.4260062873363495,1.05086350440979,0.00014153053052723408,0.46573132276535034,1.070282220840454,-0.01881936937570572,0.4243035912513733,1.0905728340148926,-0.014624364674091339,0.42875832319259644,1.093198537826538,-0.003015092108398676,0.44349369406700134,1.0874137878417969,0.00643259659409523
0.5765124559402466,0.9485626816749573,-4.463493752382419e-08,0.5346082448959351,0.8760687708854675,0.010143744759261608,0.48577049374580383,0.8625038266181946,0.013250160962343216,0.4488420784473419,0.895358145236969,0.014739684760570526,0.43054646253585815,0.9412537813186646,0.016871031373739243,0.44587117433547974,0.8964366912841797,-0.00016494104056619108,0.38111618161201477,0.9158337116241455,-0.0053596110083162785,0.37609153985977173,0.9421271681785583,-0.005575600545853376,0.39101266860961914,0.9564694762229919,-0.0025955745950341225,0.44746699929237366,0.9626152515411377,-0.005709951743483543,0.38128113746643066,1.0015616416931152,-0.007441036403179169,0.3815215229988098,1.0140259265899658,-0.003357835114002228,0.3983783721923828,1.0166312456130981,0.0005201557651162148,0.4585529565811157,1.0222046375274658,-0.010005205869674683,0.40413573384284973,1.057058334350586,-0.008105798624455929,0.406619131565094,1.0565918684005737,0.0003702572430483997,0.4210144877433777,1.051079511642456,0.006133947055786848,0.4749686121940613,1.0696231126785278,-0.01303479541093111,0.4314385652542114,1.0931198596954346,-0.006450073793530464,0.43209633231163025,1.0893898010253906,0.0053930263966321945,0.44341206550598145,1.0807427167892456,0.014582599513232708
0.5759487152099609,0.9496874809265137,-1.4243740054098453e-07,0.531128466129303,0.8839724659919739,0.015154890716075897,0.48264890909194946,0.8805876970291138,0.019285613670945168,0.4458252489566803,0.9160559177398682,0.020090017467737198,0.42949533462524414,0.9657323956489563,0.02087157592177391,0.4434792399406433,0.9097675085067749,0.0038658136036247015,0.3801724910736084,0.9492813348770142,-0.0006889658980071545,0.3838197588920593,0.9749327301979065,-0.0008784378878772259,0.4050200879573822,0.9791922569274902,0.0016426675720140338,0.4473032057285309,0.9725261926651001,-0.004318923223763704,0.392856627702713,1.0261157751083374,-0.0034401037264615297,0.3993821442127228,1.0402723550796509,0.0006942590116523206,0.41721564531326294,1.0348378419876099,0.0029992954805493355,0.46090152859687805,1.0298888683319092,-0.010997455567121506,0.4155484139919281,1.0740489959716797,-0.006624664645642042,0.42250120639801025,1.0783742666244507,0.0022125912364572287,0.4383496046066284,1.0705769062042236,0.006544319912791252,0.480148047208786,1.0763098001480103,-0.016157662495970726,0.44293734431266785,1.1074475049972534,-0.008215135894715786,0.44865933060646057,1.1052131652832031,0.004016454331576824,0.4622943103313446,1.0952651500701904,0.01265959907323122
0.575359046459198,0.9516240954399109,-2.305775694821932e-07,0.5259987115859985,0.8953346014022827,0.02267562225461006,0.4749698340892792,0.9065977931022644,0.03189590200781822,0.436506062746048,0.9506105184555054,0.03682580217719078,0.4236285984516144,1.0035135746002197,0.04134136810898781,0.4404337704181671,0.9293901920318604,0.015071233734488487,0.3821982145309448,0.9817848801612854,0.017249783501029015,0.3867608606815338,1.018257975578308,0.020715031772851944,0.4070624113082886,1.0289415121078491,0.024450134485960007,0.44653332233428955,0.9840089678764343,0.004884684924036264,0.3986910283565521,1.0503201484680176,0.010893250815570354,0.40388762950897217,1.0734093189239502,0.0157261211425066,0.41948202252388,1.0722044706344604,0.017484284937381744,0.46161651611328125,1.036747694015503,-0.0031664185225963593,0.41822269558906555,1.091570496559143,0.005156946834176779,0.4242604374885559,1.1037733554840088,0.013524476438760757,0.43781939148902893,1.100602388381958,0.016326365992426872,0.48264560103416443,1.0782755613327026,-0.009002991952002048,0.44523823261260986,1.123378038406372,0.0004957778146490455,0.4501953125,1.1270723342895508,0.01184855867177248,0.4614567160606384,1.1198023557662964,0.01912572793662548
0.584014892578125,0.9356870651245117,-3.5541967235985794e-07,0.5454764366149902,0.8712556958198547,0.03662555664777756,0.49867191910743713,0.8761641979217529,0.06017246097326279,0.4679103493690491,0.9238734841346741,0.07843155413866043,0.4631075859069824,0.973940908908844,0.09489547461271286,0.4488605856895447,0.9203987717628479,0.051733341068029404,0.42670631408691406,0.9921373128890991,0.07958927005529404,0.4461411237716675,1.0096114873886108,0.0932568609714508,0.46347159147262573,1.0041446685791016,0.09968467056751251,0.4532432556152344,0.9809691905975342,0.04236268997192383,0.433798223733902,1.0444107055664062,0.07142345607280731,0.4549427032470703,1.051108956336975,0.0796709656715393,0.4730221629142761,1.0399340391159058,0.08033911138772964,0.4678226411342621,1.0383703708648682,0.03650391101837158,0.4447210431098938,1.0836950540542603,0.062315162271261215,0.4612571597099304,1.0851266384124756,0.06771618872880936,0.4769788980484009,1.073398232460022,0.06494439393281937,0.4888244569301605,1.0844134092330933,0.03388630226254463,0.46535617113113403,1.1153383255004883,0.0580022856593132,0.47832366824150085,1.109796404838562,0.07005278766155243,0.49149206280708313,1.0988545417785645,0.07481763511896133
0.5918202996253967,0.9271200895309448,-2.0704811731775408e-07,0.5572198629379272,0.8520476818084717,0.013627035543322563,0.5074991583824158,0.849582314491272,0.02564338408410549,0.47297218441963196,0.8925794959068298,0.035773929208517075,0.46476051211357117,0.943718433380127,0.04536643996834755,0.45305630564689636,0.9032372236251831,0.024696093052625656,0.43364930152893066,0.9695329070091248,0.03879411518573761,0.451255738735199,0.9774132370948792,0.04429783672094345,0.46762070059776306,0.9646527171134949,0.04653800651431084,0.4569208323955536,0.9681428670883179,0.02275479957461357,0.43870809674263,1.0164209604263306,0.04017077758908272,0.4558805227279663,1.016789436340332,0.04382212832570076,0.4745168089866638,1.0043023824691772,0.04341884329915047,0.4709464907646179,1.0250269174575806,0.022414378821849823,0.44963333010673523,1.0588752031326294,0.03717457130551338,0.4639821946620941,1.0529720783233643,0.039714351296424866,0.48099058866500854,1.0410412549972534,0.03777993470430374,0.4895997941493988,1.074324369430542,0.023365402594208717,0.46659404039382935,1.0963585376739502,0.03647229075431824,0.47945693135261536,1.0862154960632324,0.04380037263035774,0.49440473318099976,1.0745446681976318,0.04755843058228493
0.5938371419906616,0.9022767543792725,-1.4739339349034708e-07,0.554616391658783,0.8242544531822205,0.008162734098732471,0.5055696368217468,0.8228517770767212,0.015932686626911163,0.4749467670917511,0.867918848991394,0.02168836072087288,0.47066256403923035,0.9208852648735046,0.026800157502293587,0.4503107964992523,0.8885226845741272,0.021765265613794327,0.43566644191741943,0.9478217959403992,0.028945254161953926,0.4536687433719635,0.9487916231155396,0.027857191860675812,0.470343679189682,0.9316009879112244,0.02619277313351631,0.4574548900127411,0.9520970582962036,0.019551008939743042,0.4448246359825134,0.9945058226585388,0.03107592463493347,0.46202027797698975,0.9880983829498291,0.030825408175587654,0.4802795946598053,0.971841037273407,0.02864154614508152,0.47563445568084717,1.0064616203308105,0.017909184098243713,0.4599853754043579,1.0371838808059692,0.026431148871779442,0.4736644923686981,1.0267753601074219,0.026927335187792778,0.4903123378753662,1.0114853382110596,0.025276759639382362,0.49767500162124634,1.0522874593734741,0.016970505937933922,0.47901132702827454,1.0723696947097778,0.023862821981310844,0.4914533793926239,1.0582436323165894,0.029740648344159126,0.5064026713371277,1.0432753562927246,0.03407751023769379
0.592318058013916,0.8809580206871033,-1.4053114227863261e-07,0.5527434349060059,0.8046513199806213,0.005110070109367371,0.5031331181526184,0.8000355362892151,0.009955016896128654,0.47069692611694336,0.8472139239311218,0.013364722952246666,0.4636855125427246,0.899968683719635,0.016401296481490135,0.45102694630622864,0.8664140701293945,0.014954389072954655,0.43649619817733765,0.9281777143478394,0.017387405037879944,0.4532321095466614,0.9305624961853027,0.014094271697103977,0.46980881690979004,0.9147334098815918,0.011524123139679432,0.4592510461807251,0.9311930537223816,0.012865683995187283,0.4435596168041229,0.9767580628395081,0.019854331389069557,0.45969218015670776,0.9723480343818665,0.018975533545017242,0.47836631536483765,0.9557846188545227,0.01687057688832283,0.47720903158187866,0.9867554903030396,0.011084427125751972,0.4584922194480896,1.0192301273345947,0.016023073345422745,0.4720098376274109,1.0116891860961914,0.017559343948960304,0.4896748661994934,0.9963616728782654,0.0172196663916111,0.49962225556373596,1.0331084728240967,0.009775619953870773,0.4787099361419678,1.052293300628662,0.014510943554341793,0.4905933737754822,1.0406869649887085,0.020750029012560844,0.5054662823677063,1.0263779163360596,0.025716274976730347
0.5924281477928162,0.8583474159240723,-1.8569542703517072e-07,0.5550514459609985,0.7845587134361267,0.008524181321263313,0.5133967399597168,0.7724292278289795,0.012386317364871502,0.48372918367385864,0.8024329543113708,0.013617215678095818,0.4734973907470703,0.8405677080154419,0.014187467284500599,0.45011258125305176,0.8295723795890808,0.013824629597365856,0.4368321895599365,0.8965259194374084,0.014724289998412132,0.4560072422027588,0.9044310450553894,0.011325827799737453,0.47392353415489197,0.889216423034668,0.008692125789821148,0.4550728499889374,0.8962039351463318,0.008325614966452122,0.4423094689846039,0.948718249797821,0.014371275901794434,0.46078726649284363,0.9499316215515137,0.014595087617635727,0.4792507290840149,0.9310933351516724,0.013209699653089046,0.4735524654388428,0.9544180035591125,0.0034224162809550762,0.45938438177108765,0.9949144721031189,0.007229552138596773,0.47601836919784546,0.9901677370071411,0.009936332702636719,0.493492990732193,0.972099781036377,0.010359954088926315,0.4990050196647644,1.0025678873062134,-0.0008585534524172544,0.48584118485450745,1.0280377864837646,0.001996098319068551,0.500293493270874,1.0156950950622559,0.008363034576177597,0.5154263377189636,0.9986271262168884,0.013820933178067207
0.5880935788154602,0.8397405743598938,-1.6693965676495282e-07,0.5529404878616333,0.7676091194152832,0.0058416808024048805,0.5105574727058411,0.7549819946289062,0.008432159200310707,0.48131272196769714,0.7738423943519592,0.00856216810643673,0.4685744047164917,0.7995484471321106,0.008322426117956638,0.4476703405380249,0.8063198328018188,0.011445827782154083,0.43049156665802,0.8731746673583984,0.010403907857835293,0.44869264960289,0.8829793930053711,0.005390280857682228,0.4654085040092468,0.8683184385299683,0.00167352135758847,0.4521423876285553,0.8694700002670288,0.006227477919310331,0.43496912717819214,0.9300232529640198,0.008899690583348274,0.45409107208251953,0.934756875038147,0.008158044889569283,0.47239574790000916,0.9144995212554932,0.007065597455948591,0.46886101365089417,0.9263947606086731,0.001171739655546844,0.45027756690979004,0.9790874123573303,0.0016285452293232083,0.468009889125824,0.9776163101196289,0.004313173703849316,0.48427000641822815,0.9563897252082825,0.0057519907131791115,0.4928991496562958,0.9735223054885864,-0.00346657307818532,0.4755536913871765,1.0060540437698364,-0.004126192070543766,0.4914643466472626,0.996807336807251,0.001888943836092949,0.5072038173675537,0.9773392677307129,0.007881266064941883
0.585477352142334,0.81683349609375,-1.8472076135367388e-07,0.5496341586112976,0.7510015368461609,0.0015888460911810398,0.4986085295677185,0.7475809454917908,0.0022922491189092398,0.4688849151134491,0.7942841649055481,0.0019040650222450495,0.4616513252258301,0.8497774004936218,0.0015474854735657573,0.4454461932182312,0.7755963802337646,0.0038895190227776766,0.4217950105667114,0.8499060273170471,-0.0009633352747187018,0.43996337056159973,0.8679360747337341,-0.006856931373476982,0.45904541015625,0.8570812344551086,-0.010508996434509754,0.44996723532676697,0.8406554460525513,0.00026503129629418254,0.4275262951850891,0.9130008220672607,-0.0002842717512976378,0.44797283411026,0.9195321202278137,1.6883832358871587e-05,0.46606528759002686,0.8981448411941528,5.237759251031093e-05,0.46528559923171997,0.9010215997695923,-0.0036008928436785936,0.4422658681869507,0.9643361568450928,-0.005862743593752384,0.4623371958732605,0.9623848795890808,-0.0015461856964975595,0.4787600636482239,0.938402533531189,0.001278173760510981,0.48734432458877563,0.9528552889823914,-0.007320411968976259,0.468471884727478,0.9935319423675537,-0.010400574654340744,0.4860094487667084,0.9851627349853516,-0.004367622546851635,0.5019776225090027,0.9642857909202576,0.001789384288713336
0.5844749212265015,0.7928184866905212,-1.717810818036014e-07,0.5430358052253723,0.727142870426178,0.0033044759184122086,0.48655202984809875,0.7266427278518677,0.004929332062602043,0.4550947844982147,0.7842093110084534,0.005083938129246235,0.448192834854126,0.8461940288543701,0.005437968764454126,0.441756933927536,0.7486292123794556,0.005194448865950108,0.411080539226532,0.8262618184089661,0.00015230654389597476,0.42978015542030334,0.8416770696640015,-0.004772397689521313,0.4491404592990875,0.8278399109840393,-0.007347455248236656,0.44646087288856506,0.8173078894615173,0.00047403579810634255,0.41408950090408325,0.8901431560516357,-5.347402111510746e-05,0.4357782304286957,0.8958064317703247,0.0013018655590713024,0.45486709475517273,0.8734497427940369,0.0024763215333223343,0.46117082238197327,0.880742609500885,-0.004400197882205248,0.4285138249397278,0.9456505179405212,-0.006879916414618492,0.45007216930389404,0.9424947500228882,-0.0011883830884471536,0.4677188992500305,0.9164578914642334,0.0029555901419371367,0.48346537351608276,0.9371607303619385,-0.008876289241015911,0.4558057487010956,0.9792906641960144,-0.011502645909786224,0.47415927052497864,0.9697564840316772,-0.003841795027256012,0.49130183458328247,0.9462466835975647,0.0034926836378872395
0.5881703495979309,0.7700898051261902,-2.5086168875532167e-07,0.5443149209022522,0.7051920294761658,0.008194458670914173,0.4848410189151764,0.7065683007240295,0.012120534665882587,0.447990745306015,0.7648082971572876,0.013888821937143803,0.4369755983352661,0.8257349133491516,0.015862273052334785,0.43964141607284546,0.717695415019989,0.005623886827379465,0.3982221484184265,0.8014901876449585,0.0011786086251959205,0.4159203767776489,0.8242304921150208,-0.0013296549441292882,0.4369472861289978,0.8131553530693054,-0.002039790851995349,0.44343629479408264,0.783145546913147,-0.001442980719730258,0.3999491333961487,0.8673392534255981,-0.0016219813842326403,0.42295482754707336,0.880365788936615,0.0020411843433976173,0.44393038749694824,0.8582360744476318,0.005089579615741968,0.4569605886936188,0.8469831347465515,-0.008072594180703163,0.416437566280365,0.9255331754684448,-0.010020190849900246,0.44004371762275696,0.9288967847824097,-0.002589563140645623,0.4587729275226593,0.9019694924354553,0.002709782449528575,0.4792609214782715,0.9073454141616821,-0.013851228170096874,0.44543200731277466,0.964535117149353,-0.01657315343618393,0.46569302678108215,0.9603041410446167,-0.008253240957856178,0.4849650263786316,0.9345698952674866,-0.0003461145388428122
0.5985251665115356,0.7448095083236694,-3.857206536395097e-07,0.5472566485404968,0.6869950294494629,0.016204476356506348,0.48166245222091675,0.6890624761581421,0.02129730023443699,0.44156816601753235,0.7466440200805664,0.022256316617131233,0.4297047257423401,0.8103375434875488,0.02293368987739086,0.4426010251045227,0.6792424917221069,0.005163409281522036,0.38659560680389404,0.7669507265090942,-0.001762666623108089,0.4044663608074188,0.8058159351348877,-0.003868325613439083,0.4276452660560608,0.8015787601470947,-0.004050039686262608,0.44458943605422974,0.7358667850494385,-0.00792150292545557,0.3858543336391449,0.8365369439125061,-0.010643172077834606,0.4118921756744385,0.8634891510009766,-0.005200137384235859,0.4361443817615509,0.8411920070648193,-0.0002548427146393806,0.4569459557533264,0.7973414659500122,-0.019788425415754318,0.40629976987838745,0.9012406468391418,-0.02265212871134281,0.4349370300769806,0.9159027338027954,-0.012521332129836082,0.4556947350502014,0.8847780227661133,-0.00546221062541008,0.479069322347641,0.8603125810623169,-0.03026873618364334,0.4390360713005066,0.9423165321350098,-0.03425198420882225,0.46320006251335144,0.9478686451911926,-0.025023136287927628,0.4856455326080322,0.918117880821228,-0.016495339572429657
0.6106864213943481,0.7238119840621948,-4.450133417321922e-07,0.5521268844604492,0.6701223254203796,0.0172715000808239,0.4821423292160034,0.6674484014511108,0.0204141978174448,0.435528963804245,0.7145681381225586,0.019357778131961823,0.41427484154701233,0.7751035094261169,0.017231887206435204,0.4496452510356903,0.634304404258728,-0.0027250510174781084,0.3802759647369385,0.7245612144470215,-0.015805242583155632,0.38220465183258057,0.7969213128089905,-0.020025484263896942,0.40100932121276855,0.8261330723762512,-0.02028702199459076,0.45290738344192505,0.6851014494895935,-0.018051408231258392,0.3758433759212494,0.7885227799415588,-0.027517102658748627,0.39059627056121826,0.8469032049179077,-0.02378556877374649,0.4171053171157837,0.8538311719894409,-0.01895242929458618,0.4650822877883911,0.7479248642921448,-0.0318090096116066,0.3981097936630249,0.857805073261261,-0.039750613272190094,0.42093926668167114,0.8935056328773499,-0.03049987368285656,0.44697728753089905,0.8777331709861755,-0.022894028574228287,0.4848945438861847,0.8154747486114502,-0.04385080933570862,0.4345579147338867,0.9090533256530762,-0.05213049799203873,0.4544745683670044,0.9319372177124023,-0.04461483657360077,0.4787163734436035,0.9139993190765381,-0.03650681674480438
0.6322262287139893,0.6968815922737122,-5.19518323471857e-07,0.5704994201660156,0.6430805921554565,0.015652384608983994,0.49799644947052,0.6260548233985901,0.01244369801133871,0.44025471806526184,0.6677232384681702,0.005627861246466637,0.41049933433532715,0.7325698137283325,-0.003243624698370695,0.4592422842979431,0.5833834409713745,-0.022651592269539833,0.3772871494293213,0.6896679401397705,-0.042223066091537476,0.3691708445549011,0.787864089012146,-0.047834862023591995,0.3856847882270813,0.8403756022453308,-0.04787173867225647,0.4669410288333893,0.6236068606376648,-0.040821775794029236,0.3718715310096741,0.7388824820518494,-0.05599953606724739,0.37622207403182983,0.833156168460846,-0.05234476551413536,0.4027683436870575,0.8718208074569702,-0.04781964421272278,0.48373863101005554,0.685631513595581,-0.05654839053750038,0.39713025093078613,0.8017874360084534,-0.068455770611763,0.4099258780479431,0.871154248714447,-0.05821067467331886,0.4390757083892822,0.8847476243972778,-0.050160013139247894,0.5078669786453247,0.7600703835487366,-0.0704098716378212,0.44174936413764954,0.8549528121948242,-0.08114542067050934,0.4512852430343628,0.8966326713562012,-0.0727282166481018,0.4763513505458832,0.8981760144233704,-0.06409484148025513
0.6528091430664062,0.6791436672210693,-5.615716531792714e-07,0.5815944671630859,0.6377634406089783,0.014613896608352661,0.5031946301460266,0.634185254573822,0.005803972948342562,0.44016149640083313,0.6736128926277161,-0.006980476900935173,0.39758044481277466,0.725208044052124,-0.02115061692893505,0.46792855858802795,0.5368133187294006,-0.03350188583135605,0.37569916248321533,0.6350669860839844,-0.06125406175851822,0.35587990283966064,0.7398111820220947,-0.07083860784769058,0.3672546148300171,0.8133061528205872,-0.07186125963926315,0.4868679642677307,0.5579671263694763,-0.05450944975018501,0.3807874023914337,0.6710046529769897,-0.0781710296869278,0.3710225224494934,0.7873429656028748,-0.0770689994096756,0.39003515243530273,0.8569045066833496,-0.07347505539655685,0.5100042223930359,0.6138455867767334,-0.07317134737968445,0.41679781675338745,0.7332051396369934,-0.09127041697502136,0.41864705085754395,0.8277995586395264,-0.08043450862169266,0.4434106647968292,0.8700481057167053,-0.07084506005048752,0.535889744758606,0.6935639977455139,-0.09003746509552002,0.4643561840057373,0.7987605929374695,-0.10357152670621872,0.4652169346809387,0.8561078310012817,-0.09465022385120392,0.48498690128326416,0.874920129776001,-0.08502597361803055
0.6835227012634277,0.6822162866592407,-6.658751203758584e-07,0.5927963256835938,0.7332385778427124,-0.011882354505360126,0.5068385004997253,0.7417531609535217,-0.0331440344452858,0.4468457102775574,0.7548887729644775,-0.05401954427361488,0.4008006155490875,0.7718694806098938,-0.07507994771003723,0.4913206994533539,0.4849556088447571,-0.05411210283637047,0.3963204324245453,0.5641964673995972,-0.09714127331972122,0.36329689621925354,0.6781848073005676,-0.12409931421279907,0.3610282242298126,0.7718634605407715,-0.1379198580980301,0.5262506008148193,0.4748716950416565,-0.06895498186349869,0.4139515161514282,0.5865180492401123,-0.10649126768112183,0.38913440704345703,0.7239643335342407,-0.1188470721244812,0.39550280570983887,0.8144367933273315,-0.12552043795585632,0.5634955763816833,0.5175299644470215,-0.08473774790763855,0.45584526658058167,0.6380099654197693,-0.11842979490756989,0.4384530186653137,0.7571727633476257,-0.11570073664188385,0.44702041149139404,0.8220834732055664,-0.11059876531362534,0.6001858711242676,0.5992879271507263,-0.10071923583745956,0.51438969373703,0.7156036496162415,-0.12897811830043793,0.49773970246315,0.7950750589370728,-0.1255602240562439,0.5027525424957275,0.8308855891227722,-0.11891274899244308
0.7490052580833435,0.6516193747520447,-4.965716584592883e-07,0.6914868950843811,0.5148022174835205,-0.023548197001218796,0.5875906944274902,0.467769056558609,-0.05577521026134491,0.4945796728134155,0.5333026647567749,-0.08303765207529068,0.43392616510391235,0.6047611832618713,-0.11534537374973297,0.5842782258987427,0.3935075104236603,-0.09919818490743637,0.46962645649909973,0.49214255809783936,-0.15570040047168732,0.4098758399486542,0.594851016998291,-0.19322428107261658,0.3766649067401886,0.68794184923172,-0.21310777962207794,0.6170611381530762,0.4848076403141022,-0.10698232054710388,0.5001562833786011,0.5906326174736023,-0.1484045386314392,0.42503833770751953,0.682440459728241,-0.16577136516571045,0.3845277428627014,0.7635434865951538,-0.18068085610866547,0.6434937119483948,0.5964415073394775,-0.11391597241163254,0.5307568907737732,0.680789053440094,-0.1472434401512146,0.45736029744148254,0.744550347328186,-0.14795175194740295,0.4189661741256714,0.7996829748153687,-0.14826999604701996,0.6597117185592651,0.7194733619689941,-0.12117911130189896,0.5624930262565613,0.7739468812942505,-0.1495203971862793,0.5063020586967468,0.8029102683067322,-0.14878086745738983,0.4746023416519165,0.8231913447380066,-0.14547336101531982
0.7791683673858643,0.685468852519989,-8.25906056434178e-07,0.6844495534896851,0.7579631805419922,-0.05210702866315842,0.5776944756507874,0.7380999326705933,-0.08033526688814163,0.5071826577186584,0.7186344861984253,-0.10193278640508652,0.4585210978984833,0.7037187814712524,-0.11864294111728668,0.5546460747718811,0.40936094522476196,-0.053963273763656616,0.5239711999893188,0.4759126603603363,-0.11158383637666702,0.5627998113632202,0.5567405819892883,-0.15482690930366516,0.599779486656189,0.6066567301750183,-0.1774268001317978,0.6135563254356384,0.3613411486148834,-0.05052323266863823,0.586030900478363,0.4451262056827545,-0.09841472655534744,0.6248834729194641,0.5163028240203857,-0.12161798775196075,0.6616677045822144,0.5411704778671265,-0.13238976895809174,0.6793314814567566,0.36175912618637085,-0.05376370996236801,0.6556029319763184,0.4355151951313019,-0.10607415437698364,0.6881838440895081,0.4951997995376587,-0.10809936374425888,0.7238900661468506,0.525361955165863,-0.10032819211483002,0.7463443875312805,0.3959338068962097,-0.06085554137825966,0.7251594662666321,0.4381493926048279,-0.1063406690955162,0.746614933013916,0.49544328451156616,-0.10460632294416428,0.7723336815834045,0.5266597270965576,-0.09222980588674545
0.8669157028198242,0.6690141558647156,-8.931235697673401e-07,0.784199595451355,0.7423592209815979,-0.02795693464577198,0.6593674421310425,0.7041148543357849,-0.035458195954561234,0.5782989859580994,0.6529461145401001,-0.042261213064193726,0.5278222560882568,0.6161835193634033,-0.04527885094285011,0.6352894306182861,0.4244358539581299,-0.0045224023051559925,0.572060763835907,0.4310915172100067,-0.03416875749826431,0.5764407515525818,0.5156128406524658,-0.06032770872116089,0.5966857075691223,0.5732092261314392,-0.07533202320337296,0.6828562021255493,0.3713527321815491,-0.005533665418624878,0.6207132339477539,0.380531907081604,-0.024936934933066368,0.6228317618370056,0.4782921373844147,-0.03760353848338127,0.6450381278991699,0.5356186032295227,-0.04363465681672096,0.7412207126617432,0.35368674993515015,-0.012769212946295738,0.6856247186660767,0.35344964265823364,-0.03963842615485191,0.688054084777832,0.4529346823692322,-0.03862784057855606,0.7099420428276062,0.5140261054039001,-0.03245403617620468,0.8027681112289429,0.36627718806266785,-0.022642770782113075,0.7524632811546326,0.35277193784713745,-0.04457680508494377,0.7487025856971741,0.4261587858200073,-0.038158271461725235,0.7639204263687134,0.4782615005970001,-0.02706611342728138
