x0,y0,z0,x1,y1,z1,x2,y2,z2,x3,y3,z3,x4,y4,z4,x5,y5,z5,x6,y6,z6,x7,y7,z7,x8,y8,z8,x9,y9,z9,x10,y10,z10,x11,y11,z11,x12,y12,z12,x13,y13,z13,x14,y14,z14,x15,y15,z15,x16,y16,z16,x17,y17,z17,x18,y18,z18,x19,y19,z19,x20,y20,z20
0.0,0.0,0.0,-0.012480318546295166,-0.05086427927017212,0.0010330792068202754,-0.008640289306640625,-0.10240468382835388,0.0011296428058926722,0.006056666374206543,-0.13555368781089783,0.0005101373902220985,0.01858961582183838,-0.14270570874214172,0.0008909116516520044,0.02111494541168213,-0.12274736166000366,0.0014447803626467248,0.03593486547470093,-0.1548580527305603,-0.0003395450400489608,0.029963672161102295,-0.14615213871002197,-0.0014328477188314537,0.023204326629638672,-0.12981769442558289,-0.0016364371619488338,0.0373418927192688,-0.09876683354377747,-0.0006314453418667654,0.048840105533599854,-0.1323314607143402,0.0002066663367372712,0.041046082973480225,-0.12557435035705566,0.0007942981686142048,0.03362458944320679,-0.10947468876838684,0.001078234265435185,0.04851192235946655,-0.07397490739822388,-0.0027158380468677024,0.05523794889450073,-0.10488921403884888,-0.002153389293823693,0.047793030738830566,-0.1003795862197876,-6.025110968721492e-05,0.04083067178726196,-0.08657979965209961,0.0010264293308068773,0.055473148822784424,-0.05114710330963135,-0.004719654701773379,0.05892646312713623,-0.07855290174484253,-0.0028320787457118968,0.05244481563568115,-0.07714664936065674,0.0011245579010505935,0.04684317111968994,-0.0660332441329956,0.004108991335954215
0.0,0.0,0.0,-0.010983526706695557,-0.053526878356933594,0.002812433586157681,-0.008200466632843018,-0.10437282919883728,0.004170106555037023,0.004136383533477783,-0.1366923749446869,0.004444050433747293,0.015028953552246094,-0.14365547895431519,0.005606212018690826,0.023407042026519775,-0.12898001074790955,0.005791546608023168,0.03381168842315674,-0.1539662778377533,0.005642585287503721,0.026919901371002197,-0.14236313104629517,0.0046008078555388465,0.020388364791870117,-0.12635532021522522,0.004122786055020811,0.0394168496131897,-0.10560205578804016,0.0031712779949231162,0.04683065414428711,-0.13434717059135437,0.005665336101017715,0.03874844312667847,-0.12689203023910522,0.0063577339227123275,0.031410396099090576,-0.1108635663986206,0.006507464515678407,0.050389885902404785,-0.08047378063201904,0.0005567573301306084,0.05543053150177002,-0.10977169871330261,0.00237140508245659,0.047768473625183105,-0.10494089126586914,0.004612766037396909,0.04070180654525757,-0.08992153406143188,0.005799099168442012,0.057053983211517334,-0.05612659454345703,-0.0018738789309935555,0.05856114625930786,-0.08487623929977417,0.00021256907196232078,0.05197417736053467,-0.08268433809280396,0.00426539575558138,0.04674500226974487,-0.06999874114990234,0.00756566163029504
0.0,0.0,0.0,-0.011984407901763916,-0.053024351596832275,0.0024694474864617177,-0.00966113805770874,-0.10448578000068665,0.003363244746239502,0.0031801462173461914,-0.13773098587989807,0.0031806650090828725,0.014170587062835693,-0.14618229866027832,0.0038464498225465604,0.021272778511047363,-0.12898311018943787,0.00519773135742696,0.0307542085647583,-0.15422996878623962,0.004607837692262251,0.024248182773590088,-0.1433461308479309,0.003117512025298197,0.01851940155029297,-0.12748900055885315,0.0022599425151810237,0.03746110200881958,-0.106925368309021,0.002516670663268883,0.04305797815322876,-0.13496509194374084,0.004931779623390753,0.035568296909332275,-0.12734365463256836,0.00558258085361274,0.02930009365081787,-0.11138278245925903,0.005524772730083782,0.048615872859954834,-0.08295154571533203,-0.00021474274258537207,0.05070871114730835,-0.10971319675445557,0.0014061814159020969,0.043697357177734375,-0.10357332229614258,0.0037235997602209636,0.03766214847564697,-0.0883813202381134,0.004820885647447426,0.05569177865982056,-0.0596771240234375,-0.002838464874415081,0.055360615253448486,-0.08553150296211243,-0.0008353952566295675,0.04907912015914917,-0.08184438943862915,0.003273996103914101,0.04444974660873413,-0.06924939155578613,0.006544297140450794
0.0,0.0,0.0,-0.01235818862915039,-0.05169248580932617,0.0030947450617730965,-0.011082351207733154,-0.10088366270065308,0.0042976548033237805,5.125999450683594e-06,-0.13542431592941284,0.004665618489909207,0.011649131774902344,-0.14283287525177002,0.006004488754498993,0.019569814205169678,-0.13087084889411926,0.0047180342557311405,0.02965468168258667,-0.1540079116821289,0.006299724064248835,0.023231446743011475,-0.1425100862979889,0.00659804624267224,0.01723569631576538,-0.12763649225234985,0.006611784181970393,0.03601425886154175,-0.10956427454948425,0.002563238569948112,0.0409703254699707,-0.13408753275871277,0.007150675828981434,0.033989548683166504,-0.12563130259513855,0.008960113122540747,0.02787548303604126,-0.11021539568901062,0.009161359823721682,0.0474320650100708,-0.08570641279220581,0.0007165647297568967,0.04907989501953125,-0.10940408706665039,0.0042944091441512455,0.042541563510894775,-0.10323834419250488,0.006996101892966067,0.036369264125823975,-0.08869680762290955,0.0077451651053905834,0.05460977554321289,-0.06253808736801147,-0.0009205257916420351,0.0536307692527771,-0.08611327409744263,0.0022879503271013846,0.04750621318817139,-0.08218196034431458,0.006505984074848925,0.0427243709564209,-0.06974127888679504,0.00950875804521445
0.0,0.0,0.0,-0.011191844940185547,-0.04934114217758179,0.004383249538719269,-0.008585214614868164,-0.09396570920944214,0.006353821004509541,0.002434670925140381,-0.12601155042648315,0.007483055679827544,0.011923670768737793,-0.13480889797210693,0.009502835436492774,0.022795140743255615,-0.13021904230117798,0.005699654905825469,0.03301495313644409,-0.14843186736106873,0.008600029027789446,0.027774512767791748,-0.13683933019638062,0.009821120514303061,0.022295773029327393,-0.12371036410331726,0.010292581147282931,0.03862595558166504,-0.10906606912612915,0.0032798292625244585,0.04465174674987793,-0.1285400688648224,0.009376833080082747,0.0382235050201416,-0.11934036016464233,0.012008595145076129,0.03208678960800171,-0.10490989685058594,0.012427208809882018,0.04945772886276245,-0.08476477861404419,0.0013661139921765653,0.05221712589263916,-0.10432785749435425,0.006421433160781476,0.0462074875831604,-0.09744530916213989,0.009417841075688216,0.0398067831993103,-0.08350229263305664,0.009891986711650702,0.05621081590652466,-0.06106230616569519,-0.00030628512170949307,0.05655092000961304,-0.08060798048973083,0.0038186762060519186,0.0509566068649292,-0.07589486241340637,0.00793581628683171,0.04560494422912598,-0.06416261196136475,0.010578768192559096
0.0,0.0,0.0,-0.011606693267822266,-0.04934960603713989,0.004034019987287252,-0.009219944477081299,-0.09353306889533997,0.005681381075831382,0.0018081068992614746,-0.12466901540756226,0.006674333456160753,0.009849011898040771,-0.13566502928733826,0.008505749496819703,0.021284520626068115,-0.129985511302948,0.003811188721286385,0.03108537197113037,-0.14561307430267334,0.0066692642673871205,0.026816248893737793,-0.1333436369895935,0.008235407973828046,0.021960735321044922,-0.12109613418579102,0.008883927929403512,0.037452757358551025,-0.10921946167945862,0.0014089346902466104,0.04378485679626465,-0.1266007125377655,0.006867971717568366,0.037715137004852295,-0.11636322736740112,0.009505351054670541,0.03153824806213379,-0.10191988945007324,0.010104996132852762,0.04866385459899902,-0.0847490131855011,-0.00034732839166906615,0.051361680030822754,-0.10189053416252136,0.004365736133607356,0.04576927423477173,-0.09411120414733887,0.007359520047160117,0.039448320865631104,-0.08030742406845093,0.007904137465359895,0.05580401420593262,-0.0606747567653656,-0.0018795207336523845,0.055457234382629395,-0.07755225896835327,0.0019830430198481963,0.049970388412475586,-0.07188659906387329,0.0059653958112022565,0.0446285605430603,-0.060314059257507324,0.008582212942840783
0.0,0.0,0.0,-0.010944366455078125,-0.04826125502586365,0.004431965796015902,-0.00790935754776001,-0.09042149782180786,0.006349843496195717,0.0026764273643493652,-0.11941790580749512,0.007588303683064623,0.008936822414398193,-0.13152164220809937,0.009590723121277733,0.021237432956695557,-0.12710332870483398,0.0036679522951317267,0.03114914894104004,-0.14161089062690735,0.006927595508955164,0.027055025100708008,-0.12989169359207153,0.008940657170228405,0.02200770378112793,-0.1179746687412262,0.009882977733127518,0.03739738464355469,-0.10648974776268005,0.0011456651033086018,0.04310327768325806,-0.12239143252372742,0.007009651081375523,0.03725773096084595,-0.11280211806297302,0.009874269867054863,0.03123033046722412,-0.09869521856307983,0.010462532320730134,0.048495590686798096,-0.08233743906021118,-0.0006440765804427429,0.05126535892486572,-0.09955310821533203,0.004296738689504309,0.045745909214019775,-0.09216806292533875,0.007402398658655329,0.03955531120300293,-0.07850334048271179,0.007896014990024014,0.05539393424987793,-0.05871236324310303,-0.0021558175443487926,0.0555456280708313,-0.07592019438743591,0.0016148282799122171,0.050153911113739014,-0.07068881392478943,0.005557153409085913,0.044789254665374756,-0.059089720249176025,0.008107331150881691
0.0,0.0,0.0,-0.0107383131980896,-0.0492497980594635,0.0032083462674705743,-0.0069699883460998535,-0.09109783172607422,0.00465946791065619,0.005388796329498291,-0.1194886863231659,0.0055404250260977506,0.012750685214996338,-0.1307511329650879,0.007135694914737201,0.021049022674560547,-0.12565001845359802,0.0038386281330673455,0.030729949474334717,-0.13694775104522705,0.006584563826450562,0.02702432870864868,-0.12466508150100708,0.0076375627641169785,0.022242724895477295,-0.11290264129638672,0.007910136201658702,0.03691595792770386,-0.10532677173614502,0.0016439966375543236,0.04270130395889282,-0.11707693338394165,0.0072604856204776524,0.03736311197280884,-0.10718265175819397,0.00921981695411489,0.031227707862854004,-0.0935492217540741,0.00919697906194017,0.047840416431427,-0.08095252513885498,-4.774748489921876e-06,0.05079162120819092,-0.09439253807067871,0.0044945078652887105,0.045449137687683105,-0.08683300018310547,0.0069287508477060555,0.03896230459213257,-0.07353311777114868,0.007092889932224011,0.0545772910118103,-0.05684104561805725,-0.0015243322604732157,0.05461984872817993,-0.07065445184707642,0.0022010475613711833,0.049155473709106445,-0.06504902243614197,0.006023479228147721,0.04357379674911499,-0.05394110083580017,0.008513766409137702
0.0,0.0,0.0,-0.009940743446350098,-0.049102991819381714,0.0031756802059277334,-0.005819439888000488,-0.0889752209186554,0.004106707784117702,0.006276309490203857,-0.11670133471488953,0.004477608396442179,0.013710498809814453,-0.12983116507530212,0.005579926918031219,0.02340090274810791,-0.12116116285324097,0.0032427882838561572,0.031311750411987305,-0.13239839673042297,0.005678402638764624,0.02635592222213745,-0.12073400616645813,0.006459760392786507,0.021107792854309082,-0.10955148935317993,0.006496550894112829,0.03847259283065796,-0.09998691082000732,0.0009064916234962084,0.042627930641174316,-0.1123136579990387,0.006232230837227348,0.036978960037231445,-0.10282948613166809,0.00801513242232943,0.031050562858581543,-0.08943438529968262,0.007720691996397022,0.04847460985183716,-0.07545205950737,-0.0008454037883751653,0.05014878511428833,-0.08923900127410889,0.0033425469014360942,0.04467809200286865,-0.08168023824691772,0.005898513744355682,0.038114309310913086,-0.06860345602035522,0.006068397226513866,0.054476141929626465,-0.05174833536148071,-0.002460497518299576,0.054229557514190674,-0.06602668762207031,0.0008667725201263465,0.048904359340667725,-0.06033128499984741,0.0046946661609723606,0.04340440034866333,-0.049453020095825195,0.007183726324470285
0.0,0.0,0.0,-0.00875866413116455,-0.04865178465843201,0.0023910144372507602,-0.003453552722930908,-0.08967095613479614,0.0031612405581995517,0.009450376033782959,-0.1166408360004425,0.003380258989579943,0.01755160093307495,-0.12789788842201233,0.004298991014309195,0.026496052742004395,-0.11631977558135986,0.0036679307958706886,0.03396421670913696,-0.1266336739063263,0.005045263052977589,0.028100430965423584,-0.11517062783241272,0.004538494118548897,0.022352874279022217,-0.10457813739776611,0.0037710608011707336,0.04065042734146118,-0.09419012069702148,0.0014198076241314084,0.04399615526199341,-0.10592570900917053,0.005692608610786465,0.038108766078948975,-0.09702891111373901,0.006463380952425268,0.032131075859069824,-0.08405536413192749,0.00571057335758951,0.04988819360733032,-0.06957393884658813,-0.0004686056200284838,0.050467729568481445,-0.08253070712089539,0.0028471764671280653,0.04483222961425781,-0.07545444369316101,0.004891530101247099,0.0383908748626709,-0.06317251920700073,0.005036021539069679,0.0552748441696167,-0.046204984188079834,-0.002319991865135762,0.05492454767227173,-0.06095850467681885,0.0005850473680197865,0.049530208110809326,-0.056037336587905884,0.004274870225287941,0.04420602321624756,-0.045626699924468994,0.00679865894193199
0.0,0.0,0.0,-0.007568359375,-0.04763084650039673,0.0031217223730521937,-0.0001958608627319336,-0.08710959553718567,0.004698338336183383,0.01415860652923584,-0.11030274629592896,0.005662427632941558,0.02346247434616089,-0.11813792586326599,0.007254907744808747,0.030027329921722412,-0.11085879802703857,0.004260912886692836,0.03855633735656738,-0.11976027488708496,0.005533398012502744,0.0322953462600708,-0.11036810278892517,0.00494650599999602,0.026047945022583008,-0.10096535086631775,0.00418427574901159,0.04298865795135498,-0.08723801374435425,0.0018967983777287145,0.0476231575012207,-0.09844610095024109,0.006256269640161349,0.041515350341796875,-0.09142836928367615,0.0074120097559529086,0.03512728214263916,-0.07988545298576355,0.0069262016330498,0.05112665891647339,-0.061947524547576904,-0.0001394446300224672,0.05344575643539429,-0.07439994812011719,0.00308934005430217,0.04774308204650879,-0.06893393397331238,0.005229773349000766,0.04090237617492676,-0.05807045102119446,0.00546853232650335,0.05553513765335083,-0.03855544328689575,-0.002083266503305481,0.05652892589569092,-0.052101582288742065,0.0006513981496567567,0.05109530687332153,-0.04805201292037964,0.00412123079864557,0.045487284660339355,-0.03867381811141968,0.006468791863753154
0.0,0.0,0.0,-0.005463659763336182,-0.04866385459899902,0.002871745544027249,0.003909885883331299,-0.08722934126853943,0.003989843463998,0.020275771617889404,-0.107943594455719,0.004460830985109965,0.03213220834732056,-0.11386775970458984,0.005612496564637581,0.03410232067108154,-0.10602352023124695,0.004182323625784079,0.04190164804458618,-0.11306250095367432,0.004917303843896548,0.03541487455368042,-0.10280516743659973,0.003878314326058785,0.028951823711395264,-0.09373459219932556,0.002813334389131228,0.046051979064941406,-0.08263513445854187,0.0016616237568740644,0.05109900236129761,-0.09076917171478271,0.005842518339406411,0.04526364803314209,-0.08301472663879395,0.00674092937121884,0.03873628377914429,-0.0726209282875061,0.006016680317472378,0.053599774837493896,-0.05718177556991577,-0.0005990851917232476,0.05687457323074341,-0.06580343842506409,0.0023009253651906647,0.051303327083587646,-0.05964300036430359,0.004472653193872134,0.04413658380508423,-0.05012744665145874,0.004717734920333783,0.05748814344406128,-0.033192455768585205,-0.0028279015808294616,0.05969208478927612,-0.043019771575927734,-0.0001482134960753001,0.05399256944656372,-0.037850916385650635,0.003525377063553492,0.04797273874282837,-0.02965676784515381,0.006029293219100396
0.0,0.0,0.0,-0.0030618906021118164,-0.04907691478729248,0.002319756967324338,0.0076770782470703125,-0.0846787691116333,0.0025999150959137296,0.02397531270980835,-0.09896093606948853,0.002218064225587568,0.03564244508743286,-0.09909611940383911,0.00244563033555778,0.03613179922103882,-0.10284489393234253,0.0026625309394034957,0.04564356803894043,-0.1061103343963623,0.002459876078489742,0.03945046663284302,-0.0958484411239624,0.0007290860659736609,0.03272122144699097,-0.08858045935630798,-0.000820129804935732,0.04754233360290527,-0.07801714539527893,-0.00011774053638191617,0.054119110107421875,-0.0828390121459961,0.0027732400478157615,0.04828524589538574,-0.07478666305541992,0.0030639433090868806,0.040907084941864014,-0.06559154391288757,0.0021847738673272943,0.05475062131881714,-0.051418840885162354,-0.002658052996423521,0.058491408824920654,-0.05722302198410034,-0.0005116209948141659,0.05258208513259888,-0.05056077241897583,0.001573091910529456,0.04476505517959595,-0.042017579078674316,0.0019980297212782716,0.05837452411651611,-0.02636420726776123,-0.005251542593043723,0.06119054555892944,-0.03471094369888306,-0.0030933103269603635,0.05511140823364258,-0.02920442819595337,0.0006151294939513718,0.04853862524032593,-0.021777689456939697,0.0033009374303105687
0.0,0.0,0.0,-0.0002116560935974121,-0.0474662184715271,0.0030627967060610217,0.012656629085540771,-0.08070448040962219,0.0037819004354133767,0.02956974506378174,-0.09059685468673706,0.003648295692826764,0.04023951292037964,-0.08569306135177612,0.0040523176283642215,0.04103440046310425,-0.09673944115638733,0.003571890221635954,0.05223119258880615,-0.09584346413612366,0.0032620294221743507,0.04610109329223633,-0.08539074659347534,0.0014401171791433853,0.03878670930862427,-0.0797966718673706,-0.00017988662891355034,0.05084758996963501,-0.0698399543762207,0.0003115648140266103,0.05958586931228638,-0.07161557674407959,0.00286314070383753,0.05372864007949829,-0.06344127655029297,0.003208435766126172,0.04556483030319214,-0.05620163679122925,0.002556762817974345,0.0565219521522522,-0.041760265827178955,-0.0027345517448083,0.06270098686218262,-0.04526466131210327,-0.0005638388831101793,0.0568389892578125,-0.03914552927017212,0.0017138484834759993,0.04849892854690552,-0.033327579498291016,0.0023407998231306237,0.05832016468048096,-0.015221893787384033,-0.005814174728740795,0.06278985738754272,-0.021480202674865723,-0.0035337557348356086,0.0569995641708374,-0.016871988773345947,0.0002134291861040083,0.05007737874984741,-0.011898458003997803,0.002897460173542754
0.0,0.0,0.0,0.0013904571533203125,-0.045779287815093994,0.003325044308482461,0.013600170612335205,-0.07651391625404358,0.0036298640916783143,0.029875636100769043,-0.08350974321365356,0.0029726711946267415,0.0400540828704834,-0.07728296518325806,0.002900277628256731,0.04258948564529419,-0.09220322966575623,0.0031208085274982977,0.05605727434158325,-0.08755150437355042,0.003334220862640791,0.050509750843048096,-0.0773422122001648,0.002309196759640031,0.04323452711105347,-0.07330656051635742,0.0011395713227528859,0.05222564935684204,-0.06619918346405029,-0.00042870345346557315,0.06260865926742554,-0.06566393375396729,0.002466859892635398,0.05706942081451416,-0.05764758586883545,0.0033265272068518925,0.04889947175979614,-0.051417410373687744,0.002940173624708109,0.05765324831008911,-0.03888744115829468,-0.0036991698288630914,0.06562840938568115,-0.04073280096054077,-0.0008820075745035183,0.060032784938812256,-0.03479713201522827,0.001785122804037087,0.05165886878967285,-0.029769062995910645,0.00247777173358088,0.059216320514678955,-0.013067185878753662,-0.00702190712031836,0.06560295820236206,-0.01878511905670166,-0.004056704565257974,0.05992406606674194,-0.014489293098449707,4.3248615355651054e-06,0.052876412868499756,-0.010413050651550293,0.0027605454816210795
0.0,0.0,0.0,0.003598153591156006,-0.04472392797470093,0.003439250279797079,0.01704460382461548,-0.07304930686950684,0.0034475325314531347,0.033065199851989746,-0.07692009210586548,0.002377081540060999,0.04323536157608032,-0.06910198926925659,0.0019031292699480673,0.04617762565612793,-0.08862599730491638,0.0033462598161975166,0.060730934143066406,-0.07912588119506836,0.002843367279155018,0.05594837665557861,-0.06838399171829224,0.001242905616408052,0.048604726791381836,-0.0656171441078186,-0.0002465510974900553,0.055100858211517334,-0.062328338623046875,-0.00045859953982585466,0.06551015377044678,-0.05583697557449341,0.002111131668669941,0.059990644454956055,-0.04780995845794678,0.0027022763328830024,0.05164384841918945,-0.0438840389251709,0.0020998603372106572,0.059859275817871094,-0.034485459327697754,-0.004076415329592464,0.06700402498245239,-0.030047595500946045,-0.0013693557180260996,0.06088221073150635,-0.02404123544692993,0.0012195253452489396,0.052315592765808105,-0.021156489849090576,0.0018484892729873081,0.06087028980255127,-0.007601499557495117,-0.007816732052134512,0.06616592407226562,-0.006650447845458984,-0.004771127953546284,0.05982828140258789,-0.002482891082763672,-0.0008470470843633393,0.05239230394363403,-0.0007234811782836914,0.001835075084699156
0.0,0.0,0.0,0.0030420422554016113,-0.044861793518066406,0.004108820710854388,0.01536262035369873,-0.07553565502166748,0.004750351090507365,0.030228853225708008,-0.08678144216537476,0.004455609847383357,0.03765028715133667,-0.09082797169685364,0.00467224199749694,0.04801434278488159,-0.0905655026435852,0.0032547892951981794,0.06087851524353027,-0.07905876636505127,0.004425251991079904,0.05505037307739258,-0.06834834814071655,0.004011974338965274,0.047643184661865234,-0.06557703018188477,0.0031231859648244154,0.05686444044113159,-0.06351667642593384,-0.0004303555869853426,0.06529682874679565,-0.05540728569030762,0.0037606716105358373,0.05838322639465332,-0.0479886531829834,0.005004389811830379,0.049251437187194824,-0.044854581356048584,0.004572978377865411,0.06074357032775879,-0.03484851121902466,-0.0036361483907683123,0.0662873387336731,-0.02982950210571289,0.00017251923057415297,0.0591084361076355,-0.024813473224639893,0.0025065966365502845,0.04960477352142334,-0.022749781608581543,0.0026341391676680814,0.06095099449157715,-0.007982969284057617,-0.006830487265659713,0.06388026475906372,-0.005673110485076904,-0.0034660129858536948,0.05651360750198364,-0.0022284388542175293,-5.1185794262664785e-05,0.048332154750823975,-0.0014090538024902344,0.0021501049814389717
0.0,0.0,0.0,0.0015462040901184082,-0.04648309946060181,0.0027025815124659402,0.01366811990737915,-0.07810056209564209,0.002586184118598567,0.02992779016494751,-0.08812776207923889,0.0018398323354347212,0.039682626724243164,-0.0851740837097168,0.0016416627240403159,0.043533504009246826,-0.09338614344596863,0.001033448081187771,0.05831199884414673,-0.08240842819213867,0.001271683422572778,0.05234593152999878,-0.07181018590927124,0.0004396411731875105,0.044609129428863525,-0.06826728582382202,-0.0005573286416904466,0.05294114351272583,-0.0659378170967102,-0.0018675522387923138,0.06236255168914795,-0.05884969234466553,0.0016182832677884562,0.05525785684585571,-0.05186837911605835,0.0028402137595264776,0.04626321792602539,-0.04781705141067505,0.0025210336807219846,0.0575370192527771,-0.037025272846221924,-0.004365435286700858,0.06356179714202881,-0.034309327602386475,-0.0009407090929300921,0.056246280670166016,-0.029398202896118164,0.0017175531738473637,0.047068119049072266,-0.025800108909606934,0.002152031569465862,0.05860912799835205,-0.010411441326141357,-0.006923383518397941,0.06115990877151489,-0.01125401258468628,-0.0034893024221958058,0.05375391244888306,-0.008018970489501953,0.0002335057269817753,0.04610079526901245,-0.006024003028869629,0.002615855357333885
0.0,0.0,0.0,-0.0011467933654785156,-0.047184765338897705,0.002129745397184024,0.008227825164794922,-0.08223915100097656,0.0013667565839625695,0.024598419666290283,-0.09336036443710327,4.405464315482277e-05,0.03660428524017334,-0.09003674983978271,-0.0005745488266200027,0.03915292024612427,-0.09922540187835693,0.0010324900107718804,0.05251199007034302,-0.09143385291099548,0.0015637237414978244,0.046407222747802734,-0.0802122950553894,0.0009088347618728676,0.0392037034034729,-0.07597345113754272,-0.00010251634702740375,0.04938209056854248,-0.07391196489334106,-0.0018963272846974633,0.06012916564941406,-0.07047134637832642,0.0014676263857893446,0.05388593673706055,-0.061999738216400146,0.0025662101874388554,0.04529672861099243,-0.05589866638183594,0.002141970635790358,0.05544787645339966,-0.04654896259307861,-0.0044434948755167625,0.06351834535598755,-0.04721778631210327,-0.0010599510675035617,0.057240962982177734,-0.040187180042266846,0.0016708327060825923,0.04820483922958374,-0.034045279026031494,0.0021522196078933575,0.05814141035079956,-0.019929885864257812,-0.0070958503452800414,0.06363469362258911,-0.025700032711029053,-0.003943164174046387,0.057145655155181885,-0.02007681131362915,2.5075658783180188e-05,0.04944390058517456,-0.014719903469085693,0.0026525153847671845
0.0,0.0,0.0,-0.0035500526428222656,-0.047929227352142334,0.0035962919597807286,0.0041176676750183105,-0.08591574430465698,0.004098255502555048,0.019342899322509766,-0.1033664345741272,0.003816412611428177,0.03114229440689087,-0.10398909449577332,0.004238365067664063,0.03073817491531372,-0.10835275053977966,0.003444910597551143,0.04486662149429321,-0.1050463318824768,0.004763452651474154,0.041005074977874756,-0.09166517853736877,0.004759398138645565,0.034169673919677734,-0.08527141809463501,0.004384226015332615,0.04353642463684082,-0.0857817530632019,0.00033162059358460283,0.05462104082107544,-0.08486080169677734,0.0048237110846969244,0.0497550368309021,-0.07461023330688477,0.006334557513270056,0.04157954454421997,-0.06738609075546265,0.006205663400265848,0.05245852470397949,-0.0600014328956604,-0.002325651386257732,0.06061959266662598,-0.06134974956512451,0.0020811651726546643,0.0554121732711792,-0.053302109241485596,0.004825444276008284,0.046831488609313965,-0.04620969295501709,0.0052151450314852354,0.05764734745025635,-0.03412133455276489,-0.004966208395984495,0.062455713748931885,-0.038619816303253174,-0.0008558411840056124,0.05664592981338501,-0.032183706760406494,0.003329194931808388,0.049330174922943115,-0.0260351300239563,0.006075678708526766
0.0,0.0,0.0,-0.005280792713165283,-0.04541015625,0.0037316136669005573,0.0004385709762573242,-0.08607697486877441,0.0044540503669168174,0.012991547584533691,-0.10805866122245789,0.00409451189000265,0.02122366428375244,-0.11248832941055298,0.004363053166457576,0.02448713779449463,-0.11466148495674133,0.004932041433789891,0.041064321994781494,-0.11102882027626038,0.005097880647667807,0.037222206592559814,-0.0956394374370575,0.0038750114991898954,0.029191970825195312,-0.08793902397155762,0.0027932295716937006,0.038118600845336914,-0.09681341052055359,0.0013169445238645494,0.05047190189361572,-0.09213155508041382,0.0042890470150496185,0.04528164863586426,-0.07903876900672913,0.0044081696916009605,0.03678160905838013,-0.0710306167602539,0.003649855884873432,0.04889345169067383,-0.07417747378349304,-0.002020819191670853,0.058566153049468994,-0.07098358869552612,0.0009455054324689627,0.052868783473968506,-0.06053203344345093,0.0029210726871724546,0.04407137632369995,-0.052730679512023926,0.003236622004919809,0.05654442310333252,-0.04988306760787964,-0.005349917649141389,0.06269645690917969,-0.05093485116958618,-0.0021947550911818325,0.05677908658981323,-0.04170936346054077,0.001666348464937073,0.0495036244392395,-0.0343395471572876,0.004443227001615924
0.0,0.0,0.0,-0.0073996782302856445,-0.04575687646865845,0.004300243923140101,-0.004140198230743408,-0.0859118402004242,0.004799870544744067,0.007555365562438965,-0.1069587767124176,0.004207677444142632,0.018121778964996338,-0.108580082654953,0.004361413189840846,0.01709878444671631,-0.11940822005271912,0.003737335096744232,0.03367757797241211,-0.11693376302719116,0.004369762031060986,0.031133949756622314,-0.10107076168060303,0.003996384100688033,0.02379220724105835,-0.09201359748840332,0.003412319816348486,0.03200739622116089,-0.1030767560005188,-0.0001463219052624254,0.04393148422241211,-0.10115933418273926,0.003147522922304802,0.03998905420303345,-0.08716866374015808,0.003888987241012387,0.032386720180511475,-0.07679817080497742,0.0035665887442206667,0.04403853416442871,-0.08169618248939514,-0.0035174554179633333,0.051729023456573486,-0.08056315779685974,4.107801920838483e-05,0.04728686809539795,-0.06820613145828247,0.0025896320619409607,0.03981661796569824,-0.05814230442047119,0.003209137128365569,0.052645206451416016,-0.05796825885772705,-0.006855726471471257,0.05707591772079468,-0.05936545133590698,-0.0032288669574285223,0.05219066143035889,-0.04909473657608032,0.000916836379261099,0.045998215675354004,-0.04047971963882446,0.00387978856794291
0.0,0.0,0.0,-0.011330485343933105,-0.042949676513671875,0.0038147569481310484,-0.012320220470428467,-0.08472123742103577,0.003847005622091615,-0.002334296703338623,-0.10772928595542908,0.0028883610699352857,0.0085296630859375,-0.10802257061004639,0.0025485733836916324,0.006565570831298828,-0.12038806080818176,0.0019928827729103205,0.02274155616760254,-0.12076109647750854,0.0024444962233332035,0.020921707153320312,-0.1025674045085907,0.0022580282144275543,0.013652682304382324,-0.09079653024673462,0.0018252104833749172,0.023320257663726807,-0.10958686470985413,-0.0017274448567974332,0.03449225425720215,-0.11050158739089966,0.0014289466977146503,0.031785547733306885,-0.09368288516998291,0.002433332226800644,0.024783968925476074,-0.08041486144065857,0.0022853148017105696,0.03774744272232056,-0.09180682897567749,-0.004835953858119524,0.044420480728149414,-0.09451279044151306,-0.001576945806291974,0.041267216205596924,-0.07906121015548706,0.0012993461765375969,0.03477835655212402,-0.06570988893508911,0.002182293528321111,0.04905736446380615,-0.07012578845024109,-0.007872577213120735,0.05226409435272217,-0.07602816820144653,-0.004779271703583277,0.04799765348434448,-0.06310805678367615,-0.00031078471000967056,0.04268556833267212,-0.05108696222305298,0.0029958205610540745
0.0,0.0,0.0,-0.013530373573303223,-0.03706824779510498,0.003019519056607578,-0.01738595962524414,-0.07565760612487793,0.002330439071585033,-0.008355855941772461,-0.09984177350997925,0.0007442063879636862,0.0037806034088134766,-0.10211113095283508,-0.00025823290977200486,0.000902712345123291,-0.11989420652389526,0.0021745852655215003,0.01562732458114624,-0.11936342716217041,0.001999599765468929,0.01441425085067749,-0.10149109363555908,0.0007139355521132984,0.0077280402183532715,-0.08925992250442505,-0.0005105570662351511,0.01846557855606079,-0.11171466112136841,-0.001453994168485906,0.028534770011901855,-0.11231619119644165,0.000768074788567219,0.02667367458343506,-0.09486791491508484,0.0007758928341274896,0.02051180601119995,-0.07953301072120667,0.00019375167269686244,0.033899784088134766,-0.096323162317276,-0.004601950152363088,0.040402770042419434,-0.09762489795684814,-0.0023089697124021313,0.03798782825469971,-0.08207231760025024,-3.0616290104035215e-05,0.03200829029083252,-0.06769424676895142,0.0007855236408715882,0.046082913875579834,-0.0765140950679779,-0.0077329081022696755,0.04969388246536255,-0.08066055178642273,-0.005329957092698123,0.04608398675918579,-0.06728202104568481,-0.0012009466072129271,0.041326284408569336,-0.05452150106430054,0.002072538388375733
0.0,0.0,0.0,-0.014285147190093994,-0.03347736597061157,0.002776508957452961,-0.019808053970336914,-0.07024869322776794,0.0019740190285517656,-0.012063920497894287,-0.09677839279174805,0.0003738431072122239,-0.0006199479103088379,-0.1011539101600647,-0.0006457538881079472,-0.0025659799575805664,-0.11820292472839355,0.0019377597303389393,0.01321643590927124,-0.11934030055999756,0.0013982688936664545,0.01283806562423706,-0.10084807872772217,-3.8631301009672825e-05,0.006403625011444092,-0.08839595317840576,-0.0013886858547778047,0.015024244785308838,-0.11234384775161743,-0.0018524136000053204,0.02681952714920044,-0.11342775821685791,-0.00015657148165360013,0.025766313076019287,-0.09575599431991577,-0.00014887577404465446,0.019487321376800537,-0.08065527677536011,-0.0005613393920214094,0.03052574396133423,-0.09893640875816345,-0.005259582966260723,0.039151012897491455,-0.09859028458595276,-0.003541985021598748,0.0371701717376709,-0.0834294855594635,-0.0012506242680103696,0.03097093105316162,-0.070172518491745,-0.0003038325127420194,0.042898356914520264,-0.08022251725196838,-0.008706472541831545,0.04787725210189819,-0.08088994026184082,-0.006901408273421339,0.04446130990982056,-0.06691554188728333,-0.003135518364302925,0.03913724422454834,-0.054833412170410156,-4.723020234109754e-05
0.0,0.0,0.0,-0.016003191471099854,-0.03491804003715515,0.0025522232484860297,-0.0210113525390625,-0.07277187705039978,0.00206234897122215,-0.012282073497772217,-0.09880667924880981,0.0008220392359277184,-0.0002186298370361328,-0.10088440775871277,5.705220827678659e-05,-0.006698250770568848,-0.1172764003276825,0.001347760060880887,0.009468793869018555,-0.11938562989234924,0.0009285548316171344,0.00987333059310913,-0.10089439153671265,-3.64841995263987e-05,0.004155278205871582,-0.08761531114578247,-0.0011397705217035536,0.011433243751525879,-0.11349377036094666,-0.002083846278409851,0.023406267166137695,-0.11278444528579712,-0.0004161387019934182,0.022600650787353516,-0.09540140628814697,-0.00032097290169019743,0.017139911651611328,-0.08052775263786316,-0.0006954779652090792,0.027568161487579346,-0.10161644220352173,-0.005073218516926659,0.03610748052597046,-0.0994642972946167,-0.0035514632742064123,0.03403216600418091,-0.08396399021148682,-0.0015431207408340697,0.028312504291534424,-0.07050582766532898,-0.000721686604819638,0.04079562425613403,-0.08409935235977173,-0.008065633386294735,0.04476732015609741,-0.08170732855796814,-0.006548015311281574,0.04154568910598755,-0.06778284907341003,-0.0031630393619792585,0.03671663999557495,-0.05596771836280823,-0.0002539191315094058
0.0,0.0,0.0,-0.015078902244567871,-0.03671473264694214,0.0018335376597207187,-0.01790863275527954,-0.0716242790222168,-0.00030480696948131936,-0.006117880344390869,-0.09182935953140259,-0.0032276908670354487,0.008199810981750488,-0.09384170174598694,-0.005639773960112393,-0.007887959480285645,-0.1156930923461914,-0.0008250491729739906,0.009410083293914795,-0.1176600456237793,-0.0036526338000584246,0.010088324546813965,-0.09801170229911804,-0.006530008445380986,0.003924846649169922,-0.08458212018013,-0.008870582262872517,0.010129988193511963,-0.11292245984077454,-0.0048539090704906585,0.023222506046295166,-0.11147007346153259,-0.0053070198547828795,0.022379398345947266,-0.09363099932670593,-0.006332567593901217,0.016344130039215088,-0.07974156737327576,-0.007315595800875485,0.026414692401885986,-0.10197213292121887,-0.008574564176498711,0.036276936531066895,-0.09837093949317932,-0.008665244261621297,0.03391009569168091,-0.08198007941246033,-0.006977663076369822,0.027639806270599365,-0.06934961676597595,-0.006151572967766583,0.040179669857025146,-0.0848974883556366,-0.012397480363844693,0.044854044914245605,-0.07808846235275269,-0.012219090181289971,0.04136902093887329,-0.06276798248291016,-0.009192699733077347,0.03609186410903931,-0.05102857947349548,-0.006315041965692103
0.0,0.0,0.0,-0.012933135032653809,-0.03569138050079346,0.0013405594658451037,-0.017855525016784668,-0.06813174486160278,-0.000984982106800203,-0.011897921562194824,-0.09302198886871338,-0.0037774357329709574,-0.002213895320892334,-0.1015293300151825,-0.005962294511462574,-0.0038658976554870605,-0.11432206630706787,-0.0026949960589064403,0.014171361923217773,-0.11668014526367188,-0.004592746015603666,0.014661252498626709,-0.09784749150276184,-0.006333674754912977,0.008159935474395752,-0.08552923798561096,-0.00808041634407175,0.013582229614257812,-0.10832038521766663,-0.006432657580788259,0.02729862928390503,-0.10788080096244812,-0.006422258432920103,0.025994837284088135,-0.09106111526489258,-0.006979590732569818,0.01901865005493164,-0.07817831635475159,-0.007874473914469604,0.02892625331878662,-0.0958816409111023,-0.009649760074879055,0.03863239288330078,-0.09203583002090454,-0.009207734823192482,0.036065757274627686,-0.07746344804763794,-0.007009991429711704,0.029160141944885254,-0.06586572527885437,-0.0062077590115023895,0.04133731126785278,-0.07814499735832214,-0.012972041018272762,0.046462416648864746,-0.07330909371376038,-0.012761393547023658,0.04270768165588379,-0.05948770046234131,-0.009575556017423992,0.03656882047653198,-0.04839116334915161,-0.006747249498928909
0.0,0.0,0.0,-0.012240231037139893,-0.04211112856864929,0.001313187081350975,-0.01242917776107788,-0.07766175270080566,-0.000194421546083845,-0.0007244348526000977,-0.09591153264045715,-0.0023133790660807563,0.012389183044433594,-0.09642338752746582,-0.003980273248643584,0.003021538257598877,-0.11657673120498657,4.429424133434168e-05,0.01623159646987915,-0.11495411396026611,-0.0019759082775721026,0.01545184850692749,-0.0978667140007019,-0.004594520067811914,0.009013473987579346,-0.08807125687599182,-0.006922788785786338,0.020331263542175293,-0.10729390382766724,-0.00355682788232059,0.030068516731262207,-0.10488319396972656,-0.0037451517842868043,0.02754843235015869,-0.0895540714263916,-0.005167781708777852,0.02083975076675415,-0.07840102910995483,-0.006494194602609582,0.03487718105316162,-0.09203857183456421,-0.006831292396427102,0.04157203435897827,-0.08853623270988464,-0.00701950756648273,0.03794366121292114,-0.07477471232414246,-0.005630510726959415,0.031163513660430908,-0.06423008441925049,-0.00490032262915463,0.04594886302947998,-0.07181155681610107,-0.010232548562825627,0.048941612243652344,-0.0685259997844696,-0.010090060865522332,0.04470646381378174,-0.055913329124450684,-0.006908184250832505,0.039199769496917725,-0.045990318059921265,-0.003898329202101536
0.0,0.0,0.0,-0.01091092824935913,-0.03910753130912781,0.0016066653021340471,-0.010538041591644287,-0.07467803359031677,0.0008455762705494863,0.0005354881286621094,-0.09539148211479187,-0.0005029533225382465,0.011979341506958008,-0.0998201072216034,-0.0013255248944545883,0.008456289768218994,-0.11377319693565369,0.0008727657092464369,0.020327746868133545,-0.11402946710586548,-0.0006138921765881378,0.018591701984405518,-0.09808412194252014,-0.002876247761705031,0.012512266635894775,-0.08850991725921631,-0.004946402523600568,0.02517157793045044,-0.10245788097381592,-0.0024637910704399246,0.03330874443054199,-0.10088258981704712,-0.0020326373799974817,0.029635071754455566,-0.08647102117538452,-0.0032128172627921003,0.022694945335388184,-0.07605564594268799,-0.0044892158060605425,0.03866320848464966,-0.08543199300765991,-0.005506421688878049,0.04357081651687622,-0.08160781860351562,-0.005162292409622182,0.0391579270362854,-0.06932228803634644,-0.003873578056627025,0.032177627086639404,-0.05978578329086304,-0.0034917819015021223,0.0483284592628479,-0.06420376896858215,-0.008663255039536466,0.05044025182723999,-0.06047883629798889,-0.008431996468388547,0.04540377855300903,-0.04919940233230591,-0.005736183158987274,0.03938019275665283,-0.04036107659339905,-0.003259275823765506
0.0,0.0,0.0,-0.009402096271514893,-0.03743615746498108,0.0026148609109526433,-0.00872868299484253,-0.07104504108428955,0.0021870732531255044,0.002216815948486328,-0.08918723464012146,0.001028064078681723,0.012309491634368896,-0.09272992610931396,0.00029592689735125077,0.012447476387023926,-0.10997307300567627,0.001022119097441987,0.022690296173095703,-0.11337867379188538,0.0006809182456066765,0.021620452404022217,-0.09816950559616089,-0.0008019811133550547,0.0169752836227417,-0.08813601732254028,-0.00242414951880221,0.028261840343475342,-0.09779322147369385,-0.0024182081464374505,0.0351254940032959,-0.09619581699371338,-0.0002850731901986592,0.031620800495147705,-0.0822283923625946,-0.0006466866829129003,0.025016069412231445,-0.07205364108085632,-0.0018324511833185397,0.04060637950897217,-0.07986986637115479,-0.00540073679384534,0.04408496618270874,-0.07515889406204224,-0.003459446575462266,0.0396159291267395,-0.06400325894355774,-0.0022175796106154166,0.03268676996231079,-0.05519723892211914,-0.0024534242469513856,0.04901432991027832,-0.05871555209159851,-0.008449759777604982,0.05011528730392456,-0.05504903197288513,-0.007140797074853822,0.044885098934173584,-0.044716715812683105,-0.00454731516164486,0.03852498531341553,-0.036430686712265015,-0.0024781003370577537
0.0,0.0,0.0,-0.005666792392730713,-0.039700865745544434,0.0035794884985307363,-0.002469778060913086,-0.07172682881355286,0.003713564723170748,0.008122384548187256,-0.08927586674690247,0.0031556263653556016,0.017160117626190186,-0.09339863061904907,0.0030080983502784875,0.02062326669692993,-0.10711243748664856,0.0012156104290852454,0.029956340789794922,-0.10515099763870239,0.001825108667276254,0.02777940034866333,-0.09052100777626038,0.0013129186205560472,0.022384285926818848,-0.08166438341140747,0.0002443600766355303,0.03503572940826416,-0.09189450740814209,-0.0023301464883616063,0.04048126935958862,-0.08677420020103455,0.0008601088862860706,0.03602844476699829,-0.07389450073242188,0.0011310821952292827,0.02858734130859375,-0.06490185856819153,3.977141898303671e-05,0.045868754386901855,-0.07126161456108093,-0.005188393397816071,0.047318100929260254,-0.06484559178352356,-0.0022880474483599755,0.04200464487075806,-0.05477657914161682,-0.0007715384039101991,0.03438591957092285,-0.047125279903411865,-0.0012064176756894085,0.05254489183425903,-0.04807645082473755,-0.008027665773965964,0.051730334758758545,-0.04251784086227417,-0.006376028983481774,0.04582101106643677,-0.0337294340133667,-0.003948671268858561,0.0389559268951416,-0.027300208806991577,-0.002197894258983979
0.0,0.0,0.0,-0.0032695531845092773,-0.04001885652542114,0.0047479451296368325,0.0029573440551757812,-0.07020515203475952,0.005187437649581739,0.01535874605178833,-0.08299010992050171,0.004719000089679071,0.024974703788757324,-0.08229067921638489,0.0045843732205668175,0.026046156883239746,-0.102955162525177,0.0021418167871871674,0.03511250019073486,-0.10075989365577698,0.004010997958246776,0.032402098178863525,-0.0864386260509491,0.004473419174317428,0.02721327543258667,-0.07869100570678711,0.003930101416770526,0.0392838716506958,-0.08502393960952759,-0.0018533788260555184,0.044619083404541016,-0.07947778701782227,0.0027803457470128023,0.03963017463684082,-0.0675305426120758,0.0036974935920426333,0.032467007637023926,-0.06032589077949524,0.002766628995303222,0.04874306917190552,-0.06157800555229187,-0.0049938519822916305,0.05057257413864136,-0.05607983469963074,-0.0007464079407526469,0.04471278190612793,-0.046838462352752686,0.001058944164540776,0.037252843379974365,-0.040828853845596313,0.00046432377537541925,0.05414694547653198,-0.036564379930496216,-0.007999630399282864,0.05373537540435791,-0.03215837478637695,-0.004730320755626849,0.0474390983581543,-0.024332523345947266,-0.001632614281263045,0.040618300437927246,-0.019077777862548828,0.00021449761523228972
0.0,0.0,0.0,-0.0009983181953430176,-0.041837066411972046,0.004322078033169419,0.008776366710662842,-0.06995147466659546,0.004965987476339251,0.02336066961288452,-0.08001485466957092,0.0046685752000712455,0.03381991386413574,-0.07832163572311401,0.0048107811722957194,0.03026050329208374,-0.09677299857139587,0.003172934475173861,0.04044753313064575,-0.09735196828842163,0.00455655152984491,0.03803592920303345,-0.08453023433685303,0.005017244676878363,0.033088505268096924,-0.07714951038360596,0.004823949142178208,0.04220116138458252,-0.07703602313995361,-0.00043677901192040736,0.04826712608337402,-0.07324248552322388,0.0034404997255705894,0.043080151081085205,-0.06192624568939209,0.0043393172796868384,0.036113619804382324,-0.05536505579948425,0.0038278270054661334,0.05037581920623779,-0.05301889777183533,-0.0034175941713101565,0.05359053611755371,-0.04967662692070007,-0.0002666494859795421,0.04735463857650757,-0.04121667146682739,0.0015677449533768595,0.03973078727722168,-0.03592601418495178,0.0015667479725607336,0.05476492643356323,-0.02832600474357605,-0.006245432001719564,0.055343031883239746,-0.02622199058532715,-0.0033797177478618323,0.04871654510498047,-0.01924237608909607,-0.00012367926171918953,0.041777193546295166,-0.0148468017578125,0.002084608143945843
0.0,0.0,0.0,0.001106560230255127,-0.042432427406311035,0.0035712005632291266,0.01291048526763916,-0.06863775849342346,0.0038778408492277094,0.02815842628479004,-0.07731196284294128,0.003399818117387099,0.03870946168899536,-0.07632115483283997,0.003389279969624681,0.03757429122924805,-0.08920419216156006,0.0021331768079022595,0.04631948471069336,-0.08919796347618103,0.002643368585623307,0.041928112506866455,-0.07765960693359375,0.0023898108924100825,0.03625744581222534,-0.07015359401702881,0.0018558570012743303,0.04740792512893677,-0.06642088294029236,-0.0010726207107012442,0.0521964430809021,-0.06338125467300415,0.002679309255100293,0.04625141620635986,-0.05431589484214783,0.0037478715243111083,0.039690375328063965,-0.04826584458351135,0.0031593147727022597,0.05303049087524414,-0.04060301184654236,-0.0037924552740236095,0.05556178092956543,-0.03860604763031006,-0.0010737201370005778,0.049094438552856445,-0.03250992298126221,0.0008399373913476893,0.0416111946105957,-0.02823495864868164,0.0008726167437913546,0.05521225929260254,-0.015305638313293457,-0.006398446013562875,0.0559658408164978,-0.014778494834899902,-0.0037941516780932716,0.04924851655960083,-0.009892940521240234,-0.0005673923002262882,0.04250657558441162,-0.006979823112487793,0.0015692255987147519
0.0,0.0,0.0,0.002270042896270752,-0.041983842849731445,0.004182858116621446,0.013975858688354492,-0.06685775518417358,0.004321567438239526,0.028792381286621094,-0.07097837328910828,0.003484430912578773,0.03876906633377075,-0.0660586953163147,0.0030460829880780693,0.04034852981567383,-0.08487707376480103,0.0021943870966083523,0.04949319362640381,-0.07996448874473572,0.0021160984911716696,0.04431086778640747,-0.06828513741493225,0.0015116841100848433,0.03777426481246948,-0.06270095705986023,0.0007510967703296956,0.049011945724487305,-0.06184512376785278,-0.0016635613714583997,0.05570411682128906,-0.0568678081035614,0.0012678247445023771,0.04918968677520752,-0.04782778024673462,0.0023924686980194565,0.041644155979156494,-0.04282653331756592,0.0020662780885345455,0.05370861291885376,-0.03597787022590637,-0.005073383726482916,0.05784076452255249,-0.030852854251861572,-0.0026806877426110987,0.05071616172790527,-0.024434208869934082,-0.0004331797967438433,0.042643606662750244,-0.021382957696914673,-9.823609383374787e-05,0.055040597915649414,-0.01032412052154541,-0.008385813605343628,0.05754214525222778,-0.00667959451675415,-0.005945819240366745,0.05015295743942261,-0.0016973018646240234,-0.0026070918387972597,0.04281991720199585,-0.00011473894119262695,-0.0003839416162350062
0.0,0.0,0.0,0.0034981966018676758,-0.04128319025039673,0.004086923465678183,0.01591014862060547,-0.06462109088897705,0.004090965405652014,0.030614793300628662,-0.06674689054489136,0.003200500883707491,0.04025685787200928,-0.060217827558517456,0.002716628980437008,0.04279893636703491,-0.08109185099601746,0.0017889676676929867,0.05148577690124512,-0.07261916995048523,0.0016660311087832724,0.045907676219940186,-0.06129923462867737,0.0011051261393220102,0.039223670959472656,-0.05725836753845215,0.00031253797382646553,0.050809502601623535,-0.05653098225593567,-0.0020613526864110554,0.056694746017456055,-0.04735478758811951,0.0006201252402604496,0.049577176570892334,-0.03853487968444824,0.0017079132670403396,0.04197031259536743,-0.03498128056526184,0.0013572970932216322,0.05474609136581421,-0.03001078963279724,-0.005444003123244556,0.05861341953277588,-0.02092030644416809,-0.00335605288242391,0.050863444805145264,-0.015231609344482422,-0.0011446173008664573,0.04279369115829468,-0.01410907506942749,-0.0008061739787592614,0.0551680326461792,-0.004326224327087402,-0.008714320923587593,0.05743688344955444,0.002699613571166992,-0.00662001720016292,0.04947030544281006,0.006996512413024902,-0.003469404618641647,0.042308151721954346,0.006817460060119629,-0.0013464640066160882
0.0,0.0,0.0,0.004694223403930664,-0.04180252552032471,0.004734754935043384,0.019211411476135254,-0.0629207193851471,0.005161917209761668,0.03516417741775513,-0.06438779830932617,0.004613030608879853,0.04564177989959717,-0.056690722703933716,0.004655364342170287,0.042067766189575195,-0.08035978674888611,0.0026920127218090784,0.05184537172317505,-0.07139724493026733,0.002535613626378108,0.046533167362213135,-0.058864474296569824,0.002516004163908292,0.03950077295303345,-0.05509719252586365,0.0022883749568336498,0.05032855272293091,-0.05643165111541748,-0.0013680120230219472,0.05748516321182251,-0.04807129502296448,0.0008486089298003208,0.050549089908599854,-0.03813934326171875,0.0020348896739506017,0.042571961879730225,-0.03499224781990051,0.002059407439219285,0.05491292476654053,-0.030035972595214844,-0.0049628746694452275,0.05937981605529785,-0.020749032497406006,-0.0031948886810369004,0.051497817039489746,-0.014070391654968262,-0.0008079805759280134,0.04289180040359497,-0.01318824291229248,-0.00016329279446836154,0.05583369731903076,-0.003974318504333496,-0.0083886590784914,0.05717277526855469,0.004804849624633789,-0.006469096615774106,0.0489996075630188,0.009441137313842773,-0.003512060362709235,0.04149770736694336,0.008499681949615479,-0.0014470050575710047
0.0,0.0,0.0,0.005455613136291504,-0.040854424238204956,0.003496833457518278,0.02079230546951294,-0.06263965368270874,0.003284565717819987,0.037618815898895264,-0.06618493795394897,0.0023205655951983317,0.04904353618621826,-0.06077715754508972,0.002048685294482766,0.04466438293457031,-0.07740432024002075,0.0012408184911123499,0.05544710159301758,-0.06124478578567505,-6.389989817989772e-05,0.0490875244140625,-0.049288779497146606,-0.0011356226542034165,0.04142731428146362,-0.047967344522476196,-0.0021204919694923774,0.05178302526473999,-0.05217945575714111,-0.0026830862416886703,0.059007108211517334,-0.03737631440162659,-0.0014519543993287698,0.05139893293380737,-0.029053956270217896,-0.0007097912394442574,0.043161869049072266,-0.028430283069610596,-0.0010068382044323698,0.05517256259918213,-0.024919867515563965,-0.006303396928217353,0.06020772457122803,-0.011465072631835938,-0.005407006866391839,0.05199676752090454,-0.006529688835144043,-0.002863100417982878,0.043417155742645264,-0.008027791976928711,-0.0020532095014118568,0.05486857891082764,0.001993715763092041,-0.009877955927606763,0.05650687217712402,0.012993991374969482,-0.00860645753806466,0.04791140556335449,0.016104936599731445,-0.005595616451557817,0.040460944175720215,0.012980818748474121,-0.003448246433492841
0.0,0.0,0.0,0.0023577213287353516,-0.041521936655044556,0.005112996653096502,0.015098333358764648,-0.06548652052879333,0.006227045648174112,0.030454277992248535,-0.07026708126068115,0.006204972371833151,0.04055023193359375,-0.06408464908599854,0.00670741764120919,0.03945833444595337,-0.08309173583984375,0.004336020771788185,0.05031079053878784,-0.07921043038368225,0.0058192292716370275,0.04596877098083496,-0.06723254919052124,0.0067520489472912,0.03988957405090332,-0.061754971742630005,0.007049228392915552,0.048291802406311035,-0.060099780559539795,0.0004860416892000785,0.055496156215667725,-0.05537036061286926,0.004485662423448389,0.04939401149749756,-0.04680338501930237,0.006175393101202076,0.04200941324234009,-0.042081594467163086,0.006289090358094995,0.05311161279678345,-0.03437453508377075,-0.0028464679118229697,0.057393670082092285,-0.02957618236541748,0.0004399316174925616,0.05065673589706421,-0.02339792251586914,0.002794718930871909,0.042531609535217285,-0.019842147827148438,0.0031555675458179167,0.05458575487136841,-0.009185492992401123,-0.0060165446694924185,0.056381285190582275,-0.0046544671058654785,-0.0027544765245153258,0.049350082874298096,-6.198883056640625e-05,0.0005545542597786834,0.042327284812927246,0.0018555521965026855,0.0026716991350070884
0.0,0.0,0.0,0.0022072196006774902,-0.042240530252456665,0.004022894870288951,0.014611005783081055,-0.06674838066101074,0.004111189372636659,0.029675185680389404,-0.07214918732643127,0.0031926790026801655,0.03971707820892334,-0.06542205810546875,0.0027852838167774507,0.038565754890441895,-0.08807677030563354,0.003405935806952698,0.04934412240982056,-0.08013126254081726,0.0038238188491988012,0.04452115297317505,-0.06872150301933289,0.003451037430934889,0.037874042987823486,-0.06466713547706604,0.0027400981409329006,0.04773294925689697,-0.06553706526756287,-0.0004916666301113537,0.055025458335876465,-0.05810368061065674,0.002373224334590418,0.048872172832489014,-0.04931265115737915,0.0031402075903343984,0.0411716103553772,-0.04504954814910889,0.002699094103448374,0.05314677953720093,-0.039727747440338135,-0.0039813728297275475,0.05765718221664429,-0.03312760591506958,-0.0012705015476939252,0.050589144229888916,-0.026446282863616943,0.0009791439872088858,0.04239934682846069,-0.02339988946914673,0.0013064106235134432,0.05508047342300415,-0.013821661472320557,-0.007451114267311709,0.05672621726989746,-0.008990824222564697,-0.004413910698346513,0.04919445514678955,-0.004188954830169678,-0.0009525307912525705,0.04203516244888306,-0.0029146671295166016,0.0012665404712635109
0.0,0.0,0.0,-0.0003936290740966797,-0.04205551743507385,0.003508506923779464,0.009647965431213379,-0.07037431001663208,0.003451165392860389,0.02417588233947754,-0.07655206322669983,0.0023309680389758114,0.03495597839355469,-0.07107913494110107,0.0016984123493131165,0.033937156200408936,-0.09460344910621643,0.00359689432555399,0.043890535831451416,-0.09025928378105164,0.0031587936671968464,0.039156436920166016,-0.07805150747299194,0.0016634127812977795,0.0327267050743103,-0.0722501277923584,0.00024354515956304112,0.044800519943237305,-0.07403090596199036,-0.0002468349422741767,0.050933897495269775,-0.06855222582817078,0.002023418083652473,0.04504656791687012,-0.05879947543144226,0.002035026786714411,0.037755489349365234,-0.05272522568702698,0.0011281508476059798,0.05190634727478027,-0.0494629442691803,-0.0038517076765600677,0.05553007125854492,-0.04333573579788208,-0.0019315783876407977,0.04851645231246948,-0.03515404462814331,-0.00026965863177963456,0.04036027193069458,-0.0299222469329834,-0.00013013131790273746,0.055616915225982666,-0.023944079875946045,-0.007515438484162473,0.05699014663696289,-0.01893717050552368,-0.00552720774537363,0.04938864707946777,-0.012264609336853027,-0.0025607714207325216,0.04199349880218506,-0.008602917194366455,-0.00042749408855513593
0.0,0.0,0.0,-0.003282308578491211,-0.043279409408569336,0.0034142154152760895,0.0028837919235229492,-0.07693210244178772,0.0031561477924952897,0.015400469303131104,-0.09164002537727356,0.001994070026583472,0.026089370250701904,-0.09243395924568176,0.0013835252146492394,0.028954803943634033,-0.10268303751945496,0.002390710532225171,0.03879725933074951,-0.09792816638946533,0.002029650041393438,0.03439366817474365,-0.08402329683303833,0.0005924472469160946,0.027616679668426514,-0.07759249210357666,-0.0007745668873866407,0.041355788707733154,-0.08194181323051453,-0.001342397520758709,0.046996116638183594,-0.07647985219955444,0.0010184624814684184,0.041443586349487305,-0.06556400656700134,0.000819653866372505,0.03382587432861328,-0.0582006573677063,-0.00024304325340551713,0.049819767475128174,-0.05691617727279663,-0.004696463805132112,0.052791714668273926,-0.05031660199165344,-0.0023251752019604055,0.04657262563705444,-0.041411399841308594,-0.0009037476731208471,0.038409650325775146,-0.035377562046051025,-0.001082368532635769,0.054741501808166504,-0.030756652355194092,-0.008087039564244947,0.05579948425292969,-0.024401068687438965,-0.005878184561126432,0.04871213436126709,-0.017487704753875732,-0.0031312183593144027,0.041141629219055176,-0.01336658000946045,-0.0011699396301736442
0.0,0.0,0.0,-0.007553994655609131,-0.042807042598724365,0.0013240135144201304,-0.0031434297561645508,-0.07835325598716736,2.897530288237249e-05,0.010629117488861084,-0.09407776594161987,-0.0017501181587817882,0.022578656673431396,-0.09485998749732971,-0.002947071510391197,0.02397167682647705,-0.1085069477558136,-8.903870326548713e-05,0.03253519535064697,-0.10207891464233398,-0.001531433490129075,0.028498470783233643,-0.08605837821960449,-0.0035860675284880017,0.02193915843963623,-0.07814893126487732,-0.005376147282333932,0.03852200508117676,-0.09085249900817871,-0.0031068911208080863,0.04349339008331299,-0.08254984021186829,-0.0021352995550500964,0.037624478340148926,-0.06936907768249512,-0.003028246284486613,0.029580116271972656,-0.061338335275650024,-0.004391731404723487,0.04897814989089966,-0.06754627823829651,-0.005829133269401154,0.05122262239456177,-0.05770567059516907,-0.00485950912258204,0.04466414451599121,-0.04666340351104736,-0.003738398839743695,0.03630799055099487,-0.03977102041244507,-0.0038366605891155814,0.0556105375289917,-0.041376352310180664,-0.008736607794674,0.05602759122848511,-0.03216749429702759,-0.007676404611231646,0.04879254102706909,-0.0236203670501709,-0.005255021796585879,0.040821373462677,-0.01867276430130005,-0.0032746442025768374
0.0,0.0,0.0,-0.010054945945739746,-0.03942492604255676,0.0010200372527577883,-0.007902204990386963,-0.07430773973464966,-0.00021614416239401635,0.0047914981842041016,-0.0929127037525177,-0.0018910941106042856,0.016255855560302734,-0.09722831845283508,-0.002908454127307891,0.01784306764602661,-0.11085474491119385,9.889633308546308e-05,0.02724069356918335,-0.10461938381195068,-0.0013130404657459849,0.02391427755355835,-0.08703058958053589,-0.0033135384690723413,0.01755690574645996,-0.0775395929813385,-0.005008917618241071,0.03364509344100952,-0.09599363803863525,-0.0027775462620667213,0.039327383041381836,-0.08740207552909851,-0.002022028518538832,0.03380972146987915,-0.07265022397041321,-0.0030852028538248533,0.026001930236816406,-0.06310859322547913,-0.004300030264701604,0.04537087678909302,-0.07467851042747498,-0.0053757753592691415,0.04751664400100708,-0.06330206990242004,-0.004551603309508323,0.04135698080062866,-0.05097121000289917,-0.003716302886303424,0.03363239765167236,-0.0429081916809082,-0.003833290738683104,0.05321776866912842,-0.05004957318305969,-0.008171496763523578,0.05330270528793335,-0.039227694272994995,-0.007252802923019885,0.04639643430709839,-0.029251813888549805,-0.0050414407995305055,0.03898489475250244,-0.022709786891937256,-0.0030798342448434823
0.0,0.0,0.0,-0.012074053287506104,-0.03907299041748047,0.0009904148110422284,-0.010957777500152588,-0.07223188877105713,-0.00036930395339140887,0.0009742975234985352,-0.09022915363311768,-0.0021857737510231345,0.012520253658294678,-0.09320366382598877,-0.0035374862554249376,0.015110969543457031,-0.10983961820602417,-0.0001581413297913059,0.02163618803024292,-0.10129684209823608,-0.0016913775534135311,0.01875251531600952,-0.0839737057685852,-0.004060961952689013,0.013376057147979736,-0.07419911026954651,-0.00614404836136373,0.03127676248550415,-0.09752598404884338,-0.00296330516624721,0.033912837505340576,-0.08782806992530823,-0.0021455087180015653,0.02885669469833374,-0.07320341467857361,-0.0034821566140976756,0.02222466468811035,-0.06256669759750366,-0.005088871525856575,0.043289899826049805,-0.07777249813079834,-0.005474244890990576,0.04287534952163696,-0.06463730335235596,-0.004889378505083641,0.03695333003997803,-0.051979660987854004,-0.004413138790312132,0.030195534229278564,-0.04310619831085205,-0.0048211712336865276,0.05145746469497681,-0.05417311191558838,-0.00818850816625627,0.05021190643310547,-0.04073911905288696,-0.0074638302384641975,0.043613970279693604,-0.030167698860168457,-0.005583372613671145,0.036712467670440674,-0.02327805757522583,-0.003941984562459311
0.0,0.0,0.0,-0.013091981410980225,-0.03493329882621765,0.0005520015372297848,-0.013741254806518555,-0.06909540295600891,-0.0010255594854839956,-0.0032759904861450195,-0.09068864583969116,-0.0029843900004067336,0.007851779460906982,-0.09705916047096252,-0.004326230485517613,0.009298145771026611,-0.1101556122303009,0.0004207470453678752,0.016691982746124268,-0.10221126675605774,-0.0014206550433897291,0.014954149723052979,-0.08433514833450317,-0.003999405179698101,0.010003209114074707,-0.07345205545425415,-0.006127785530466667,0.025518596172332764,-0.1025741696357727,-0.0022573877242990648,0.02956223487854004,-0.09206506609916687,-0.0022095114575364505,0.025842905044555664,-0.07576793432235718,-0.004200476326573721,0.019966721534729004,-0.06408625841140747,-0.005995161470551125,0.038635969161987305,-0.08648079633712769,-0.0047014356707819616,0.03996086120605469,-0.07452273368835449,-0.005156276386756531,0.03555190563201904,-0.05997812747955322,-0.00502494407125198,0.029672324657440186,-0.049217551946640015,-0.005178623471934429,0.048942744731903076,-0.06535053253173828,-0.007288654439676634,0.048777997493743896,-0.056062936782836914,-0.0075593307731338655,0.043231070041656494,-0.04440563917160034,-0.0056747674127706205,0.03714877367019653,-0.03537455201148987,-0.003595259145427576
0.0,0.0,0.0,-0.015093863010406494,-0.03215742111206055,-0.0006754701845466116,-0.018319368362426758,-0.06617578864097595,-0.003026658634667001,-0.010040640830993652,-0.09011971950531006,-0.005404001998726926,0.0002449154853820801,-0.10026004910469055,-0.007224032620911203,0.005460500717163086,-0.11157387495040894,-0.0018285010829686144,0.008630514144897461,-0.10485965013504028,-0.004824320285592876,0.007082998752593994,-0.0871715247631073,-0.008483968640689454,0.003653883934020996,-0.07560750842094421,-0.011240011977974973,0.022457540035247803,-0.10420766472816467,-0.003977229318593345,0.023225367069244385,-0.09603521227836609,-0.004613752908085189,0.019685983657836914,-0.07979404926300049,-0.006833494606439672,0.014821648597717285,-0.06654661893844604,-0.008748541551653943,0.03600120544433594,-0.08865761756896973,-0.005954498856340251,0.03406953811645508,-0.07780143618583679,-0.007160425151710115,0.02977728843688965,-0.06381407380104065,-0.0072815282857163766,0.02455061674118042,-0.05200430750846863,-0.007531488745485149,0.04638296365737915,-0.06861093640327454,-0.008150729316298566,0.043239474296569824,-0.05909383296966553,-0.009223449009482465,0.03807413578033447,-0.0472559928894043,-0.007827364805166326,0.032854557037353516,-0.037484586238861084,-0.006009950268094144
0.0,0.0,0.0,-0.015399634838104248,-0.03317132592201233,0.0002262310692913161,-0.017726242542266846,-0.06599518656730652,-0.0022762956984934135,-0.008144199848175049,-0.08716747164726257,-0.004978534435167603,0.003781259059906006,-0.09378102421760559,-0.00729910064978867,0.0020069479942321777,-0.112496018409729,-0.0017647125248458906,0.006547272205352783,-0.10466206073760986,-0.004673215230241112,0.0056105852127075195,-0.08583438396453857,-0.008147073579266362,0.002097189426422119,-0.07380011677742004,-0.010770096113219552,0.019672691822052002,-0.10747456550598145,-0.004477807455941729,0.021921813488006592,-0.09855473041534424,-0.004531760835334353,0.019092917442321777,-0.0811898410320282,-0.006300500729366831,0.014768779277801514,-0.06717947125434875,-0.008081455384626679,0.03412473201751709,-0.09276255965232849,-0.006877478347405486,0.03391295671463013,-0.08176237344741821,-0.0073793913659301325,0.02972167730331421,-0.06660822033882141,-0.00687307738257914,0.024587929248809814,-0.05427020788192749,-0.006911476743653111,0.045401692390441895,-0.07268238067626953,-0.00941837918503552,0.04394638538360596,-0.06353935599327087,-0.009546705191269211,0.03888201713562012,-0.051234543323516846,-0.007194563881739668,0.033421099185943604,-0.04119157791137695,-0.004857594282611899
0.0,0.0,0.0,-0.01565641164779663,-0.032983094453811646,-0.0002895808420504409,-0.018285632133483887,-0.06560853123664856,-0.002417508133490287,-0.00930643081665039,-0.0883641242980957,-0.0044510353755100596,0.0012778639793395996,-0.09615233540534973,-0.0059731857318325865,0.002853095531463623,-0.11335691809654236,-0.0020348365351452458,0.009718179702758789,-0.10648009181022644,-0.003216265787173711,0.008566141128540039,-0.08876654505729675,-0.005044690186892353,0.004055202007293701,-0.07782453298568726,-0.006815178173397385,0.020605802536010742,-0.10631093382835388,-0.004148642851774298,0.024034321308135986,-0.09900075197219849,-0.0035788159284635412,0.021197080612182617,-0.08302074670791626,-0.004975159506116711,0.016254127025604248,-0.06999951601028442,-0.006453398468707405,0.03473430871963501,-0.091297447681427,-0.005811265989009939,0.03543215990066528,-0.08262112736701965,-0.005938947985683285,0.031474411487579346,-0.0689399242401123,-0.005541590361659132,0.02629309892654419,-0.05699381232261658,-0.005623653850321375,0.045502424240112305,-0.0716753602027893,-0.007590005493526064,0.04447495937347412,-0.06379616260528564,-0.007837407610182368,0.039788782596588135,-0.05223807692527771,-0.005901433846716486,0.03470146656036377,-0.042431652545928955,-0.003811250992853843
0.0,0.0,0.0,-0.015480995178222656,-0.034670859575271606,0.000940195339182992,-0.01829397678375244,-0.06751987338066101,-0.0006627209406246948,-0.010137736797332764,-0.09195268154144287,-0.0023971135416900324,-0.0006652474403381348,-0.10215169191360474,-0.003652904011858027,0.0028653740882873535,-0.112709641456604,-0.0012213198389758873,0.009032130241394043,-0.10798510909080505,-0.0020024506995355296,0.00752633810043335,-0.08999192714691162,-0.003310853910249989,0.002868056297302246,-0.07829296588897705,-0.004610406529707234,0.020475149154663086,-0.10570317506790161,-0.003763234304813068,0.023286879062652588,-0.09984132647514343,-0.0027730721669172453,0.020053207874298096,-0.08365315198898315,-0.0038259663307940173,0.014972567558288574,-0.07041066884994507,-0.005049369592768471,0.03482234477996826,-0.09062182903289795,-0.005746538580012839,0.03552651405334473,-0.08324271440505981,-0.005447974723381321,0.03157150745391846,-0.0696474015712738,-0.004949688274962227,0.026369333267211914,-0.05735847353935242,-0.005036802791607897,0.04588592052459717,-0.07092764973640442,-0.00771576614732794,0.044576823711395264,-0.06375601887702942,-0.0075611810354416775,0.039884984493255615,-0.05163288116455078,-0.005498852875632565,0.034866273403167725,-0.040868937969207764,-0.0033668282596295285
0.0,0.0,0.0,-0.015850722789764404,-0.034336239099502563,0.00022256529420872084,-0.019019663333892822,-0.06752175092697144,-0.0015653541841658125,-0.009615182876586914,-0.0901806652545929,-0.0033948387782203326,0.0020078420639038086,-0.09584549069404602,-0.004808102391578473,0.0028530359268188477,-0.11214300990104675,-0.002260496497072495,0.007534682750701904,-0.10806578397750854,-0.003198170691646851,0.005888402462005615,-0.09054023027420044,-0.004671234760351695,0.0016876459121704102,-0.07961174845695496,-0.006174751680262602,0.02026468515396118,-0.10403040051460266,-0.004407702602364338,0.02212667465209961,-0.0989980399608612,-0.0034612101799922357,0.018845081329345703,-0.08395400643348694,-0.004393046844668902,0.014009475708007812,-0.07080540060997009,-0.005633290048606909,0.034070611000061035,-0.08798673748970032,-0.0060537407471912275,0.033516526222229004,-0.08050546050071716,-0.005703663576312579,0.02947944402694702,-0.06769102811813354,-0.005221474572934426,0.024440288543701172,-0.05567428469657898,-0.005402597721584357,0.04434239864349365,-0.06768804788589478,-0.007775448851205624,0.04275768995285034,-0.06064125895500183,-0.007471665397204674,0.0378609299659729,-0.04953768849372864,-0.0054961216001885305,0.0329548716545105,-0.03951069712638855,-0.0035777437797861467
0.0,0.0,0.0,-0.014089107513427734,-0.03244805335998535,-0.0007895089135843136,-0.016923606395721436,-0.06410127878189087,-0.0033627121508459368,-0.010047554969787598,-0.08797171711921692,-0.0057318875830958405,-0.0018453001976013184,-0.09901872277259827,-0.007632095300067476,0.004552602767944336,-0.11093419790267944,-0.0044631640691648045,0.008896172046661377,-0.1053098738193512,-0.007304381978173069,0.007732689380645752,-0.0877472460269928,-0.010330277428437284,0.003515303134918213,-0.0770334005355835,-0.012649800561774782,0.021939575672149658,-0.10220420360565186,-0.006483870026130489,0.023759543895721436,-0.09550434350967407,-0.007135431215573362,0.020485281944274902,-0.08084899187088013,-0.008827367730845026,0.014973819255828857,-0.06802266836166382,-0.010464172743667177,0.0358356237411499,-0.08611354231834412,-0.008105981097031645,0.034712135791778564,-0.07601302862167358,-0.009010095082629732,0.03076756000518799,-0.06406950950622559,-0.008707785912264399,0.02515232563018799,-0.052247464656829834,-0.008851295270432047,0.045977234840393066,-0.06609198451042175,-0.009912701256979517,0.04366624355316162,-0.05742985010147095,-0.010754849695075563,0.039021313190460205,-0.04672926664352417,-0.009109708413888029,0.03385567665100098,-0.03649944067001343,-0.007252097063172869
0.0,0.0,0.0,-0.013154149055480957,-0.0340571403503418,0.000526660079742669,-0.013817906379699707,-0.0679718554019928,-0.0005976050583171855,-0.0045951008796691895,-0.09086716175079346,-0.0017892414311404536,0.0043759942054748535,-0.10001471638679504,-0.002557862766877861,0.009444653987884521,-0.10948067903518677,-0.001369156276666672,0.013377189636230469,-0.10827562212944031,-0.0030188916556994627,0.011479198932647705,-0.09175756573677063,-0.0052576435104469965,0.007168173789978027,-0.08056899905204773,-0.007037865680501909,0.02574777603149414,-0.09892827272415161,-0.0036172414970110367,0.02748429775238037,-0.09505954384803772,-0.0030775093313764046,0.02345740795135498,-0.080299973487854,-0.004247737333969326,0.017784714698791504,-0.06825956702232361,-0.005493812014208288,0.03854483366012573,-0.08185428380966187,-0.005476696633593292,0.037891268730163574,-0.07377994060516357,-0.005290693820313663,0.03313159942626953,-0.06242462992668152,-0.004748219375358076,0.027200639247894287,-0.05227780342102051,-0.004812972371325941,0.0476529598236084,-0.06119680404663086,-0.0074343147993545244,0.04587811231613159,-0.05407550930976868,-0.007288042672769279,0.04047226905822754,-0.04407796263694763,-0.005268479914263935,0.034949302673339844,-0.03549116849899292,-0.003223620571986885
0.0,0.0,0.0,-0.011914074420928955,-0.03478449583053589,-0.00017615258566650027,-0.011277377605438232,-0.07021749019622803,-0.0016081141731802973,-0.0013295412063598633,-0.09302812814712524,-0.0029572722925905737,0.007663607597351074,-0.10345053672790527,-0.0037947224411283287,0.012497007846832275,-0.11017188429832458,-0.002063441505200103,0.017576754093170166,-0.10794040560722351,-0.0042584984987144026,0.015645265579223633,-0.09123259782791138,-0.007054805704868272,0.011128544807434082,-0.08048132061958313,-0.009147560173190072,0.02840501070022583,-0.09672123193740845,-0.004142914847946599,0.03126978874206543,-0.09143194556236267,-0.0040007982826892885,0.02688586711883545,-0.07674053311347961,-0.005432678335822061,0.020515620708465576,-0.06550610065460205,-0.006820681454158262,0.04060572385787964,-0.0773075520992279,-0.005914250803655818,0.04082036018371582,-0.06947815418243408,-0.006153654256380037,0.035642266273498535,-0.05845782160758972,-0.005654745218819812,0.02914869785308838,-0.04902735352516174,-0.005693687540954784,0.04900979995727539,-0.055083125829696655,-0.007825490967846349,0.047050416469573975,-0.04795384407043457,-0.008106655390477613,0.04124462604522705,-0.038460493087768555,-0.006137248543566898,0.03550761938095093,-0.03064742684364319,-0.004051966541922525
0.0,0.0,0.0,-0.010457813739776611,-0.0360967218875885,-0.000189188488320724,-0.008366644382476807,-0.0710735023021698,-0.001576036286451199,0.0028853416442871094,-0.09018492698669434,-0.0028739445394876384,0.013859868049621582,-0.09474411606788635,-0.0037163097429129266,0.015448570251464844,-0.1084454357624054,-0.0022198939248028182,0.019018948078155518,-0.10391902923583984,-0.004204867595717587,0.016166985034942627,-0.0891854465007782,-0.006968009008005538,0.011977612972259521,-0.08004748821258545,-0.009216288758352675,0.031076550483703613,-0.09293267130851746,-0.004384316692039647,0.032281696796417236,-0.08768299221992493,-0.004057459255591311,0.02743542194366455,-0.07500514388084412,-0.00531954057692019,0.02180302143096924,-0.06435367465019226,-0.006690997818395772,0.04249471426010132,-0.07131320238113403,-0.006193363295778909,0.041339755058288574,-0.0645812451839447,-0.006431925298556962,0.035526812076568604,-0.05471953749656677,-0.005803919119671264,0.029384732246398926,-0.04585254192352295,-0.00579212717889277,0.049803197383880615,-0.04747989773750305,-0.008148849664166846,0.04700499773025513,-0.04091426730155945,-0.008595268895760455,0.04089629650115967,-0.03246253728866577,-0.006624111162409463,0.03552126884460449,-0.02572411298751831,-0.004543196132317462
0.0,0.0,0.0,-0.0083543062210083,-0.038180649280548096,0.0006767017797386643,-0.0037878751754760742,-0.07143524289131165,-0.00012605960058920118,0.008417665958404541,-0.08825919032096863,-0.0008699558062659207,0.01929718255996704,-0.09027257561683655,-0.0011660580609174076,0.020898401737213135,-0.10544025897979736,-0.0014879989290790263,0.025655508041381836,-0.1014062762260437,-0.0019559761827991906,0.02321988344192505,-0.08804231882095337,-0.0034417809771554175,0.019158780574798584,-0.08005690574645996,-0.005034863887559027,0.0351252555847168,-0.08657616376876831,-0.0037471076326625052,0.03611212968826294,-0.08202096819877625,-0.002125504831056446,0.031464338302612305,-0.07098591327667236,-0.002647316720540971,0.02590388059616089,-0.06181016564369202,-0.003840431044082493,0.0450587272644043,-0.06279405951499939,-0.005497932372819037,0.04383373260498047,-0.059185951948165894,-0.004560053287278265,0.03815716505050659,-0.050571948289871216,-0.0033015983032242957,0.032160043716430664,-0.04242774844169617,-0.0031847110336826745,0.050765395164489746,-0.03775286674499512,-0.007336127044837326,0.04858976602554321,-0.0354001522064209,-0.006707744145970196,0.042446136474609375,-0.02833956480026245,-0.004114014966617674,0.03712528944015503,-0.02195662260055542,-0.0018721955681400004
0.0,0.0,0.0,-0.005670011043548584,-0.03993108868598938,0.0026137812985211895,0.0012810826301574707,-0.07173427939414978,0.002722351624640851,0.015134632587432861,-0.08232998847961426,0.0024565333025634573,0.02557927370071411,-0.0763472318649292,0.0024763884013623283,0.025213003158569336,-0.10013309121131897,0.00022687720974090553,0.0332944393157959,-0.09889143705368042,0.0011528879860520647,0.031269848346710205,-0.08739012479782104,0.0008839435633376524,0.02680373191833496,-0.08016076683998108,5.6106679210188304e-05,0.03809058666229248,-0.07968306541442871,-0.0025162882646441176,0.04148280620574951,-0.0754900872707367,0.0010556676881492422,0.036937177181243896,-0.06554892659187317,0.0017469471078470633,0.031054198741912842,-0.0579780638217926,0.0010240062130719707,0.04672592878341675,-0.05477955937385559,-0.004643350095477672,0.04748260974884033,-0.05141088366508484,-0.001627389528778167,0.042017579078674316,-0.043923258781433105,-2.1986583135458204e-05,0.035594642162323,-0.03745737671852112,-0.00020374759134256237,0.05128103494644165,-0.02969491481781006,-0.006752717495885463,0.05065131187438965,-0.027493536472320557,-0.00418609865101871,0.04480820894241333,-0.02115657925605774,-0.00120104146282074,0.039225876331329346,-0.0159146785736084,0.0008260168125957534
0.0,0.0,0.0,-0.0033245086669921875,-0.04111886024475098,0.0031693286428122747,0.005566656589508057,-0.07086250185966492,0.003506395935815476,0.02024930715560913,-0.08048954606056213,0.0032266173211752402,0.030618727207183838,-0.07757976651191711,0.0033192669207124936,0.0310361385345459,-0.0953802764415741,0.0012678411722077954,0.04035317897796631,-0.09804445505142212,0.0018828668098791468,0.03743857145309448,-0.08535900712013245,0.0016389330549060332,0.03225833177566528,-0.07665160298347473,0.001109740317602359,0.04272186756134033,-0.073691725730896,-0.0017084623986960423,0.04776376485824585,-0.07177713513374329,0.0021069447675614583,0.042465031147003174,-0.06109073758125305,0.003204647421640061,0.03589332103729248,-0.05346003174781799,0.0027693707661597955,0.05001920461654663,-0.04817765951156616,-0.004186318518790699,0.05241042375564575,-0.04560720920562744,-0.001158961241330303,0.04632037878036499,-0.03856939077377319,0.0005069567405513453,0.039021074771881104,-0.03276851773262024,0.00034205196335790333,0.05337268114089966,-0.022777706384658813,-0.006600106397840477,0.053197622299194336,-0.020925700664520264,-0.003855454532626368,0.04662132263183594,-0.015411555767059326,-0.0009355817755789531,0.04017430543899536,-0.011123359203338623,0.0009617242894961464
0.0,0.0,0.0,-0.0011231303215026855,-0.042852193117141724,0.004690726507561749,0.009180665016174316,-0.07235834002494812,0.0058457546272450145,0.024339616298675537,-0.08058974146842957,0.006101471126186198,0.03448289632797241,-0.07698416709899902,0.006724171094703024,0.03574669361114502,-0.0931132435798645,0.0031951069702529367,0.0472601056098938,-0.09428092837333679,0.00527211347232992,0.04388320446014404,-0.08250245451927185,0.0063343446106784995,0.03820127248764038,-0.0751836895942688,0.006591919563817328,0.04608970880508423,-0.07051119208335876,-0.00020260094444779497,0.05377829074859619,-0.06822860240936279,0.004802216995614117,0.047978878021240234,-0.05810609459877014,0.0068259925917857345,0.0406377911567688,-0.051478803157806396,0.006932703998046463,0.05217134952545166,-0.04473787546157837,-0.002966029582438523,0.05686885118484497,-0.04284265637397766,0.0011764637763747032,0.05055093765258789,-0.035716086626052856,0.0034656005316549,0.0426596999168396,-0.03047361969947815,0.003548106398540085,0.05468153953552246,-0.019456446170806885,-0.005543139543277675,0.05682504177093506,-0.019223928451538086,-0.0018827498554117028,0.05027061700820923,-0.013655483722686768,0.0016454654849269446,0.043382227420806885,-0.009522676467895508,0.003852415118473118
0.0,0.0,0.0,0.0011886954307556152,-0.04346573352813721,0.004268573326285718,0.01259303092956543,-0.07300326228141785,0.0057406818580290064,0.027794241905212402,-0.08102110028266907,0.0063960381869634375,0.037698209285736084,-0.07684668898582458,0.0075373665515741095,0.040674448013305664,-0.08915695548057556,0.003472332339029549,0.05190211534500122,-0.09061753749847412,0.0061737598937412486,0.0476146936416626,-0.08067476749420166,0.007672907979454635,0.041626036167144775,-0.07386946678161621,0.008070496571477292,0.04954653978347778,-0.06493324041366577,0.00043352057970480473,0.057030677795410156,-0.06481721997261047,0.005745764085318683,0.050920963287353516,-0.05704629421234131,0.007874852706905244,0.04328399896621704,-0.051004499197006226,0.007988242161687253,0.05387526750564575,-0.038535475730895996,-0.002001432507071854,0.05845290422439575,-0.03875941038131714,0.0023364987776091084,0.05220919847488403,-0.03348773717880249,0.004587982510443567,0.04413825273513794,-0.028859615325927734,0.00458386373635733,0.05472207069396973,-0.013483762741088867,-0.004291404775116803,0.05713629722595215,-0.015343546867370605,-0.000858055291004689,0.05093914270401001,-0.011443853378295898,0.002429666192497848,0.044206321239471436,-0.008002817630767822,0.00447150525566542
0.0,0.0,0.0,0.0017085075378417969,-0.042578548192977905,0.004215127166574462,0.013459980487823486,-0.07176858186721802,0.00570274175352381,0.028905510902404785,-0.08043062686920166,0.006283443264877064,0.03914588689804077,-0.07885429263114929,0.007372928161387904,0.042317748069763184,-0.08614963293075562,0.003740983858918412,0.05539071559906006,-0.08648526668548584,0.005442449201112254,0.05139565467834473,-0.07724013924598694,0.006299078773920996,0.04515254497528076,-0.07181385159492493,0.0064938555771760775,0.05044913291931152,-0.06236061453819275,0.0006653514175951614,0.05978548526763916,-0.05904242396354675,0.005047814764296277,0.05348384380340576,-0.051418811082839966,0.0067817720884733035,0.04547649621963501,-0.04738447070121765,0.006813424017494185,0.054048240184783936,-0.036250025033950806,-0.001964994163969891,0.06006467342376709,-0.03308570384979248,0.0013877536004684998,0.053757429122924805,-0.028276920318603516,0.0032167502979092433,0.04516655206680298,-0.02556246519088745,0.0031289435757599904,0.05439978837966919,-0.0115700364112854,-0.004436987608457343,0.057239532470703125,-0.009548306465148926,-0.001759408780159788,0.05073666572570801,-0.006223797798156738,0.0009722988654203846,0.04328697919845581,-0.004803597927093506,0.0026940452700756623
0.0,0.0,0.0,0.0029264092445373535,-0.04307490587234497,0.0042939159529140625,0.015541374683380127,-0.07199817895889282,0.005546073566549126,0.03163862228393555,-0.08088886737823486,0.005998212050073448,0.04209399223327637,-0.07708248496055603,0.007036275833272043,0.04326450824737549,-0.0866173803806305,0.002386681174286309,0.05769926309585571,-0.08304652571678162,0.004425898797236982,0.05249476432800293,-0.0732700526714325,0.005897788468175236,0.0447542667388916,-0.0684618353843689,0.0065810108998647365,0.05156940221786499,-0.061036109924316406,-0.0005253638165214625,0.060886263847351074,-0.055079251527786255,0.004459062262796465,0.05394470691680908,-0.047443509101867676,0.006782357252561155,0.04531151056289673,-0.04357239603996277,0.007095108877294365,0.05517840385437012,-0.0331423282623291,-0.002794541281289753,0.0615999698638916,-0.02964302897453308,0.0012355162970578704,0.05501669645309448,-0.024670779705047607,0.0037190165812006626,0.045873165130615234,-0.021761000156402588,0.003918629742585722,0.05536222457885742,-0.007690072059631348,-0.004860053632981476,0.059050798416137695,-0.0067899227142333984,-0.0015358523024389115,0.05233055353164673,-0.003198087215423584,0.0018524785036078129,0.044583916664123535,-0.0013402700424194336,0.003993886660211388
0.0,0.0,0.0,0.003520965576171875,-0.0430321991443634,0.0035816297878312753,0.015899837017059326,-0.07150360941886902,0.003452089569790928,0.03163701295852661,-0.07888051867485046,0.002431283892391889,0.0413670539855957,-0.0732613205909729,0.002051369940190284,0.04267841577529907,-0.09084975719451904,0.0012487157492699907,0.05690866708755493,-0.083717942237854,0.0014949849120142744,0.05208534002304077,-0.07200592756271362,0.0013848907093318985,0.044284820556640625,-0.06740564107894897,0.0009943659662070559,0.051320433616638184,-0.0652991235256195,-0.002345603703261645,0.06131172180175781,-0.05681094527244568,0.0006998268782894002,0.05458974838256836,-0.04811486601829529,0.0021078637347358153,0.045537590980529785,-0.04423287510871887,0.0021117839042830155,0.05560570955276489,-0.03687083721160889,-0.0054554641700548245,0.06262123584747314,-0.03096732497215271,-0.0027081091410678937,0.055660247802734375,-0.02485215663909912,-0.0001701453310403167,0.04626476764678955,-0.021800577640533447,0.00036786346582573515,0.056302547454833984,-0.0097389817237854,-0.008517510768697889,0.059728026390075684,-0.0065000057220458984,-0.006013152234928043,0.05242985486984253,-0.0021860599517822266,-0.002561485673041375,0.044580161571502686,-0.00021839141845703125,-0.0001559939863824411
0.0,0.0,0.0,0.0030108094215393066,-0.04572984576225281,0.0031162189932558704,0.015952229499816895,-0.07640144228935242,0.0035665758566949535,0.03246665000915527,-0.08819088339805603,0.003312284281292932,0.04397982358932495,-0.08775648474693298,0.003815087877029555,0.041474223136901855,-0.09189033508300781,0.002210844462553041,0.05488187074661255,-0.0904574990272522,0.002493902263978498,0.048704326152801514,-0.08025133609771729,0.0022482026049885917,0.041014015674591064,-0.0751107931137085,0.0019046893956158328,0.04999887943267822,-0.06615427136421204,-0.0006383865458872151,0.0592876672744751,-0.06388488411903381,0.0026176552435401845,0.052282631397247314,-0.056196123361587524,0.0039831669216994214,0.044029414653778076,-0.051188141107559204,0.0038777956886235643,0.054643332958221436,-0.03831028938293457,-0.003124115601366384,0.060851454734802246,-0.03852802515029907,-0.000313962102353571,0.054060399532318115,-0.03311210870742798,0.0024723989570532012,0.04509437084197998,-0.028425633907318115,0.0031882032433543372,0.0559847354888916,-0.012402474880218506,-0.005558109454995019,0.059111714363098145,-0.01573169231414795,-0.0025522861016895604,0.05217123031616211,-0.012065231800079346,0.0013882606670279074,0.04487544298171997,-0.00879448652267456,0.004033591985518115
0.0,0.0,0.0,0.0016717910766601562,-0.04640775918960571,0.0028561607528132527,0.01242685317993164,-0.07650551199913025,0.0022730871628624527,0.027589857578277588,-0.085904061794281,0.0010354161554602115,0.037978529930114746,-0.08123952150344849,0.0005598896009502141,0.03856003284454346,-0.09841355681419373,-0.00044357115392301694,0.05271083116531372,-0.0948411226272583,-0.0002713016524324985,0.04818445444107056,-0.08231246471405029,0.00021879478892117277,0.04081040620803833,-0.07580670714378357,0.0003080383526281594,0.048947691917419434,-0.07241079211235046,-0.0036727632336663874,0.05815601348876953,-0.06603145599365234,-0.0008297488616193505,0.051622748374938965,-0.05693468451499939,0.0008180891222906439,0.04321694374084473,-0.051863253116607666,0.0009298736754459469,0.0548054575920105,-0.04341420531272888,-0.006396753707562652,0.05980193614959717,-0.03802958130836487,-0.0036616998199718864,0.05269438028335571,-0.031211256980895996,-0.0009871942397552402,0.04390984773635864,-0.02699732780456543,-0.0004711808228279324,0.05682086944580078,-0.015657424926757812,-0.009126937010918823,0.058016836643218994,-0.011804819107055664,-0.006386100308631626,0.05065011978149414,-0.007758080959320068,-0.0030136927903043897,0.04333609342575073,-0.006072878837585449,-0.0007941723974767001
0.0,0.0,0.0,8.702278137207031e-05,-0.04829642176628113,0.004030696649223842,0.009886562824249268,-0.08238375186920166,0.004063024718433894,0.025050103664398193,-0.09406554698944092,0.0032271261533054485,0.03594017028808594,-0.08880549669265747,0.002961790256321706,0.03483414649963379,-0.10562926530838013,0.000579563793380089,0.04754847288131714,-0.10489022731781006,0.0014812568641531243,0.04311227798461914,-0.09148144721984863,0.0024171558414849414,0.03611379861831665,-0.08424258232116699,0.0027123012786063327,0.046637773513793945,-0.08132433891296387,-0.0030565580147055016,0.05517435073852539,-0.07722967863082886,0.00046234340139506003,0.04885178804397583,-0.06690216064453125,0.0022861902342441454,0.040617167949676514,-0.06032282114028931,0.0024942097460183277,0.05402427911758423,-0.05297565460205078,-0.0059968716724512205,0.05837082862854004,-0.04854878783226013,-0.002485070776074849,0.05158203840255737,-0.04067528247833252,0.0001103199627863205,0.04269862174987793,-0.03513333201408386,0.0004142467022205665,0.05738168954849243,-0.025353193283081055,-0.008858876701324903,0.058195292949676514,-0.021576523780822754,-0.005630641177177154,0.05094587802886963,-0.015923678874969482,-0.002154968611776553,0.04338991641998291,-0.012637615203857422,0.00010112623736802107
0.0,0.0,0.0,-0.0012946128845214844,-0.05084696412086487,0.004347549841142495,0.009126424789428711,-0.08526432514190674,0.004119048916138013,0.025074899196624756,-0.09734323620796204,0.002833733192048271,0.03680151700973511,-0.09184473752975464,0.0022551858298101024,0.028328418731689453,-0.11297214031219482,0.0016085016274445252,0.044746994972229004,-0.11037129163742065,0.001701622476204534,0.040922462940216064,-0.09467342495918274,0.0019471241127320127,0.032652854919433594,-0.08628678321838379,0.0020107571933039026,0.04186058044433594,-0.09041404724121094,-0.0022680604864291354,0.05301779508590698,-0.08561429381370544,0.0008120861918285982,0.047828078269958496,-0.07344171404838562,0.0020515679813541965,0.03943878412246704,-0.06565284729003906,0.0019968781586356954,0.05164456367492676,-0.06317973136901855,-0.005562774747275512,0.057967305183410645,-0.05785262584686279,-0.0019610225256911917,0.05165940523147583,-0.04800599813461304,0.0005889096379831926,0.04282325506210327,-0.04142850637435913,0.0008632488631263868,0.057541728019714355,-0.03561896085739136,-0.008811784818433921,0.058905839920043945,-0.029412686824798584,-0.0053222667459777995,0.051635682582855225,-0.021752476692199707,-0.0018663065541915103,0.04397708177566528,-0.01790100336074829,0.00036964673442696494
0.0,0.0,0.0,-0.0037078857421875,-0.049650639295578,0.003643743697736568,0.0035559535026550293,-0.0867411196231842,0.002622585980404324,0.01808828115463257,-0.10317057371139526,0.0006827487416529721,0.02950495481491089,-0.1027567982673645,-0.0006249333343504304,0.024350464344024658,-0.11742451786994934,-0.0006420567476226324,0.03884446620941162,-0.11800706386566162,-0.0018833125902375514,0.0359836220741272,-0.10001599788665771,-0.0025483921596816117,0.028596162796020508,-0.08944028615951538,-0.0029750065838953788,0.03904169797897339,-0.09560436010360718,-0.004915768043886715,0.05095517635345459,-0.09330242872238159,-0.003249756056632691,0.04584240913391113,-0.07904016971588135,-0.00232124025542646,0.03706270456314087,-0.06960859894752502,-0.002326959973018461,0.049907386302948,-0.0689338743686676,-0.00859762192312985,0.05733102560043335,-0.06464189291000366,-0.0062671557495406205,0.05099111795425415,-0.052942872047424316,-0.0033367846587708527,0.041850745677948,-0.04525288939476013,-0.002572966502796703,0.056697309017181396,-0.040836483240127563,-0.012284505409937196,0.05966651439666748,-0.035660743713378906,-0.009774849979024225,0.05206298828125,-0.026616990566253662,-0.005861382229070955,0.04387104511260986,-0.02192288637161255,-0.0031091885136476094
0.0,0.0,0.0,-0.00585705041885376,-0.04768878221511841,0.0034403845937731603,-0.0006302595138549805,-0.0891314148902893,0.0038842743532541135,0.010233938694000244,-0.11532473564147949,0.0035121525442036727,0.017294585704803467,-0.12758269906044006,0.003917295559290324,0.021917521953582764,-0.12033423781394958,0.0018472325326683858,0.03680300712585449,-0.12273845076560974,0.0010946290138917902,0.03471285104751587,-0.10608774423599243,0.0007515518381069342,0.027182281017303467,-0.09499624371528625,0.0007049836139003673,0.03687173128128052,-0.10064679384231567,-0.0017155937813413402,0.048212409019470215,-0.09920233488082886,-8.594743042067421e-05,0.04336726665496826,-0.08408159017562866,0.00042560616645914706,0.03463464975357056,-0.07356297969818115,0.0003730162724195907,0.04838573932647705,-0.07609516382217407,-0.0048546031313208005,0.05510890483856201,-0.0708734393119812,-0.003027643236350741,0.04905146360397339,-0.05882978439331055,-0.0008907526345183214,0.0399593710899353,-0.05003073811531067,-0.00030446708763065544,0.05593770742416382,-0.04970172047615051,-0.00795134708380374,0.058249056339263916,-0.04358953237533569,-0.006151415334102239,0.05124133825302124,-0.03405654430389404,-0.0031486062063095233,0.04332321882247925,-0.02801823616027832,-0.0007565164552261194
0.0,0.0,0.0,-0.007390797138214111,-0.04931497573852539,0.002956399886016925,-0.00442051887512207,-0.09117040038108826,0.002444947796021779,0.005745232105255127,-0.11816868185997009,0.0012417923017267185,0.014133572578430176,-0.12795576453208923,0.0007723400658790069,0.018802940845489502,-0.1203184723854065,-0.0010664021073978347,0.03128087520599365,-0.12851455807685852,-0.0034016366525690955,0.029104650020599365,-0.11148366332054138,-0.004600975936199347,0.022202908992767334,-0.09899449348449707,-0.00490417079433314,0.034069955348968506,-0.09923914074897766,-0.004739637294704835,0.04548943042755127,-0.10677480697631836,-0.004416697466666619,0.040523529052734375,-0.09104397892951965,-0.003508685430432479,0.032198190689086914,-0.07744431495666504,-0.002900679403836648,0.04590451717376709,-0.07385095953941345,-0.007954889716501157,0.052972376346588135,-0.0755230188369751,-0.006848807720388095,0.047107815742492676,-0.06345975399017334,-0.003803654614756624,0.0385289192199707,-0.052609652280807495,-0.0023222824501942796,0.05353820323944092,-0.04668155312538147,-0.011102243134672563,0.05654877424240112,-0.046331048011779785,-0.0092896267715048,0.049666523933410645,-0.0377233624458313,-0.0053384912143599195,0.04219520092010498,-0.030798137187957764,-0.002193978795702378
0.0,0.0,0.0,-0.009818434715270996,-0.04916071891784668,0.003196968498528463,-0.005621612071990967,-0.09234127402305603,0.003989031572714907,0.004624664783477783,-0.12282493710517883,0.004380329080746037,0.012496352195739746,-0.1407025158405304,0.005516824346855742,0.018725872039794922,-0.11720433831214905,0.00026475583378271494,0.02815645933151245,-0.1323845088481903,0.0012452034623180452,0.02440786361694336,-0.11926260590553284,0.0025529393804077927,0.018849492073059082,-0.10782670974731445,0.0036043404013668123,0.03403270244598389,-0.0961611270904541,-0.0020644799462701258,0.04215991497039795,-0.11261153221130371,0.0012072299484913174,0.036086857318878174,-0.10009452700614929,0.0033661346294735495,0.02924555540084839,-0.08637562394142151,0.004284302272722584,0.045291900634765625,-0.07134467363357544,-0.0036233742377902445,0.049547553062438965,-0.08315134048461914,-0.0004423583688861754,0.043199777603149414,-0.0736529529094696,0.002644829486385447,0.03620636463165283,-0.06153327226638794,0.0036968575202678267,0.05257892608642578,-0.04636761546134949,-0.004874023574515718,0.05329155921936035,-0.05569860339164734,-0.0014151497400547441,0.046600341796875,-0.04893273115158081,0.002839866827130777,0.04070174694061279,-0.039655208587646484,0.005800003685877186
0.0,0.0,0.0,-0.010433614253997803,-0.04745393991470337,0.0018756677448692471,-0.007685303688049316,-0.09190964698791504,0.0017119245888608248,0.002711057662963867,-0.12344259023666382,0.001361592468427375,0.011211156845092773,-0.1390199065208435,0.0017429718567001373,0.01843106746673584,-0.11728441715240479,-0.0018746251886767595,0.026238679885864258,-0.13631561398506165,-0.0018630149722156375,0.021847903728485107,-0.12276306748390198,-0.0011957003450078219,0.01682901382446289,-0.11005821824073792,-0.0005550151987989693,0.033635735511779785,-0.09573233127593994,-0.0037999520724696367,0.04107290506362915,-0.11724051833152771,-0.0017981442803574055,0.03460782766342163,-0.10517823696136475,-8.277658405120292e-05,0.02797776460647583,-0.09039825201034546,0.0008380498323532493,0.04455912113189697,-0.07090538740158081,-0.004982271436048791,0.047112464904785156,-0.08709970116615295,-0.002999761346174523,0.04061329364776611,-0.07804378867149353,-0.000275357626989603,0.03430527448654175,-0.06501761078834534,0.0009056353877241463,0.05181455612182617,-0.04658466577529907,-0.0058876510890257805,0.051324546337127686,-0.061322540044784546,-0.0035183850856554955,0.04458904266357422,-0.0549161434173584,0.0005152858496586532,0.03943353891372681,-0.04428297281265259,0.0035849318658875973
0.0,0.0,0.0,-0.010203301906585693,-0.049359142780303955,0.0009006035686809355,-0.006493985652923584,-0.09601172804832458,0.0004817512815691316,0.005523502826690674,-0.12862521409988403,5.00221138111101e-05,0.016078710556030273,-0.14143919944763184,0.0004447261742654973,0.019535183906555176,-0.11643081903457642,-0.0024609083486382133,0.028104722499847412,-0.13745266199111938,-0.0031101952483538753,0.021956205368041992,-0.12396490573883057,-0.00358556487501005,0.016382992267608643,-0.11055809259414673,-0.0039405883000824815,0.035230815410614014,-0.09338364005088806,-0.003961341892335213,0.04100179672241211,-0.1145329475402832,-0.001641649374704457,0.03411763906478882,-0.1038697361946106,-0.00011072197250427962,0.028048694133758545,-0.08910539746284485,0.00012821039106825083,0.04656797647476196,-0.06802153587341309,-0.004938615457120932,0.048481643199920654,-0.08518186211585999,-0.002851507131907738,0.042082011699676514,-0.07718965411186218,-0.00013975362546148062,0.03576850891113281,-0.06409904360771179,0.0006483730101365381,0.053933024406433105,-0.04407942295074463,-0.005795882520231999,0.05238527059555054,-0.05795598030090332,-0.0035797224556688434,0.046294569969177246,-0.05118668079376221,0.000137347960645684,0.04198336601257324,-0.0403064489364624,0.0027823981652375096
0.0,0.0,0.0,-0.008844137191772461,-0.04955089092254639,-1.7104080427543522e-06,-0.006751716136932373,-0.09866490960121155,-0.0013548913071019797,0.004333794116973877,-0.13379064202308655,-0.0027039467481984047,0.017320692539215088,-0.14446064829826355,-0.002963329165623918,0.018845081329345703,-0.1202838122844696,-0.003385768936396971,0.033176302909851074,-0.13938981294631958,-0.004928213044451013,0.027729809284210205,-0.12480220198631287,-0.005691245629833475,0.02034658193588257,-0.11252880096435547,-0.00609910857249929,0.035000503063201904,-0.09566372632980347,-0.0049857473591430335,0.04536247253417969,-0.11597847938537598,-0.003543895635203853,0.03947758674621582,-0.1044762134552002,-0.002321680508003965,0.031867802143096924,-0.0905430018901825,-0.002048809512899652,0.04704022407531738,-0.06861728429794312,-0.006216610747770801,0.052978456020355225,-0.08420857787132263,-0.004672131467060581,0.04710423946380615,-0.07594889402389526,-0.0018744088834239392,0.03923308849334717,-0.06355005502700806,-0.0008242078133946507,0.055049359798431396,-0.042184412479400635,-0.007414917427496448,0.056006669998168945,-0.05531424283981323,-0.005440428353296056,0.04991793632507324,-0.04880499839782715,-0.0016842572609050421,0.044464826583862305,-0.038746774196624756,0.001102541491007969
0.0,0.0,0.0,-0.005922555923461914,-0.05335038900375366,0.0002339008318017477,-0.003076791763305664,-0.1042194664478302,-0.0018770186322285554,0.006810009479522705,-0.14030292630195618,-0.004223556639487924,0.015997886657714844,-0.15639245510101318,-0.005480676805461826,0.022150874137878418,-0.120297372341156,-0.004806446758891525,0.040612101554870605,-0.13733214139938354,-0.008730821227516117,0.035072267055511475,-0.12246012687683105,-0.011185364713753643,0.026122748851776123,-0.11214941740036011,-0.01241031094440359,0.03709596395492554,-0.09320974349975586,-0.007674630647386493,0.0511360764503479,-0.11103543639183044,-0.007943635722483577,0.04526078701019287,-0.10007885098457336,-0.0072054806257142445,0.036501407623291016,-0.08777511119842529,-0.007053235461796703,0.048135459423065186,-0.06454598903656006,-0.010274976407970371,0.05624544620513916,-0.07911026477813721,-0.010027533313120784,0.050469934940338135,-0.07009643316268921,-0.006559933917458238,0.04216110706329346,-0.05879122018814087,-0.004824130246277036,0.0554465651512146,-0.036015331745147705,-0.012878858400370063,0.059108853340148926,-0.04998999834060669,-0.011713381772722187,0.052658796310424805,-0.04270893335342407,-0.006826061671461048,0.046383559703826904,-0.0329098105430603,-0.0029962909499658963
0.0,0.0,0.0,-0.0016742944717407227,-0.05175524950027466,0.0010242013685086704,0.008100152015686035,-0.0968896746635437,-0.0015689268749525809,0.02260565757751465,-0.12271881103515625,-0.005012885811211731,0.03508865833282471,-0.13038775324821472,-0.0073101265862902665,0.024176955223083496,-0.1234169602394104,-0.003015510416062739,0.04614025354385376,-0.13960114121437073,-0.009087230222704079,0.043575406074523926,-0.12318611145019531,-0.013333016219021943,0.03535294532775879,-0.11196470260620117,-0.015418044435264733,0.03744381666183472,-0.09658420085906982,-0.0071588900447210335,0.05680423974990845,-0.11042255163192749,-0.009341986993732121,0.05264240503311157,-0.09868568181991577,-0.009991900207879212,0.04403269290924072,-0.08800941705703735,-0.010391159126939442,0.048078298568725586,-0.06703031063079834,-0.011307510691167977,0.062429070472717285,-0.07841575145721436,-0.012318911174716618,0.05750757455825806,-0.06862407922744751,-0.00904904320317712,0.049046456813812256,-0.058887362480163574,-0.00701764566305485,0.05549430847167969,-0.03693985939025879,-0.01557098902243581,0.06382256746292114,-0.04865217208862305,-0.014340092571856644,0.05810624361038208,-0.04002189636230469,-0.009073655264856484,0.05148118734359741,-0.03102332353591919,-0.0049287552520951294
0.0,0.0,0.0,-0.0010418295860290527,-0.054251909255981445,0.0024945967735163777,0.0111503005027771,-0.10007667541503906,0.0003129673269484101,0.029086768627166748,-0.12114202976226807,-0.0029243820908106954,0.04511290788650513,-0.12367391586303711,-0.005025363629926005,0.021581053733825684,-0.12147605419158936,-0.004995540352780381,0.048671066761016846,-0.14721530675888062,-0.010886769378799954,0.047342538833618164,-0.12775278091430664,-0.013973048525173226,0.038526058197021484,-0.1144791841506958,-0.015021029496807614,0.03438907861709595,-0.09385615587234497,-0.009899111101645985,0.05838280916213989,-0.11314326524734497,-0.011022175299245873,0.055017828941345215,-0.09900277853012085,-0.010207940461356202,0.04582911729812622,-0.08940762281417847,-0.010099894004184762,0.04498344659805298,-0.06247889995574951,-0.014517063843328515,0.06378620862960815,-0.07787024974822998,-0.014504985520858327,0.059266507625579834,-0.06695473194122314,-0.009965857127923528,0.05028057098388672,-0.058633267879486084,-0.007651090258974591,0.05250692367553711,-0.030911028385162354,-0.019016487160939732,0.06451421976089478,-0.04749983549118042,-0.0166194789207168,0.05912613868713379,-0.038357555866241455,-0.009837404461819688,0.05210846662521362,-0.029527604579925537,-0.005131287602949897
0.0,0.0,0.0,0.0028694868087768555,-0.054841578006744385,0.00020426944645635103,0.021182477474212646,-0.10334646701812744,-0.0032386810420774736,0.04234284162521362,-0.12573140859603882,-0.0073732021632366695,0.059411048889160156,-0.13240540027618408,-0.010193866714345745,0.030409574508666992,-0.11715251207351685,-0.009330605193483166,0.06476908922195435,-0.1334449052810669,-0.01824148654888802,0.06161254644393921,-0.11190420389175415,-0.02270620599340134,0.050308942794799805,-0.10109817981719971,-0.024429854973661236,0.0405195951461792,-0.08520203828811646,-0.014167598485457233,0.07178056240081787,-0.09672200679779053,-0.018439845218765072,0.0667383074760437,-0.08113628625869751,-0.01807594023595982,0.0558050274848938,-0.07372796535491943,-0.018111406862246326,0.04911690950393677,-0.05067938566207886,-0.018954635634528927,0.07377207279205322,-0.060819029808044434,-0.02113997660528355,0.06815558671951294,-0.04826319217681885,-0.01568282492409878,0.05813544988632202,-0.041826725006103516,-0.012631364203500084,0.055135130882263184,-0.016758978366851807,-0.023905360176669888,0.07294237613677979,-0.0292208194732666,-0.022702467664586834,0.06681114435195923,-0.01925450563430786,-0.015687494575487904,0.058592915534973145,-0.012552857398986816,-0.01092038959215813
0.0,0.0,0.0,0.0009301304817199707,-0.05607724189758301,0.00012418926415591613,0.019843578338623047,-0.10529357194900513,-0.004549510875236251,0.04367172718048096,-0.1250995397567749,-0.010464628790955999,0.06392604112625122,-0.1250937581062317,-0.0151870386726074,0.030002951622009277,-0.12166136503219604,-0.010244506043832757,0.06793814897537231,-0.1392197608947754,-0.021891409163814046,0.06563812494277954,-0.11737716197967529,-0.028231484448056676,0.05280429124832153,-0.10582822561264038,-0.03062773645434902,0.039343178272247314,-0.09010004997253418,-0.015886854012947538,0.07537400722503662,-0.10293495655059814,-0.02308946066115425,0.07194137573242188,-0.08468306064605713,-0.024526914214234807,0.05993175506591797,-0.07449930906295776,-0.025145498668294408,0.047929227352142334,-0.053870975971221924,-0.021606795122366407,0.07871323823928833,-0.0679369568824768,-0.02625105307016895,0.07451337575912476,-0.053073346614837646,-0.021110750367384412,0.06354832649230957,-0.04406249523162842,-0.017421770473461606,0.05362576246261597,-0.01852339506149292,-0.027418588852029302,0.07840180397033691,-0.03661036491394043,-0.027740874891620138,0.07394707202911377,-0.02507728338241577,-0.02039630488071964,0.06526416540145874,-0.015115916728973389,-0.014892208953838804
0.0,0.0,0.0,0.0028648972511291504,-0.055682241916656494,-0.004384631556163754,0.028248071670532227,-0.1053687334060669,-0.01235615767974707,0.05641520023345947,-0.12043523788452148,-0.020065387976060833,0.07819181680679321,-0.11494326591491699,-0.026491077881942715,0.03420257568359375,-0.11631733179092407,-0.024984289225827183,0.07877331972122192,-0.13416510820388794,-0.0386322683512077,0.07684016227722168,-0.1070755124092102,-0.04447909284819218,0.06307214498519897,-0.09496033191680908,-0.046781366956125225,0.04068136215209961,-0.07771176099777222,-0.02967697781015488,0.0839042067527771,-0.0831267237663269,-0.038424520087133374,0.07922768592834473,-0.061821043491363525,-0.037454178821931805,0.06446802616119385,-0.055991411209106445,-0.03750317011464688,0.04605060815811157,-0.034934043884277344,-0.03421914045203778,0.08355623483657837,-0.04118627309799194,-0.04055063639272305,0.0775681734085083,-0.023879051208496094,-0.0334823078333244,0.06288260221481323,-0.018180131912231445,-0.029345505204688038,0.04914051294326782,0.005677521228790283,-0.03909540761698338,0.07849133014678955,-0.003658115863800049,-0.04165724132646176,0.07240277528762817,0.009198367595672607,-0.034064041715751614,0.05992424488067627,0.015836477279663086,-0.028901459914337124
0.0,0.0,0.0,0.008651971817016602,-0.052466630935668945,-0.007417924840069645,0.04083305597305298,-0.10540777444839478,-0.017716257039523953,0.07194173336029053,-0.12542307376861572,-0.027122248102045887,0.09538280963897705,-0.13000506162643433,-0.03467938690266692,0.03849470615386963,-0.10924363136291504,-0.03434041901311957,0.08941859006881714,-0.12819117307662964,-0.05236328779540145,0.08942800760269165,-0.09357130527496338,-0.06033447026095473,0.07765966653823853,-0.07554978132247925,-0.06339989988885009,0.039444923400878906,-0.06682497262954712,-0.03934733955941283,0.09330964088439941,-0.06657719612121582,-0.05272861956439101,0.08640247583389282,-0.044322848320007324,-0.0516719074436196,0.06894791126251221,-0.03677809238433838,-0.05095153688273513,0.04123872518539429,-0.020311176776885986,-0.04427569373331153,0.0895337462425232,-0.019354283809661865,-0.05312332152209365,0.08048027753829956,-0.002936840057373047,-0.04384234561405265,0.06282597780227661,0.0029125213623046875,-0.03801047070703589,0.04288679361343384,0.023950815200805664,-0.04996418221674048,0.07992196083068848,0.020531535148620605,-0.05379633246741378,0.07185697555541992,0.03141409158706665,-0.04500493048510634,0.05708658695220947,0.03700447082519531,-0.03900285824022376
0.0,0.0,0.0,0.009887397289276123,-0.05504608154296875,-0.009463955069335839,0.04007011651992798,-0.10393649339675903,-0.02096557093635454,0.06898027658462524,-0.12537866830825806,-0.030777654031666657,0.09338909387588501,-0.1232149600982666,-0.038409302363547226,0.0391085147857666,-0.09654825925827026,-0.03546243009940042,0.09169197082519531,-0.10055077075958252,-0.05058687029257669,0.08518218994140625,-0.08467358350753784,-0.05545857397690668,0.0694168210029602,-0.0781744122505188,-0.05664825288430109,0.038263797760009766,-0.052658677101135254,-0.03760973213091745,0.09349536895751953,-0.04569023847579956,-0.04944518057480707,0.08305096626281738,-0.037128448486328125,-0.046779698113354584,0.06372374296188354,-0.03276115655899048,-0.04488048923984422,0.03994947671890259,-0.008072078227996826,-0.03944456053748979,0.09043610095977783,-0.0034216642379760742,-0.04735540820136919,0.08018767833709717,0.001832723617553711,-0.03861782921329393,0.06113302707672119,0.00592416524887085,-0.0329491406478013,0.041868388652801514,0.03105384111404419,-0.04192449001446619,0.08084195852279663,0.032655179500579834,-0.04630122927800073,0.07319945096969604,0.03693282604217529,-0.0394321888484086,0.05680263042449951,0.03995710611343384,-0.034440031627568146
0.0,0.0,0.0,0.01475214958190918,-0.047924160957336426,-0.009197561254126185,0.046902358531951904,-0.0836634635925293,-0.01992624643943941,0.07578563690185547,-0.09734588861465454,-0.02895707282922899,0.09836852550506592,-0.09715616703033447,-0.03564783017836248,0.04010450839996338,-0.078948974609375,-0.03431508522234594,0.09111672639846802,-0.07755464315414429,-0.04857587646446859,0.08426028490066528,-0.06634390354156494,-0.05245197769008314,0.06859636306762695,-0.0664668083190918,-0.05295801367364561,0.03743821382522583,-0.03819471597671509,-0.03572168778381979,0.09064871072769165,-0.02761012315750122,-0.045760935356241816,0.08181005716323853,-0.021684587001800537,-0.0428177213271681,0.06466633081436157,-0.023354947566986084,-0.04144726153216993,0.037258684635162354,0.0037886500358581543,-0.03686488251886999,0.08664816617965698,0.012113869190216064,-0.04258882459006941,0.07884043455123901,0.01706862449645996,-0.033412775208574885,0.0628277063369751,0.01830887794494629,-0.028152059947473163,0.03812295198440552,0.04008650779724121,-0.038786487837654704,0.07790553569793701,0.04295682907104492,-0.04107319023214018,0.07294851541519165,0.04718625545501709,-0.03412437271080648,0.06018984317779541,0.04960000514984131,-0.029813246985298747
