0,1,2,3,4,5,6,7,8,9,10,11,12,13,14,15,16,17,18,19,20,21,22,23,24,25,26,27,28,29,30,31,32,33,34,35,36,37,38,39,40,41,42,43,44,45,46,47,48,49,50,51,52,53,54,55,56,57,58,59,60,61,62
0.5541195869445801,0.9784839153289795,-1.9737225898097677e-07,0.5449016690254211,0.9154686331748962,-0.0023095018696039915,0.5572737455368042,0.8458730578422546,-0.006974820047616959,0.5743992328643799,0.7982112765312195,-0.011390442959964275,0.5851757526397705,0.7582353949546814,-0.013978245668113232,0.5800926089286804,0.8236715793609619,-0.013783332891762257,0.6211607456207275,0.800249457359314,-0.022875221446156502,0.6144105195999146,0.8242378830909729,-0.02651333063840866,0.5997322797775269,0.8385214805603027,-0.027334248647093773,0.5976021885871887,0.861035943031311,-0.017580151557922363,0.6359877586364746,0.8411155343055725,-0.02259560115635395,0.6263377070426941,0.8626723885536194,-0.0217693243175745,0.6100220680236816,0.8761204481124878,-0.02092091180384159,0.6121013164520264,0.9031157493591309,-0.02121010608971119,0.6446542143821716,0.8856009244918823,-0.024347634986042976,0.633697509765625,0.9035590291023254,-0.0175574142485857,0.618086040019989,0.9161176681518555,-0.013250370509922504,0.6228489279747009,0.9450287818908691,-0.024928154423832893,0.6462414264678955,0.9282960891723633,-0.02554135210812092,0.6348615884780884,0.9417580366134644,-0.018178502097725868,0.6218457818031311,0.9528220891952515,-0.012608214281499386
0.5502778887748718,0.9632551670074463,-1.7473091418196418e-07,0.5399898290634155,0.8928067684173584,0.00011673593689920381,0.5558789372444153,0.8234342336654663,-0.004096582997590303,0.5847221612930298,0.7857394814491272,-0.008613203652203083,0.6098130941390991,0.7740426659584045,-0.010985979810357094,0.5711899399757385,0.7905979156494141,-0.009906236082315445,0.6128622889518738,0.7590096592903137,-0.018133779987692833,0.6061909198760986,0.7875421643257141,-0.021611494943499565,0.5916252732276917,0.804222047328949,-0.02250884287059307,0.5919641256332397,0.8260118961334229,-0.014706278219819069,0.630292534828186,0.8027907609939575,-0.017702484503388405,0.6210429072380066,0.8295632600784302,-0.016045765951275826,0.6052924394607544,0.8439207673072815,-0.015089938417077065,0.6109996438026428,0.8661584854125977,-0.019260402768850327,0.6420885920524597,0.8465968370437622,-0.02003725804388523,0.6320834159851074,0.8694688677787781,-0.011985070072114468,0.6167362928390503,0.8834497332572937,-0.007348597981035709,0.6260125041007996,0.9058085083961487,-0.023936551064252853,0.6483332514762878,0.8863484263420105,-0.021893445402383804,0.6378146409988403,0.9061464667320251,-0.0125905591994524,0.6250616312026978,0.9198137521743774,-0.005897922907024622
0.5495636463165283,0.9547903537750244,-2.2223402140753024e-07,0.53797447681427,0.88786780834198,0.006938309874385595,0.5413578748703003,0.818904459476471,0.006182312499731779,0.5526465177536011,0.7742500305175781,0.0037665513809770346,0.5624139308929443,0.7579836845397949,0.002693842863664031,0.5699094533920288,0.768803060054779,-0.004019793123006821,0.60795658826828,0.7321503758430481,-0.007799919694662094,0.6032537221908569,0.7634638547897339,-0.00920571107417345,0.5889335870742798,0.782122015953064,-0.009280161932110786,0.5926195383071899,0.7970567941665649,-0.010775436647236347,0.6240575313568115,0.7746551036834717,-0.00736143346875906,0.6172885894775391,0.801635205745697,-0.0039701564237475395,0.6031808853149414,0.8181090950965881,-0.0033647469244897366,0.6125103235244751,0.8327774405479431,-0.01640733890235424,0.6351680755615234,0.8185882568359375,-0.011218424886465073,0.6277252435684204,0.8407669067382812,-0.003912928979843855,0.6141416430473328,0.8574682474136353,-0.0014539496041834354,0.6278153657913208,0.8704109191894531,-0.021761227399110794,0.6429726481437683,0.8552117943763733,-0.01552002876996994,0.6342654228210449,0.874557614326477,-0.006387862376868725,0.623360812664032,0.8911741971969604,-0.0005270688561722636
0.5490531325340271,0.9493139982223511,-2.517779194022296e-07,0.5344085097312927,0.8745055198669434,0.008821934461593628,0.5368131399154663,0.803064227104187,0.009310233406722546,0.5517958998680115,0.7572101354598999,0.008014745078980923,0.5677041411399841,0.7473193407058716,0.008095826022326946,0.5631383061408997,0.7538243532180786,-0.002047002548351884,0.6004154682159424,0.7132901549339294,-0.003026567865163088,0.5975551605224609,0.7440153360366821,-0.0016480527119711041,0.5838909149169922,0.766137421131134,0.00011874979099957272,0.5889173746109009,0.7786970138549805,-0.008525332435965538,0.6180769205093384,0.753765881061554,-0.0017839582869783044,0.6131568551063538,0.7823758125305176,0.0036497958935797215,0.6001439094543457,0.8025767207145691,0.0052081323228776455,0.6117666363716125,0.812298059463501,-0.013589215464890003,0.6319325566291809,0.7947625517845154,-0.005680785980075598,0.6257809400558472,0.8180614113807678,0.00218158308416605,0.6129141449928284,0.8378074169158936,0.004374126438051462,0.6293519139289856,0.848278820514679,-0.018151231110095978,0.641869306564331,0.8301396369934082,-0.010502240620553493,0.6334012150764465,0.8506826162338257,-0.0011247661896049976,0.6228014826774597,0.8695823550224304,0.004714910872280598
0.5496556758880615,0.9402185678482056,-2.6915273565464304e-07,0.5355669856071472,0.8627445101737976,0.008764911442995071,0.5351972579956055,0.7924673557281494,0.009180998429656029,0.5481823086738586,0.7447007894515991,0.0077843498438596725,0.5637112259864807,0.7293320894241333,0.007749438751488924,0.5641070008277893,0.7406888604164124,-0.001671499339863658,0.5983505845069885,0.7014906406402588,-0.001924640964716673,0.5962380766868591,0.7310943603515625,-0.0002640538732521236,0.5829698443412781,0.7553234100341797,0.0016323967138305306,0.5897690653800964,0.7661616802215576,-0.008207164704799652,0.6165446043014526,0.7428948879241943,-0.0010698059340938926,0.6120129823684692,0.7689307928085327,0.0038399978075176477,0.5988154411315918,0.7900465726852417,0.0048720040358603,0.6123123168945312,0.8003496527671814,-0.013212447054684162,0.6305639743804932,0.7829084992408752,-0.005038170143961906,0.6250386834144592,0.8038306832313538,0.0025966425891965628,0.6125661730766296,0.8234679102897644,0.004532809369266033,0.6293206214904785,0.8368728160858154,-0.017710944637656212,0.640893280506134,0.816378653049469,-0.009985242038965225,0.632740318775177,0.8354421257972717,-0.0002668034576345235,0.6222689151763916,0.8542206287384033,0.005861390847712755
0.5532213449478149,0.936347246170044,-2.925315243373916e-07,0.537807285785675,0.8561721444129944,0.00862702913582325,0.5361761450767517,0.786496102809906,0.00885077379643917,0.5471346378326416,0.7375907301902771,0.007522410247474909,0.5611250996589661,0.715677797794342,0.0077888150699436665,0.5683907270431519,0.7307536602020264,-0.0021297421772032976,0.5976083278656006,0.6984204053878784,-0.000626548076979816,0.5946021676063538,0.7266477346420288,0.0026865561958402395,0.5822631120681763,0.7500652074813843,0.005309863016009331,0.5941135287284851,0.7565776705741882,-0.00860210508108139,0.6167792081832886,0.737108588218689,-0.0005045827128924429,0.6113318204879761,0.7613195776939392,0.004916740115731955,0.5986120104789734,0.7829039692878723,0.00598331680521369,0.6162106394767761,0.7916969656944275,-0.013337069191038609,0.631978452205658,0.7760636210441589,-0.004565314389765263,0.6256689429283142,0.7960584759712219,0.0032157734967768192,0.6135469675064087,0.8165274858474731,0.004939583130180836,0.6328361630439758,0.8290940523147583,-0.01756005920469761,0.6428540945053101,0.8110693097114563,-0.009774417616426945,0.634227454662323,0.8288342952728271,-0.00033192295813933015,0.6239957213401794,0.846990168094635,0.005482377018779516
0.5574750304222107,0.9307639598846436,-3.0175246479302587e-07,0.5406832098960876,0.853099524974823,0.0069483807310462,0.5389217734336853,0.7837592363357544,0.007324333768337965,0.5512106418609619,0.7338859438896179,0.006536529865115881,0.564845860004425,0.7126212120056152,0.007339783012866974,0.5738551616668701,0.7250978946685791,-0.00147866434417665,0.5988691449165344,0.6971953511238098,0.0005365530378185213,0.5955109596252441,0.7244000434875488,0.003627310274168849,0.584166407585144,0.7476101517677307,0.005896314512938261,0.6003458499908447,0.7499833106994629,-0.006683568470180035,0.6176936030387878,0.7353963255882263,0.0016225375002250075,0.61175537109375,0.7588102221488953,0.006375540979206562,0.5999030470848083,0.7805012464523315,0.007020391523838043,0.6221012473106384,0.7844457030296326,-0.010342152789235115,0.6325657963752747,0.7728358507156372,-0.0017432878958061337,0.626088559627533,0.7916644811630249,0.00494731729850173,0.6146632432937622,0.8118607997894287,0.006095060147345066,0.6378946304321289,0.8211288452148438,-0.013652479276061058,0.6437124609947205,0.8080836534500122,-0.006089484319090843,0.6351149678230286,0.8246713876724243,0.002414340153336525,0.6253206729888916,0.8419138193130493,0.007679722271859646
0.5638737082481384,0.9243364334106445,-2.8151205810900137e-07,0.5454965233802795,0.8476496934890747,0.004035287071019411,0.5419556498527527,0.7772798538208008,0.00292320572771132,0.5543318390846252,0.7234827876091003,0.0012536015128716826,0.5701192021369934,0.7039062976837158,0.0014092925703153014,0.5778233408927917,0.7228115797042847,-0.0033664237707853317,0.6008862257003784,0.693551242351532,-0.0021465488243848085,0.5967528223991394,0.7200642824172974,0.0003985502989962697,0.5855094194412231,0.7433916926383972,0.0022827303037047386,0.6045418381690979,0.7484654784202576,-0.007369991857558489,0.6192940473556519,0.7304031252861023,-0.00047151348553597927,0.613092303276062,0.7525315284729004,0.0035288843791931868,0.6021304130554199,0.775105357170105,0.003975812345743179,0.6265370845794678,0.7824995517730713,-0.010101771913468838,0.6353234052658081,0.767684280872345,-0.0030812942422926426,0.628446102142334,0.7851642966270447,0.0029273158870637417,0.6175318956375122,0.8063341379165649,0.004083634354174137,0.6427040696144104,0.8185883164405823,-0.012621833011507988,0.6466758847236633,0.8035941123962402,-0.006405330263078213,0.6378655433654785,0.8196248412132263,0.001451895572245121,0.628928005695343,0.8381072878837585,0.006568836513906717
0.5676745176315308,0.9159303903579712,-2.9690681913052686e-07,0.550057590007782,0.8398159742355347,0.003206130350008607,0.5464245080947876,0.7710428237915039,0.0016309788916260004,0.5596238970756531,0.7154428362846375,-0.00013467839744407684,0.5761899352073669,0.6933913230895996,-3.8659509300487116e-05,0.5836398601531982,0.7172590494155884,-0.005228356458246708,0.6043139696121216,0.6919796466827393,-0.0035048099234700203,0.600077211856842,0.7187913656234741,-0.00022100341448094696,0.5892835259437561,0.7416344881057739,0.0019220953108742833,0.6101888418197632,0.7430024147033691,-0.008843312039971352,0.6229258179664612,0.7292439937591553,-0.0020228195935487747,0.6165072321891785,0.7527505159378052,0.0019787834025919437,0.6054152846336365,0.7747884392738342,0.002300618914887309,0.6318459510803223,0.7775357961654663,-0.011014729738235474,0.6387218236923218,0.7667860388755798,-0.004558507353067398,0.631451427936554,0.7848587036132812,0.0013341723242774606,0.6201409697532654,0.8048701882362366,0.002405758248642087,0.647614598274231,0.8144075870513916,-0.012942525558173656,0.6509325504302979,0.8015623092651367,-0.00760013097897172,0.6418138742446899,0.8179264068603516,-2.7204270736547187e-05,0.6324233412742615,0.8354145884513855,0.00497779157012701
0.5729648470878601,0.9090701937675476,-2.8728030088132073e-07,0.5543419718742371,0.8337303400039673,0.0015447265468537807,0.5529959201812744,0.7649106383323669,-0.0002778785419650376,0.5667176246643066,0.7073882222175598,-0.0019218031084164977,0.5835411548614502,0.6787607669830322,-0.0014309001853689551,0.5887564420700073,0.7097036242485046,-0.0039056872483342886,0.6087219715118408,0.6877959966659546,-0.0019521991489455104,0.6041295528411865,0.7141469120979309,0.0013469216646626592,0.5932652354240417,0.7366555333137512,0.003577976254746318,0.6159878969192505,0.734390139579773,-0.0062875752337276936,0.6248639225959778,0.7227578163146973,0.0007650687475688756,0.618105411529541,0.7452674508094788,0.004290692042559385,0.6081297993659973,0.7669165730476379,0.004371616058051586,0.6376757621765137,0.7680768370628357,-0.007504453416913748,0.6406655311584473,0.758193850517273,-0.0010173432528972626,0.6335172057151794,0.7759522199630737,0.004588954616338015,0.6233357191085815,0.7967508435249329,0.005619232077151537,0.6532803773880005,0.8036056756973267,-0.008673062548041344,0.6520719528198242,0.7935155630111694,-0.0033502960577607155,0.6438446640968323,0.8095753192901611,0.0036174068227410316,0.6357214450836182,0.8271293640136719,0.008392264135181904
0.5744731426239014,0.9008169770240784,-2.8296284426687635e-07,0.5568622946739197,0.8252546191215515,0.0024555104319006205,0.557818591594696,0.7542406320571899,0.001473059761337936,0.5720263123512268,0.6963217258453369,0.00046094023855403066,0.5874503254890442,0.6640118360519409,0.001381200272589922,0.5902677774429321,0.7032747864723206,-0.0014674854464828968,0.6113538146018982,0.6822758913040161,0.000616320117842406,0.6065104007720947,0.7076118588447571,0.003405527910217643,0.5957075953483582,0.7289670705795288,0.005317922681570053,0.616750180721283,0.7269178032875061,-0.004046622663736343,0.6277117133140564,0.7164424657821655,0.0037572383880615234,0.6212894320487976,0.7387050986289978,0.007191386539489031,0.6116677522659302,0.7592179775238037,0.007035233546048403,0.6383823752403259,0.7595707774162292,-0.005517397075891495,0.643343985080719,0.7498854994773865,0.0014152005314826965,0.6365214586257935,0.7678411602973938,0.0070171961560845375,0.6264584064483643,0.7879889607429504,0.007933827117085457,0.6543956995010376,0.7937919497489929,-0.006869295611977577,0.6551388502120972,0.7825511693954468,-0.000986632308922708,0.6473876237869263,0.7994239330291748,0.006366867572069168,0.6393471956253052,0.8167958855628967,0.011285332031548023
0.5769790410995483,0.8913127779960632,-2.922115243109147e-07,0.5600271821022034,0.8145986795425415,0.003962250892072916,0.5622838139533997,0.7452840805053711,0.003717295825481415,0.5760614275932312,0.688140332698822,0.0032920418307185173,0.5902320146560669,0.6546009182929993,0.004606499802321196,0.594784140586853,0.6951162219047546,-0.0005048711900599301,0.6145835518836975,0.678385853767395,0.0030028573237359524,0.6092967391014099,0.7031015753746033,0.006672994699329138,0.598785400390625,0.7241237163543701,0.008981364779174328,0.6209771633148193,0.7188834547996521,-0.003217010758817196,0.6300576329231262,0.7124528288841248,0.00621498329564929,0.6233764886856079,0.7337325811386108,0.010111543349921703,0.6143261790275574,0.7537040710449219,0.009784932248294353,0.6421470642089844,0.7521756291389465,-0.004532529506832361,0.6454073190689087,0.7458096146583557,0.0038871297147125006,0.6384100914001465,0.7631492018699646,0.009381204843521118,0.6285955309867859,0.7826821804046631,0.009698226116597652,0.6576898097991943,0.7866489291191101,-0.005599782802164555,0.6569602489471436,0.7799153923988342,0.0014103923458606005,0.6491950154304504,0.7963584661483765,0.008510397747159004,0.6411676406860352,0.8126811981201172,0.01289406605064869
0.5769521594047546,0.88028883934021,-2.889498489366815e-07,0.5634866952896118,0.8021355867385864,0.005806236993521452,0.5668736100196838,0.7368374466896057,0.005645089317113161,0.5823698043823242,0.6853135228157043,0.0050962637178599834,0.5963733196258545,0.6584567427635193,0.006189619656652212,0.5979928970336914,0.687410295009613,-0.002197795547544956,0.6195388436317444,0.6778138875961304,0.001670963829383254,0.614715576171875,0.7043067812919617,0.0060127899050712585,0.6033585071563721,0.7230904698371887,0.008484408259391785,0.6231092214584351,0.7136455178260803,-0.006589705590158701,0.6358901262283325,0.7123028635978699,0.002658062381669879,0.6295719742774963,0.735406219959259,0.007119114976376295,0.6189084649085999,0.7546457648277283,0.007202113512903452,0.6434760093688965,0.7485429048538208,-0.009235725738108158,0.650077223777771,0.7478601932525635,-0.0002057782985502854,0.6431026458740234,0.7660148739814758,0.00580233009532094,0.6320337653160095,0.7833925485610962,0.006166662555187941,0.6579696536064148,0.7855343818664551,-0.01157564390450716,0.6610029935836792,0.7823280096054077,-0.004462914541363716,0.6529276967048645,0.7991635799407959,0.0029080549720674753,0.6435922384262085,0.8134351372718811,0.007386361714452505
0.5783335566520691,0.8763571977615356,-2.8340042490526685e-07,0.5698041319847107,0.7973156571388245,0.008007432334125042,0.5776900053024292,0.7392698526382446,0.008028489537537098,0.5966916084289551,0.7026728987693787,0.006796674802899361,0.6132875680923462,0.6918696165084839,0.0066902595572173595,0.6060889363288879,0.6888419389724731,-0.0009826839668676257,0.6287259459495544,0.6810026168823242,0.0025706973392516375,0.6267848610877991,0.7093188166618347,0.006363298278301954,0.6168281435966492,0.7272759079933167,0.008291231468319893,0.6300510764122009,0.7144705057144165,-0.006970223970711231,0.6454216241836548,0.7224677801132202,0.0016881537158042192,0.6396387219429016,0.7467461824417114,0.005397516302764416,0.6279984712600708,0.7625775337219238,0.005233622156083584,0.6494149565696716,0.7505934834480286,-0.011031842790544033,0.657113790512085,0.7588998675346375,-0.002201109891757369,0.6499660015106201,0.777509331703186,0.0032341142650693655,0.6382845044136047,0.7911577224731445,0.0034887411165982485,0.6624613404273987,0.7901050448417664,-0.014703208580613136,0.6662519574165344,0.793215811252594,-0.007139114197343588,0.6578942537307739,0.8091771006584167,0.00039498679689131677,0.6474794149398804,0.8209377527236938,0.005055104847997427
0.5785277485847473,0.8772925734519958,-2.713534001941298e-07,0.5732243061065674,0.799843966960907,0.009865851141512394,0.5864421725273132,0.7461819052696228,0.01119102444499731,0.6094969511032104,0.7213242053985596,0.010679391212761402,0.6272901296615601,0.7224681377410889,0.01096136961132288,0.6174629926681519,0.6966371536254883,0.002572803758084774,0.6408601999282837,0.6896426677703857,0.006704643368721008,0.6377614736557007,0.7147625684738159,0.010385219939053059,0.6272569894790649,0.7304993271827698,0.012135477736592293,0.6399971842765808,0.7261563539505005,-0.0041913376189768314,0.6550129652023315,0.7307836413383484,0.005415528081357479,0.6485085487365723,0.7512869238853455,0.009630812332034111,0.6368354558944702,0.7658016681671143,0.00964531023055315,0.6566941142082214,0.7652974128723145,-0.009199513122439384,0.664951741695404,0.7696182727813721,0.0002924927684944123,0.6567427515983582,0.7855357527732849,0.005732266698032618,0.6443049907684326,0.7979251742362976,0.005895461421459913,0.6665765047073364,0.806759238243103,-0.013784515671432018,0.6715871691703796,0.8070915937423706,-0.005135662853717804,0.6622701287269592,0.8204270601272583,0.0025232655461877584,0.6510123014450073,0.8305639028549194,0.006896159145981073
0.5738459229469299,0.8762406706809998,-2.5515390689179185e-07,0.5789331793785095,0.7971567511558533,0.012590150348842144,0.5983582735061646,0.7504045367240906,0.013937365263700485,0.6226058006286621,0.7377501130104065,0.012366359122097492,0.639281690120697,0.7466951012611389,0.011407634243369102,0.625042736530304,0.7054404020309448,0.005991867743432522,0.6523557901382446,0.7054237127304077,0.00824855174869299,0.6483088135719299,0.7308973073959351,0.01008568238466978,0.6365088820457458,0.7441596984863281,0.010690114460885525,0.6442738771438599,0.7388732433319092,-0.0031408672221004963,0.663948655128479,0.7463896870613098,0.004663425497710705,0.6567189693450928,0.7668572068214417,0.008050836622714996,0.643517792224884,0.7783914804458618,0.007845209911465645,0.6584447622299194,0.7805075645446777,-0.010707038454711437,0.6708071231842041,0.788751482963562,-0.001685620634816587,0.6613175272941589,0.804740846157074,0.004005763679742813,0.6477570533752441,0.8133777379989624,0.004382112063467503,0.6671565771102905,0.8245409727096558,-0.01787516660988331,0.674349844455719,0.8293132781982422,-0.009100374765694141,0.6632962226867676,0.8418809175491333,-0.0013903100043535233,0.6510866284370422,0.8481263518333435,0.0028259404934942722
0.5709646940231323,0.881774365901947,-2.7376691491554084e-07,0.5792312026023865,0.8080190420150757,0.012592844665050507,0.5992135405540466,0.7619393467903137,0.014618811197578907,0.6226436495780945,0.7452715039253235,0.013660363852977753,0.6377935409545898,0.7479000687599182,0.013256620615720749,0.6327251195907593,0.7232384085655212,0.0067598531022667885,0.6605435013771057,0.7293806076049805,0.008280016481876373,0.654846727848053,0.7534215450286865,0.009194357320666313,0.6425263285636902,0.7639335989952087,0.009168142452836037,0.6493843793869019,0.7578356862068176,-0.0025605277623981237,0.6704154014587402,0.7691302299499512,0.004324452485889196,0.6618475914001465,0.7889967560768127,0.007401265203952789,0.6480492353439331,0.7977855801582336,0.007278237491846085,0.6604455709457397,0.8007603287696838,-0.010466368868947029,0.6741299033164978,0.8128024935722351,-0.0030594293493777514,0.6637502312660217,0.8283736705780029,0.002467139856889844,0.649795413017273,0.8342251777648926,0.0032124051358550787,0.6659519076347351,0.8457605242729187,-0.01792154461145401,0.6745666861534119,0.8542241454124451,-0.010531267151236534,0.6630486249923706,0.8655719757080078,-0.0032241905573755503,0.6505136489868164,0.86908358335495,0.000991316046565771
0.566091001033783,0.8819688558578491,-2.5934679115380277e-07,0.5776238441467285,0.814461350440979,0.014619451016187668,0.5977315902709961,0.7737672328948975,0.0167828518897295,0.6165135502815247,0.7599211931228638,0.015441023744642735,0.623148500919342,0.7566435933113098,0.014303263276815414,0.6336044073104858,0.7339720726013184,0.007664901670068502,0.662092387676239,0.7549028396606445,0.00920724868774414,0.6546066403388977,0.7791665196418762,0.0099152447655797,0.6411981582641602,0.7864899039268494,0.009475302882492542,0.6484158039093018,0.7680812478065491,-0.0032474191393703222,0.6713504195213318,0.7895735502243042,0.0035614720545709133,0.6610249876976013,0.8096685409545898,0.006851979997009039,0.6457778811454773,0.8155755996704102,0.006807439494878054,0.6571256518363953,0.8107878565788269,-0.012672685086727142,0.672472357749939,0.8326955437660217,-0.0048643979243934155,0.6605726480484009,0.8480427861213684,0.0003703679540194571,0.6461318731307983,0.8503047823905945,0.0006201015203259885,0.6606792211532593,0.8556707501411438,-0.021584542468190193,0.6685230135917664,0.8749539256095886,-0.013907091692090034,0.6559814810752869,0.885564923286438,-0.007390634622424841,0.6435791254043579,0.8855006098747253,-0.004107646644115448
0.5615233182907104,0.8763046860694885,-2.4483483684889507e-07,0.5770961046218872,0.8104962706565857,0.014245771802961826,0.600328803062439,0.7738862633705139,0.016463886946439743,0.620272159576416,0.766701877117157,0.01504108402878046,0.6303884387016296,0.7684758901596069,0.01386419776827097,0.634490966796875,0.7448648810386658,0.009050818160176277,0.6629311442375183,0.7727320790290833,0.00870569609105587,0.6550431251525879,0.7958611249923706,0.007982402108609676,0.6407514214515686,0.8018357157707214,0.006997594144195318,0.6464724540710449,0.7793360948562622,-0.001645481213927269,0.6689485907554626,0.8081080913543701,0.0027315279003232718,0.6578210592269897,0.8272196650505066,0.004533122759312391,0.6425356864929199,0.82997727394104,0.004048201255500317,0.6529886722564697,0.8213907480239868,-0.011140493676066399,0.6687057614326477,0.8493885397911072,-0.00558307021856308,0.6553955078125,0.8636789917945862,-0.0007916162721812725,0.6410260200500488,0.8623687624931335,-8.348774281330407e-05,0.6543457508087158,0.8658578395843506,-0.02009505219757557,0.6634215116500854,0.8889448046684265,-0.013843952678143978,0.6496663093566895,0.8976738452911377,-0.007519724778831005,0.6373675465583801,0.8942413926124573,-0.003938201814889908
0.5573664903640747,0.8760725855827332,-2.1775659320155683e-07,0.5726205706596375,0.8106275200843811,0.01466867234557867,0.596293568611145,0.7762603759765625,0.016734931617975235,0.6185389161109924,0.7743255496025085,0.014952910132706165,0.632864773273468,0.7873883247375488,0.01361824944615364,0.630409836769104,0.7460229396820068,0.010399085469543934,0.6574659943580627,0.7768441438674927,0.011036865413188934,0.649644672870636,0.800603449344635,0.011258156970143318,0.6363053321838379,0.8067130446434021,0.010824574157595634,0.6417649984359741,0.7801986932754517,-0.0005340848583728075,0.6640360951423645,0.8133975863456726,0.00400223582983017,0.6526907682418823,0.8333120942115784,0.006020003464072943,0.6375334858894348,0.8356541395187378,0.005911701358854771,0.6478649377822876,0.8224924802780151,-0.010254849679768085,0.663767397403717,0.8554977178573608,-0.004878366831690073,0.6498533487319946,0.8695046305656433,-0.0003134880098514259,0.6354502439498901,0.867285966873169,0.0004650102637242526,0.6487092971801758,0.867676317691803,-0.019369494169950485,0.6574092507362366,0.8954998254776001,-0.013140440918505192,0.6430165767669678,0.9032975435256958,-0.007143848109990358,0.630702793598175,0.8980469703674316,-0.003749081864953041
0.553181529045105,0.8716669082641602,-2.2730225168743345e-07,0.5686808228492737,0.8071704506874084,0.013710245490074158,0.591754138469696,0.7739913463592529,0.015857551246881485,0.6125885248184204,0.7684780955314636,0.01465151272714138,0.6240673065185547,0.7721093893051147,0.013883366249501705,0.6265410780906677,0.7464328408241272,0.00963563285768032,0.6522431969642639,0.7819920182228088,0.010243057273328304,0.6444677710533142,0.8039619326591492,0.009999878704547882,0.6303915977478027,0.8071368932723999,0.009364173747599125,0.6379004716873169,0.782481849193573,-0.0004599014646373689,0.6569169759750366,0.817622184753418,0.004697997123003006,0.6461545825004578,0.8351216316223145,0.006521435454487801,0.6310871839523315,0.835080087184906,0.005878467578440905,0.6438284516334534,0.8252509236335754,-0.009340925142168999,0.6577365398406982,0.8563150763511658,-0.0035686795599758625,0.6447768211364746,0.8694619536399841,0.0012755772331729531,0.6303039789199829,0.8667892813682556,0.002085326937958598,0.6445709466934204,0.8694002032279968,-0.017665941268205643,0.6533686518669128,0.8932126760482788,-0.01134676393121481,0.63998943567276,0.9014862179756165,-0.00466776080429554,0.6273269057273865,0.8973190188407898,-0.0007130912272259593
0.5504270792007446,0.8698253035545349,-2.1172917286094162e-07,0.565388023853302,0.8063310384750366,0.013169913552701473,0.5887988209724426,0.7748655676841736,0.014929587952792645,0.6102725863456726,0.771780252456665,0.013461438938975334,0.6220673322677612,0.7796063423156738,0.012580342590808868,0.618215024471283,0.7421709299087524,0.009652882814407349,0.6434362530708313,0.7742916345596313,0.010278831236064434,0.6352144479751587,0.798359215259552,0.010033304803073406,0.6211754679679871,0.8027001619338989,0.009512515738606453,0.6307374835014343,0.7765505313873291,9.934716945281252e-05,0.64866042137146,0.8083111643791199,0.005082266870886087,0.6387218832969666,0.8274911642074585,0.006503914948552847,0.6245929598808289,0.829744279384613,0.005747837480157614,0.6382673978805542,0.8182522058486938,-0.008256872184574604,0.6518332958221436,0.8442248106002808,-0.0027634743601083755,0.639769434928894,0.8590899705886841,0.0018014762317761779,0.6257757544517517,0.8593690991401672,0.0027164805214852095,0.64112788438797,0.8617616295814514,-0.016008256003260612,0.6499202251434326,0.8809437155723572,-0.009533633477985859,0.6374245882034302,0.890866219997406,-0.0025581729132682085,0.6251803636550903,0.8897063732147217,0.0017497260123491287
0.5467497110366821,0.8658604621887207,-2.1983315434681572e-07,0.5576456785202026,0.8016319274902344,0.011501187458634377,0.5788218379020691,0.7658686637878418,0.012460734695196152,0.5995190739631653,0.7600728869438171,0.0108107328414917,0.6103830933570862,0.7686038017272949,0.009564504958689213,0.6106598377227783,0.7339821457862854,0.0052648247219622135,0.6335154175758362,0.7644309997558594,0.005409143399447203,0.6242057681083679,0.7870142459869385,0.005141858011484146,0.6103743314743042,0.7908270359039307,0.004301316570490599,0.6249294877052307,0.7683207988739014,-0.003772694617509842,0.6412763595581055,0.7962983250617981,0.00040816859109327197,0.6303455829620361,0.8148797750473022,0.001941908965818584,0.6163259148597717,0.8175114393234253,0.0012131530093029141,0.6340855956077576,0.8100752234458923,-0.011498247273266315,0.64545738697052,0.8354935050010681,-0.006864576600492001,0.6327508687973022,0.8496975302696228,-0.0027006743475794792,0.6189072132110596,0.8498731255531311,-0.002182649215683341,0.6378096342086792,0.8535414338111877,-0.018702417612075806,0.6432062387466431,0.8745237588882446,-0.013663114048540592,0.6297048330307007,0.8844656348228455,-0.007963761687278748,0.6173792481422424,0.8829941153526306,-0.004530873149633408
0.5446071028709412,0.8638349771499634,-2.1935700544872816e-07,0.5513904690742493,0.804015040397644,0.010358625091612339,0.5679059028625488,0.7637813687324524,0.011147982440888882,0.5845832824707031,0.7485822439193726,0.009689928963780403,0.5900166034698486,0.7446593642234802,0.008720658719539642,0.6027291417121887,0.7260206937789917,0.003858990501612425,0.6253616809844971,0.754935622215271,0.004634954035282135,0.6170362234115601,0.777763307094574,0.0047128284350037575,0.6038272380828857,0.7824649810791016,0.003875298658385873,0.6191016435623169,0.7573400139808655,-0.0043791779316961765,0.6330413818359375,0.786492645740509,0.0004831281548831612,0.6224135756492615,0.8050955533981323,0.0018040857976302505,0.6086023449897766,0.8078941702842712,0.0006772211054340005,0.6297969818115234,0.7974060773849487,-0.011252894066274166,0.6377626061439514,0.8240872025489807,-0.005715244449675083,0.6256498694419861,0.8385641574859619,-0.0023220088332891464,0.6123462915420532,0.8394482731819153,-0.002699596108868718,0.6350838541984558,0.839901864528656,-0.017740555107593536,0.6369841694831848,0.862147867679596,-0.012443997897207737,0.6241150498390198,0.8722112774848938,-0.007804478518664837,0.6122192740440369,0.8711108565330505,-0.005283523816615343
0.5438413023948669,0.8620826601982117,-2.02895108714074e-07,0.5468695759773254,0.7950020432472229,0.007910920307040215,0.5635964870452881,0.7522128224372864,0.007789697032421827,0.5848283767700195,0.7454351782798767,0.005733266472816467,0.5982468724250793,0.7576839923858643,0.0042977239936590195,0.5933930277824402,0.7169326543807983,0.002591249532997608,0.6146329641342163,0.7373477220535278,0.001939410693012178,0.6068617701530457,0.7596095204353333,0.0007379627786576748,0.594397783279419,0.7667413353919983,-0.0008070983458310366,0.6114249229431152,0.7471548318862915,-0.004284087102860212,0.6226295232772827,0.7688244581222534,-0.0007943061646074057,0.6130843758583069,0.7866806387901306,-0.0004324751498643309,0.6011770963668823,0.7931642532348633,-0.0019027378875762224,0.6243346929550171,0.7865311503410339,-0.010117962956428528,0.629757821559906,0.8063549995422363,-0.005761134438216686,0.6187145709991455,0.8206688165664673,-0.002910679904744029,0.6067420840263367,0.8255634903907776,-0.003203388536348939,0.6323849558830261,0.8289213180541992,-0.015782931819558144,0.6327665448188782,0.8468783497810364,-0.011265677399933338,0.6208241581916809,0.8579143285751343,-0.006845950148999691,0.6102063655853271,0.8609007000923157,-0.004149817395955324
0.5454824566841125,0.8644891977310181,-1.9159149644565332e-07,0.54061359167099,0.7953312397003174,0.006437613163143396,0.5547544360160828,0.7453892230987549,0.006838206201791763,0.5778865218162537,0.7329041361808777,0.005902595352381468,0.5938640236854553,0.7420216798782349,0.005771868396550417,0.5848054885864258,0.7051700353622437,0.0024351957254111767,0.6053779125213623,0.7194573879241943,0.003074552398175001,0.5993807911872864,0.7414155006408691,0.0028082861099392176,0.5882489085197449,0.7502739429473877,0.0019487404497340322,0.6051044464111328,0.733507513999939,-0.0028328795451670885,0.6149225831031799,0.7505483031272888,0.0022213777992874384,0.6073108911514282,0.7691287994384766,0.0033972200471907854,0.5971065163612366,0.7791168689727783,0.002407456748187542,0.6200374364852905,0.7711625695228577,-0.007113370578736067,0.6241132020950317,0.7868565917015076,-0.0020733654964715242,0.6152172088623047,0.8026991486549377,0.0006944058695808053,0.6044183373451233,0.8122028708457947,0.0005133525119163096,0.630285382270813,0.8118248581886292,-0.011258695274591446,0.6310133934020996,0.8254292011260986,-0.0066257985308766365,0.6211292147636414,0.8377149105072021,-0.0022514062002301216,0.6114397644996643,0.8442164659500122,0.0006996339652687311
0.5470297932624817,0.862811803817749,-1.9249556260092504e-07,0.5379858613014221,0.7957150340080261,0.006922039203345776,0.5480557680130005,0.7432553768157959,0.0074963755905628204,0.5697490572929382,0.7266548275947571,0.006499618757516146,0.5864894986152649,0.733445942401886,0.006237479858100414,0.5758204460144043,0.6946808099746704,0.0033046475145965815,0.5982785224914551,0.7035340070724487,0.004086639732122421,0.5943292379379272,0.727238118648529,0.003783631371334195,0.5842807292938232,0.739168643951416,0.0028486282099038363,0.5976981520652771,0.7163524031639099,-0.0024018874391913414,0.6092514395713806,0.7328371405601501,0.002643539570271969,0.6026104688644409,0.7539979219436646,0.003614910179749131,0.5928823947906494,0.7664319276809692,0.0025781760923564434,0.614862859249115,0.7494398951530457,-0.007138413842767477,0.6206384301185608,0.7654978036880493,-0.002337368205189705,0.6126449704170227,0.7838066220283508,0.0002226835349574685,0.6022966504096985,0.79548180103302,3.3085558243328705e-05,0.6274455189704895,0.7873334288597107,-0.011685572564601898,0.6298968195915222,0.800278902053833,-0.00730988010764122,0.620577335357666,0.8160672187805176,-0.002757582813501358,0.6108143925666809,0.8257993459701538,0.0004692009533755481
0.5488830208778381,0.860543966293335,-2.1511195313905773e-07,0.5363713502883911,0.7986283302307129,0.007273352704942226,0.5423940420150757,0.7458470463752747,0.007713841274380684,0.5611127614974976,0.7229993343353271,0.0065454659052193165,0.5768982768058777,0.7258455157279968,0.006011441815644503,0.5693051218986511,0.6876633763313293,0.002878568833693862,0.5913583040237427,0.692198634147644,0.003422906855121255,0.5891150832176208,0.7170806527137756,0.003059983719140291,0.5794814825057983,0.7314995527267456,0.0022358112037181854,0.5932250618934631,0.7055400013923645,-0.003135565435513854,0.6051401495933533,0.7211715579032898,0.0020893842447549105,0.5995633602142334,0.7435320019721985,0.0028746852185577154,0.5904595851898193,0.7568124532699585,0.0015922312159091234,0.6125280261039734,0.7363043427467346,-0.0080693569034338,0.6176886558532715,0.7519773244857788,-0.0032890744041651487,0.6105343699455261,0.7714303135871887,-0.001181394443847239,0.6008334755897522,0.7840197086334229,-0.0017827787669375539,0.627027153968811,0.7721003293991089,-0.012736150994896889,0.6282898783683777,0.7850050330162048,-0.008174629881978035,0.619779646396637,0.8021743893623352,-0.0037627718411386013,0.6103737950325012,0.8129688501358032,-0.0007635013898834586
0.5527083277702332,0.8562193512916565,-2.1652761006407673e-07,0.5376949310302734,0.7990046739578247,0.008215660229325294,0.5405740141868591,0.7467733025550842,0.008904261514544487,0.557195782661438,0.7188447713851929,0.007705636788159609,0.5725108981132507,0.7150156497955322,0.007263635750859976,0.5663130283355713,0.683655858039856,0.004017480183392763,0.5883573293685913,0.6769073605537415,0.005130063742399216,0.5880092978477478,0.7028451561927795,0.005625807214528322,0.5795744061470032,0.7210704684257507,0.005598311312496662,0.5907819271087646,0.6983210444450378,-0.0024622527416795492,0.6043088436126709,0.7081356644630432,0.0035944045521318913,0.5994762182235718,0.7321800589561462,0.005088873207569122,0.5899075865745544,0.747732937335968,0.004323032218962908,0.6109524369239807,0.726220965385437,-0.007887975312769413,0.6171107888221741,0.7404741048812866,-0.002143679652363062,0.6102896928787231,0.7610676288604736,0.000326100125676021,0.6003408432006836,0.7750759720802307,-0.00031971573480404913,0.6266209483146667,0.7594993114471436,-0.013017015531659126,0.6286641955375671,0.7735215425491333,-0.007810077164322138,0.6202181577682495,0.7917197942733765,-0.003308891551569104,0.6105092763900757,0.8038274645805359,-0.00040583437657915056
0.5572813749313354,0.8568549752235413,-2.1943955630376877e-07,0.5404500961303711,0.8003361821174622,0.00576559454202652,0.5424286127090454,0.7457113265991211,0.005818176548928022,0.558290421962738,0.7152847647666931,0.004524687770754099,0.573562502861023,0.7078237533569336,0.004095985554158688,0.5682962536811829,0.6819027662277222,0.002232576487585902,0.5867128968238831,0.6696650981903076,0.00279817683622241,0.5877322554588318,0.6906673908233643,0.0030735719483345747,0.5810998678207397,0.7095710039138794,0.00306076742708683,0.5932256579399109,0.6967107653617859,-0.0028853858821094036,0.6043561100959778,0.7021299004554749,0.002587015274912119,0.6002468466758728,0.7236925363540649,0.0037538001779466867,0.5917998552322388,0.7413091063499451,0.002767242258414626,0.6134384274482727,0.7233069539070129,-0.007172148674726486,0.618129551410675,0.7340964078903198,-0.0017573826480656862,0.612026572227478,0.7519883513450623,0.0005158277926966548,0.6027726531028748,0.7673282027244568,-0.0003212078590877354,0.6287639141082764,0.75401371717453,-0.011431996710598469,0.6301302313804626,0.7655795216560364,-0.006713864393532276,0.622904360294342,0.7824510931968689,-0.002758978633210063,0.6143959760665894,0.7950682640075684,-0.0002851635799743235
0.5616123676300049,0.8560344576835632,-2.2745825845049694e-07,0.5451965928077698,0.7976257801055908,0.005466946866363287,0.5467630624771118,0.7433364987373352,0.004987574182450771,0.5624245405197144,0.711349368095398,0.0033376223873347044,0.5777755379676819,0.7032076716423035,0.0026317534502595663,0.5729060173034668,0.6798534989356995,0.00013445058721117675,0.5929965972900391,0.6684033274650574,0.0008594811079092324,0.5924859642982483,0.6906516551971436,0.0016474633011966944,0.5842412710189819,0.7088159322738647,0.001818790566176176,0.5978571772575378,0.6961091756820679,-0.004892065655440092,0.6098901033401489,0.7004444003105164,0.0008769212872721255,0.6055329442024231,0.7218689918518066,0.0025639107916504145,0.5967587232589722,0.7390366792678833,0.0017148458864539862,0.6182609796524048,0.7234212160110474,-0.008895226754248142,0.62326979637146,0.733161449432373,-0.0032886681146919727,0.617182195186615,0.7511126399040222,-0.00042074761586263776,0.6077380180358887,0.7664967179298401,-0.0010231551714241505,0.6336948871612549,0.7545455694198608,-0.012855544686317444,0.6354609131813049,0.7647212743759155,-0.008304870687425137,0.627941370010376,0.7819750905036926,-0.003952689003199339,0.6191637516021729,0.7949888110160828,-0.0011551816714927554
0.5673090219497681,0.8580266237258911,-2.421267595309473e-07,0.5507922768592834,0.796112596988678,0.006320433225482702,0.5551164150238037,0.7387458086013794,0.007248594891279936,0.5718720555305481,0.704413115978241,0.00706010265275836,0.5869033932685852,0.6932521462440491,0.007846924476325512,0.580594003200531,0.6820372343063354,0.0013029935071244836,0.599109411239624,0.6644926071166992,0.0027212873101234436,0.5981049537658691,0.686614990234375,0.0043765162117779255,0.5899967551231384,0.7050237655639648,0.005385848693549633,0.6054086089134216,0.6996179223060608,-0.0033196473959833384,0.6168270707130432,0.6975598335266113,0.0037542562931776047,0.6128666400909424,0.718511164188385,0.006659192033112049,0.604852020740509,0.7359495162963867,0.006556167732924223,0.6255807876586914,0.7277399301528931,-0.006861952133476734,0.6305413246154785,0.731995701789856,-0.00012307119322940707,0.6246916651725769,0.7490411996841431,0.0035827504470944405,0.615607738494873,0.7647965550422668,0.0033934751991182566,0.6403250694274902,0.7589955925941467,-0.010256432928144932,0.6413074135780334,0.7653403282165527,-0.00447246665135026,0.6340228319168091,0.7813689708709717,0.0006740426761098206,0.6257695555686951,0.7940878868103027,0.003860086901113391
0.5728297233581543,0.8653009533882141,-2.703454242691805e-07,0.5559636354446411,0.7987123727798462,0.005210575647652149,0.5631225109100342,0.7408106327056885,0.006213749293237925,0.5815304517745972,0.7060718536376953,0.00640310300514102,0.5955766439437866,0.6935396194458008,0.007362119387835264,0.5939249396324158,0.6866239905357361,0.0014595133252441883,0.6059788465499878,0.6665552258491516,0.0033368903677910566,0.6017910242080688,0.6864222288131714,0.004264639224857092,0.5946940779685974,0.7047731876373291,0.004564362578094006,0.61815345287323,0.7086507678031921,-0.0022059036418795586,0.6235353946685791,0.7018990516662598,0.005859769880771637,0.6178730130195618,0.7204079627990723,0.008665374480187893,0.6113132238388062,0.738717794418335,0.008101793937385082,0.6363590359687805,0.7403274178504944,-0.004844943527132273,0.6364442110061646,0.7375783324241638,0.0022051851265132427,0.6295095682144165,0.7520560622215271,0.0057108839973807335,0.6212524175643921,0.7687512636184692,0.005333717912435532,0.648377001285553,0.773287832736969,-0.007356178946793079,0.6466352939605713,0.7704638242721558,-0.001176531077362597,0.6392190456390381,0.7834071516990662,0.004335775971412659,0.6319662928581238,0.7968964576721191,0.007643991149961948
0.5756824016571045,0.8703815340995789,-2.863404233721667e-07,0.5623728036880493,0.8007720708847046,0.006010059267282486,0.5708480477333069,0.7430170178413391,0.006989810150116682,0.5899792313575745,0.7060081362724304,0.007058052346110344,0.6032482981681824,0.6881143450737,0.008096915669739246,0.6042895913124084,0.6933534145355225,0.001227945671416819,0.619850218296051,0.6762279272079468,0.0031317756511271,0.6149115562438965,0.6971181631088257,0.004487552680075169,0.6059091091156006,0.7149022817611694,0.0052145905792713165,0.6269222497940063,0.7192437648773193,-0.003013912122696638,0.6356586813926697,0.7137787938117981,0.005300519987940788,0.6291803121566772,0.7331670522689819,0.00854409858584404,0.6206040382385254,0.7507219910621643,0.008234871551394463,0.6436933875083923,0.7541394233703613,-0.006091240793466568,0.6464534997940063,0.752765953540802,0.0014980975538492203,0.6390162110328674,0.7675513029098511,0.005582192912697792,0.6292157769203186,0.7828065752983093,0.005369721446186304,0.6545925736427307,0.7905515432357788,-0.008975759148597717,0.6552504897117615,0.7884923219680786,-0.0020956064108759165,0.6471219658851624,0.8012745976448059,0.0040586041286587715,0.6385048627853394,0.8133090138435364,0.007677668239921331
0.5788500905036926,0.8743400573730469,-2.910218199758674e-07,0.5694283843040466,0.804658055305481,0.006064342800527811,0.5808793902397156,0.7468623518943787,0.007361235097050667,0.5993185043334961,0.7046939730644226,0.007761265151202679,0.6084104776382446,0.6732359528541565,0.009300020523369312,0.6138810515403748,0.7027323246002197,0.001439663814380765,0.6337906122207642,0.6873927712440491,0.0026724354829639196,0.6291219592094421,0.709266722202301,0.0040054162964224815,0.619057297706604,0.7262833714485168,0.005126963369548321,0.634765088558197,0.7305608987808228,-0.0026938742958009243,0.6466060876846313,0.7260207533836365,0.005486923269927502,0.6395639181137085,0.7457412481307983,0.009010310284793377,0.6295658349990845,0.7613672614097595,0.008866246789693832,0.6498630046844482,0.7669715881347656,-0.005741897039115429,0.6539570093154907,0.7648213505744934,0.0018465376924723387,0.6460412740707397,0.7804824113845825,0.006340338382869959,0.6355046629905701,0.7943546175956726,0.006273220293223858,0.6597321629524231,0.8040466904640198,-0.00857842992991209,0.660710334777832,0.8016951084136963,-0.0013987921411171556,0.6523360013961792,0.8146781325340271,0.005027730483561754,0.643464982509613,0.8253143429756165,0.008697879500687122
0.578777551651001,0.8812479972839355,-3.027574848601944e-07,0.5725612044334412,0.8106440901756287,0.0053861080668866634,0.5864236354827881,0.7552827596664429,0.006195151247084141,0.6069660782814026,0.7152104377746582,0.00623704120516777,0.6174792647361755,0.6821738481521606,0.007495490368455648,0.6217716932296753,0.7153733968734741,0.00010937323531834409,0.6441967487335205,0.701673150062561,0.0010836124420166016,0.6379579305648804,0.7206913232803345,0.0024717459455132484,0.6263935565948486,0.735675573348999,0.003640556475147605,0.6415497064590454,0.7463295459747314,-0.003780741710215807,0.6536365747451782,0.7435312271118164,0.004259774927049875,0.6454693675041199,0.7610247731208801,0.008028282783925533,0.634840726852417,0.774707555770874,0.007940143346786499,0.6547505855560303,0.7848405838012695,-0.006613622885197401,0.6592803001403809,0.7812713384628296,0.0005636026035062969,0.6508669853210449,0.7952957153320312,0.005272530950605869,0.6397950053215027,0.8079042434692383,0.005367179401218891,0.6626722812652588,0.8224887847900391,-0.009240674786269665,0.6638167500495911,0.8170211315155029,-0.0028114612214267254,0.6549938917160034,0.828813910484314,0.0035590159241110086,0.6457768082618713,0.8390406370162964,0.0073000844568014145
0.5758777856826782,0.8844076991081238,-3.0661436767331907e-07,0.5731084942817688,0.8124659657478333,0.00633388152346015,0.5904570817947388,0.7574217319488525,0.007456778082996607,0.6130685806274414,0.716888964176178,0.007871543057262897,0.6242126226425171,0.6824195384979248,0.009536191821098328,0.6240661144256592,0.7211511135101318,-0.000989967375062406,0.6509628295898438,0.7154398560523987,0.0009565699729137123,0.6436792016029358,0.7369477152824402,0.003864699276164174,0.6308341026306152,0.7499250769615173,0.005864551290869713,0.642825722694397,0.7563632726669312,-0.00522621488198638,0.6586399674415588,0.7585904002189636,0.0034405698534101248,0.6492313742637634,0.7764933109283447,0.008083635941147804,0.6369954347610474,0.7876890897750854,0.008344936184585094,0.6553141474723816,0.7980380654335022,-0.008052817545831203,0.6628524661064148,0.7981964349746704,0.00027995239361189306,0.6532761454582214,0.8121762275695801,0.006164868362247944,0.640798032283783,0.8219815492630005,0.0065288967452943325,0.6627346277236938,0.8376761078834534,-0.010607095435261726,0.6651493906974792,0.8364541530609131,-0.003344245022162795,0.6552270650863647,0.847708523273468,0.003487630048766732,0.6449489593505859,0.8549283146858215,0.007235213648527861
0.572129487991333,0.88871830701828,-3.234553105357918e-07,0.5713813900947571,0.8160357475280762,0.007504207082092762,0.5914273858070374,0.762628436088562,0.008983961306512356,0.615818202495575,0.724277675151825,0.0095452181994915,0.6277097463607788,0.691514253616333,0.011178061366081238,0.6263920664787292,0.7292903661727905,-0.0002902093401644379,0.6526015996932983,0.7273043990135193,0.001466385554522276,0.6439942717552185,0.7479904890060425,0.003731550183147192,0.6310115456581116,0.7591298222541809,0.0051482017152011395,0.6442422270774841,0.7676535248756409,-0.005258683580905199,0.659271240234375,0.7715805172920227,0.0035723599139600992,0.6486636996269226,0.7880284190177917,0.008192736655473709,0.6359239816665649,0.7975121140480042,0.008295109495520592,0.6554028391838074,0.8113503456115723,-0.00878460705280304,0.6618984937667847,0.8133552670478821,-0.00023026691633276641,0.6513638496398926,0.8255819082260132,0.005560319870710373,0.6384900808334351,0.8332456350326538,0.005713868420571089,0.6614091992378235,0.8521185517311096,-0.011961818672716618,0.6624900698661804,0.8522810339927673,-0.004448287654668093,0.6516410112380981,0.8622939586639404,0.0022883829660713673,0.6409745216369629,0.8678544759750366,0.005822274833917618
0.5664077401161194,0.8909119367599487,-3.33834236698749e-07,0.5682556629180908,0.8194369673728943,0.008397775702178478,0.5888692140579224,0.7682925462722778,0.010345639660954475,0.6136646270751953,0.7311194539070129,0.011203252710402012,0.626294732093811,0.6997725963592529,0.013174894265830517,0.6251006126403809,0.7358378171920776,0.0019420963944867253,0.6511614322662354,0.738905668258667,0.0047155339270830154,0.6434428691864014,0.7591123580932617,0.007708221208304167,0.6303216814994812,0.7694172859191895,0.009736569598317146,0.6422960162162781,0.7733588218688965,-0.0030648368410766125,0.6558758616447449,0.783924400806427,0.006691976450383663,0.6451737284660339,0.800491213798523,0.011346966028213501,0.6322171092033386,0.8086164593696594,0.01156348641961813,0.6526036858558655,0.8174787759780884,-0.006558927241712809,0.6583429574966431,0.8235898613929749,0.0023125475272536278,0.6475543975830078,0.8352645039558411,0.007468656171113253,0.6341856122016907,0.8414300084114075,0.007386678829789162,0.6581636071205139,0.8591049909591675,-0.009578991681337357,0.6587944626808167,0.8609204292297363,-0.002081803511828184,0.6475363969802856,0.8705294132232666,0.004219499882310629,0.636353611946106,0.8748031258583069,0.007676532957702875
0.5610194802284241,0.8920741677284241,-3.0411663942686573e-07,0.5647804141044617,0.8222079277038574,0.008378235623240471,0.5865582227706909,0.7707722783088684,0.010573083534836769,0.6107268929481506,0.7339646220207214,0.011432629078626633,0.6234608292579651,0.7037564516067505,0.013451380655169487,0.6202195882797241,0.739856481552124,0.003616372821852565,0.6481814980506897,0.7480975985527039,0.005693158134818077,0.6410784721374512,0.7698409557342529,0.007901361212134361,0.6277803182601929,0.7790647149085999,0.009526013396680355,0.6362771987915039,0.7749577760696411,-0.0017398620257154107,0.6533598303794861,0.7905998826026917,0.006759262178093195,0.6432565450668335,0.8085060715675354,0.010640595108270645,0.6300081014633179,0.8149081468582153,0.010816951282322407,0.646382212638855,0.8179002404212952,-0.00580216571688652,0.6563083529472351,0.8290309906005859,0.002135569928213954,0.645374059677124,0.8421948552131653,0.0072191692888736725,0.6319459080696106,0.846925675868988,0.007558686658740044,0.6518665552139282,0.8596562743186951,-0.009465627372264862,0.6564858555793762,0.8659073710441589,-0.002053790492936969,0.6451367735862732,0.8765957951545715,0.004492536652833223,0.6340022683143616,0.8801414966583252,0.008282876573503017
0.5542298555374146,0.8913576006889343,-3.0251470661823987e-07,0.559341549873352,0.8209621906280518,0.009031740017235279,0.5819568634033203,0.7698186039924622,0.01187247782945633,0.6064519882202148,0.7351472973823547,0.013440366834402084,0.6195757389068604,0.706429123878479,0.01605721190571785,0.6161673665046692,0.7414970397949219,0.004104265943169594,0.6436675190925598,0.7491986751556396,0.007638846058398485,0.6358820199966431,0.769658088684082,0.010989151895046234,0.6222800612449646,0.7776232361793518,0.013297241181135178,0.6316294074058533,0.7782151699066162,-0.0011506876908242702,0.6484374403953552,0.7927538752555847,0.00858236663043499,0.6378074288368225,0.8096912503242493,0.013075307011604309,0.62410968542099,0.8154535889625549,0.013491787016391754,0.6410061120986938,0.8222560882568359,-0.004919089842587709,0.6508004665374756,0.832265317440033,0.004082018975168467,0.6396083235740662,0.8450149893760681,0.009386448189616203,0.6258707642555237,0.8496332764625549,0.009659485891461372,0.6455695033073425,0.8647624254226685,-0.00816192664206028,0.6512347459793091,0.8692710399627686,5.598506686510518e-05,0.6394582986831665,0.8794538974761963,0.0069913920015096664,0.6277725696563721,0.8828874826431274,0.010886750183999538
0.5477948784828186,0.8875592350959778,-2.991902192661655e-07,0.5535376667976379,0.8155101537704468,0.011747682467103004,0.5758775472640991,0.7642199397087097,0.015778712928295135,0.6002475023269653,0.7312779426574707,0.018054518848657608,0.6135480403900146,0.7066542506217957,0.021362122148275375,0.608649730682373,0.7359975576400757,0.005819132085889578,0.6374207735061646,0.741607129573822,0.01037717703729868,0.6296436190605164,0.7626447081565857,0.0150478295981884,0.6154294013977051,0.7717714905738831,0.018393157050013542,0.6247599720954895,0.7730264067649841,-0.0003077810106333345,0.6428549289703369,0.7843807339668274,0.010070796124637127,0.6319950222969055,0.8016836047172546,0.015625465661287308,0.6177584528923035,0.8086255788803101,0.016921773552894592,0.6351455450057983,0.8167420625686646,-0.004703903570771217,0.6451929211616516,0.8234385251998901,0.00560342101380229,0.6345248818397522,0.8370368480682373,0.01156152319163084,0.6208860278129578,0.8433721661567688,0.012104140594601631,0.6408324837684631,0.8591213822364807,-0.008385458961129189,0.645787239074707,0.8610000014305115,0.000949086039327085,0.6344044804573059,0.8715243339538574,0.00820113718509674,0.6230155229568481,0.8760851621627808,0.012179587967693806
0.5419431924819946,0.8820469379425049,-2.9007006219217146e-07,0.547194242477417,0.8099281787872314,0.011814086697995663,0.5679410696029663,0.7574437856674194,0.01569128967821598,0.5909723043441772,0.7227153182029724,0.017481110990047455,0.6044576168060303,0.6983307600021362,0.020346252247691154,0.6011241674423218,0.7275686860084534,0.007309864275157452,0.6278539896011353,0.729246199131012,0.011151856742799282,0.6210643649101257,0.751026451587677,0.015178880654275417,0.6075459122657776,0.7616941928863525,0.0180891714990139,0.6173478364944458,0.7616285681724548,0.000673476024530828,0.6345492601394653,0.770169734954834,0.010399791412055492,0.6247724294662476,0.7888689041137695,0.015566355548799038,0.6113203167915344,0.7972979545593262,0.016624612733721733,0.6280994415283203,0.8030163645744324,-0.0044781966134905815,0.6376287341117859,0.8091458082199097,0.005034162197262049,0.6277418732643127,0.8238534927368164,0.010782048106193542,0.6143528819084167,0.8311375975608826,0.01129127573221922,0.6340914368629456,0.84450364112854,-0.009022507816553116,0.6388899087905884,0.8476195335388184,-0.00025123063824139535,0.6279707551002502,0.8585810661315918,0.0067671616561710835,0.6164916157722473,0.8629473447799683,0.01064274087548256
0.5390021204948425,0.8746689558029175,-2.7699675797521195e-07,0.5424512624740601,0.8015626072883606,0.010295432060956955,0.5614345073699951,0.7476984262466431,0.013841171748936176,0.5829150676727295,0.7123702764511108,0.015600789338350296,0.5945671200752258,0.688340961933136,0.018427129834890366,0.5945987105369568,0.7177414894104004,0.0069999233819544315,0.6185327768325806,0.7140271663665771,0.010653095319867134,0.6122407913208008,0.73530113697052,0.014112399891018867,0.5994241833686829,0.7477990388870239,0.016661128029227257,0.6113572120666504,0.750535249710083,0.0012271621963009238,0.6276137828826904,0.7544037699699402,0.010215177200734615,0.6180816292762756,0.7736163139343262,0.014574145898222923,0.6045887470245361,0.7844061255455017,0.015396748669445515,0.622933030128479,0.7901113033294678,-0.0031906135845929384,0.6324219107627869,0.7931880950927734,0.005715637467801571,0.6229221224784851,0.8077667355537415,0.010791044682264328,0.609316885471344,0.8173457980155945,0.011170078068971634,0.6294556260108948,0.8298501968383789,-0.007118213921785355,0.6344004273414612,0.830434262752533,0.00111753202509135,0.623746395111084,0.84211266040802,0.007829699665307999,0.6120533347129822,0.849545419216156,0.011715847067534924
0.5373791456222534,0.869046151638031,-2.652720354490157e-07,0.5376856923103333,0.7942712903022766,0.006703440099954605,0.5550747513771057,0.7378829717636108,0.009024057537317276,0.5749284029006958,0.6999168395996094,0.01002136617898941,0.5839153528213501,0.6699496507644653,0.012224205769598484,0.588475227355957,0.7063354253768921,0.005898298230022192,0.6094385981559753,0.6970053911209106,0.007152890786528587,0.6030188202857971,0.7164257764816284,0.008473624475300312,0.5908365249633789,0.7307330369949341,0.009836622513830662,0.6066957712173462,0.7369617819786072,0.0015246623661369085,0.6187070608139038,0.7383586168289185,0.008266557939350605,0.6092029809951782,0.7566652894020081,0.010980554856359959,0.5973237752914429,0.7698330283164978,0.011059505864977837,0.6196606755256653,0.7750924825668335,-0.002095554955303669,0.6252852082252502,0.7762525081634521,0.004166481085121632,0.6159936785697937,0.7905258536338806,0.008021236397325993,0.6038466095924377,0.8030986785888672,0.008341099135577679,0.6280256509780884,0.8140468597412109,-0.005521694663912058,0.6294934749603271,0.8133306503295898,0.000418012059526518,0.6192353367805481,0.8254817128181458,0.006051772274076939,0.6089181900024414,0.8355505466461182,0.00977935642004013
0.5391330718994141,0.861081600189209,-2.5128139213848044e-07,0.5362546443939209,0.7872911095619202,0.00603201100602746,0.5505307912826538,0.729505181312561,0.007622088771313429,0.5692955255508423,0.6871224045753479,0.008121569640934467,0.5770440101623535,0.6519013047218323,0.00988562311977148,0.5821972489356995,0.6943585276603699,0.004463208373636007,0.6026971340179443,0.6823700666427612,0.0065820487216115,0.5978201031684875,0.7026437520980835,0.009140889160335064,0.586695671081543,0.7189559936523438,0.011343657039105892,0.6019169688224792,0.7224065661430359,0.0007220842526294291,0.6139641404151917,0.7235680222511292,0.008318442851305008,0.6052646040916443,0.7430641651153564,0.011601672507822514,0.5940920114517212,0.7572618126869202,0.011829044669866562,0.6162977814674377,0.7591544985771179,-0.0021293526515364647,0.6227105259895325,0.7603105306625366,0.004769793711602688,0.6142178177833557,0.7754760384559631,0.008851434104144573,0.6028141975402832,0.7890884280204773,0.009047456085681915,0.6261218786239624,0.7967684864997864,-0.004733822774142027,0.6282927393913269,0.7960786819458008,0.0017790395068004727,0.6188628673553467,0.8091099858283997,0.007672591134905815,0.6090847849845886,0.8197593092918396,0.01140463724732399
0.5430353283882141,0.8562756180763245,-2.326439272337666e-07,0.5358168482780457,0.785772442817688,0.0042298114858567715,0.5474081039428711,0.7255392670631409,0.005303145851939917,0.5640714764595032,0.6797845363616943,0.0055507756769657135,0.569414496421814,0.6429856419563293,0.007242779713124037,0.5770613551139832,0.6860054731369019,0.00399425346404314,0.5999574661254883,0.6728019118309021,0.005179293919354677,0.5957005023956299,0.6938698887825012,0.0068183415569365025,0.5846433639526367,0.7101390361785889,0.008353770710527897,0.5982653498649597,0.7109187245368958,0.0007183824200183153,0.6124520897865295,0.7097348570823669,0.007144295610487461,0.6052959561347961,0.7300944328308105,0.009512659162282944,0.5946336984634399,0.745448112487793,0.009272059425711632,0.6145355105400085,0.7445606589317322,-0.001967331860214472,0.6231569051742554,0.7436619400978088,0.003968915902078152,0.6153510212898254,0.7597958445549011,0.007830701768398285,0.604206383228302,0.7742462158203125,0.00809566956013441,0.6263332366943359,0.779620885848999,-0.004603144712746143,0.630224883556366,0.7787240147590637,0.0011119152186438441,0.621499240398407,0.792668879032135,0.0067121004685759544,0.6118155121803284,0.8039547801017761,0.01032509095966816
0.5480193495750427,0.8533822894096375,-2.4492240413565014e-07,0.537419319152832,0.7847533822059631,0.0038729864172637463,0.5463489294052124,0.7226967215538025,0.004547585733234882,0.5619302988052368,0.6742863655090332,0.004590407945215702,0.5709578394889832,0.6370276212692261,0.006253702566027641,0.5753121376037598,0.6781335473060608,0.002368273911997676,0.599206268787384,0.6644915342330933,0.0032409168779850006,0.5954551696777344,0.6869415044784546,0.005117315798997879,0.5840455293655396,0.7046109437942505,0.006918439641594887,0.5979701280593872,0.7016828060150146,-0.0006576075684279203,0.6125703454017639,0.6997589468955994,0.005793815944343805,0.6059193015098572,0.7216342687606812,0.008559913374483585,0.5953593850135803,0.737921416759491,0.00855262391269207,0.6161653399467468,0.734394371509552,-0.003033077111467719,0.625239372253418,0.7332971096038818,0.0026032067835330963,0.6174363493919373,0.7509104609489441,0.0067125107161700726,0.6059842109680176,0.7663553357124329,0.007141519337892532,0.6297711730003357,0.7688279747962952,-0.005304750055074692,0.6323788166046143,0.7703409194946289,-0.00030452542705461383,0.623884379863739,0.7860181331634521,0.0048769558779895306,0.61429762840271,0.7978556156158447,0.008309811353683472
0.5539282560348511,0.8543682098388672,-2.7116965384266223e-07,0.5426729917526245,0.7841681838035583,0.0038349712267518044,0.5534478425979614,0.7209793925285339,0.004782491363584995,0.5680703520774841,0.6711114645004272,0.005320446565747261,0.5714746713638306,0.6311013102531433,0.007121238857507706,0.5801820158958435,0.676767110824585,0.0017646258929744363,0.6029065251350403,0.6640896201133728,0.002448144368827343,0.5987748503684998,0.686024010181427,0.0036973694805055857,0.5878931879997253,0.7031223773956299,0.004832652397453785,0.6041868925094604,0.7003809213638306,-0.0012011710787191987,0.6164743304252625,0.6990839838981628,0.005850115790963173,0.6099783182144165,0.7201933264732361,0.00859623309224844,0.6004731059074402,0.7359189987182617,0.00808436144143343,0.6232634782791138,0.7331268191337585,-0.0034021472092717886,0.630060076713562,0.7322810292243958,0.0025725809391587973,0.6223271489143372,0.7499856352806091,0.006988222245126963,0.6115843057632446,0.7653087377548218,0.007217687554657459,0.637236475944519,0.7670013904571533,-0.005513917189091444,0.6379145383834839,0.7686131596565247,-0.000549002957995981,0.6299149990081787,0.7850654125213623,0.0048637185245752335,0.6213008165359497,0.7975964546203613,0.00827635545283556
0.5609630346298218,0.8599358201026917,-2.884226830701664e-07,0.5486812591552734,0.7893631458282471,0.004458731971681118,0.5591163635253906,0.7266172170639038,0.005975755397230387,0.5743433833122253,0.6768518090248108,0.007096614222973585,0.5780221819877625,0.6375554800033569,0.009581241756677628,0.5888418555259705,0.6815630197525024,0.0023713589180260897,0.6081485152244568,0.6672656536102295,0.004207144491374493,0.6035809516906738,0.6889002323150635,0.006386921275407076,0.5936397314071655,0.7059624195098877,0.00806191936135292,0.6124756336212158,0.705645740032196,-0.0005123255541548133,0.6225382685661316,0.7035630941390991,0.007428762037307024,0.6156455874443054,0.7245818376541138,0.010674170218408108,0.6064687967300415,0.7407151460647583,0.01052678469568491,0.6308493614196777,0.7383131384849548,-0.0024668972473591566,0.6357459425926208,0.7382925748825073,0.004225054755806923,0.6281023025512695,0.7551501989364624,0.008554191328585148,0.617655873298645,0.7701675891876221,0.008747163228690624,0.6438398957252502,0.7716156840324402,-0.004265378694981337,0.6441521048545837,0.7733463048934937,0.001461913576349616,0.6361844539642334,0.7889315485954285,0.007030193693935871,0.6275685429573059,0.8007506132125854,0.010550220496952534
0.5673009753227234,0.8670991659164429,-3.0653444582640077e-07,0.5565133690834045,0.796347439289093,0.003357612295076251,0.5680768489837646,0.7327086925506592,0.00442131282761693,0.5848751664161682,0.6835372447967529,0.005291256122291088,0.5888477563858032,0.6450830101966858,0.007440620567649603,0.6013780236244202,0.6892076730728149,0.0016518766060471535,0.6166855692863464,0.6832677125930786,0.003008706495165825,0.6107838749885559,0.7061204314231873,0.003914018161594868,0.601337194442749,0.7214668989181519,0.004255018662661314,0.6229681968688965,0.7156665921211243,-0.0013394460547715425,0.6308874487876892,0.7178624868392944,0.005368001293390989,0.6232090592384338,0.7380703687667847,0.0074366298504173756,0.6135855317115784,0.7535783648490906,0.0064937095157802105,0.6391465067863464,0.7503518462181091,-0.0034815585240721703,0.642540693283081,0.7542473077774048,0.0019054894801229239,0.6341239809989929,0.7697368264198303,0.005459715612232685,0.6234694719314575,0.7833248376846313,0.0053430721163749695,0.6502372026443481,0.7858337163925171,-0.005588940344750881,0.6512952446937561,0.7900329232215881,-0.0007866403902880847,0.6424569487571716,0.8042848110198975,0.004382709506899118,0.6338464021682739,0.8146352767944336,0.007654273882508278
0.5719527006149292,0.873771071434021,-2.801845937483449e-07,0.5641293525695801,0.8023520112037659,0.005087094381451607,0.5755802392959595,0.74757319688797,0.006100169848650694,0.5941767692565918,0.710648775100708,0.00622958829626441,0.6051889657974243,0.6854937076568604,0.00755151966586709,0.6126290559768677,0.7036511898040771,0.004015214275568724,0.6263960599899292,0.6952388286590576,0.006497243419289589,0.6217396259307861,0.7127897143363953,0.007662545889616013,0.6130555868148804,0.7270163297653198,0.007997660897672176,0.6329869031906128,0.7313981652259827,-0.00012455893738660961,0.6400773525238037,0.7312344908714294,0.007357538677752018,0.6331323981285095,0.748355507850647,0.009205786511301994,0.6239360570907593,0.7633165717124939,0.008221086114645004,0.6472972631454468,0.7673788070678711,-0.0033217493910342455,0.6502466201782227,0.766172468662262,0.0029549929313361645,0.6427249908447266,0.779909074306488,0.006134238559752703,0.6326337456703186,0.7935169339179993,0.0058013638481497765,0.6559382677078247,0.8052324652671814,-0.006407379638403654,0.6568161249160767,0.8020975589752197,-0.0010021645575761795,0.6487770676612854,0.8139348030090332,0.004416233394294977,0.6401251554489136,0.8252506852149963,0.007966883480548859
0.5733897089958191,0.8732221722602844,-2.8557693099173775e-07,0.5711880922317505,0.800708532333374,0.006110941991209984,0.5868822932243347,0.7494136095046997,0.007634098641574383,0.6067418456077576,0.7153515815734863,0.008047748357057571,0.6182085871696472,0.6926282048225403,0.009538189508020878,0.6250889897346497,0.7133453488349915,0.005217823665589094,0.639150083065033,0.7120994329452515,0.00807211920619011,0.6327624917030334,0.7291000485420227,0.009396600537002087,0.6230782270431519,0.7415558695793152,0.009670685045421124,0.6429776549339294,0.743988573551178,0.0006050185766071081,0.6499638557434082,0.7493090033531189,0.00839284062385559,0.6415582299232483,0.7648561000823975,0.010293396189808846,0.6315426826477051,0.7771730422973633,0.009146050550043583,0.6546404361724854,0.7821177244186401,-0.002958608791232109,0.6579311490058899,0.7832953333854675,0.0032007230911403894,0.6491571068763733,0.7958640456199646,0.006645116489380598,0.6380872130393982,0.806902289390564,0.0064522624015808105,0.6605416536331177,0.8215007781982422,-0.006310899276286364,0.6619037389755249,0.8196301460266113,-0.0010615891078487039,0.6530641317367554,0.8303305506706238,0.004580622538924217,0.6435008645057678,0.8393942713737488,0.008291392587125301
0.5741221904754639,0.8748562335968018,-2.5448869678257324e-07,0.5783500671386719,0.8001677393913269,0.007740406785160303,0.5986819863319397,0.7555366158485413,0.009413088671863079,0.6209824085235596,0.7358204126358032,0.009577568620443344,0.6346081495285034,0.7324438691139221,0.010527112521231174,0.6322984099388123,0.72422194480896,0.005520338658243418,0.6468396186828613,0.7205640077590942,0.008487645536661148,0.64019775390625,0.7388971447944641,0.009894290938973427,0.6304932832717896,0.751183807849884,0.010257016867399216,0.6492058038711548,0.7596854567527771,5.313591827871278e-05,0.6569728255271912,0.7582629323005676,0.007722107693552971,0.6483377814292908,0.7724484801292419,0.010073032230138779,0.637677013874054,0.7852189540863037,0.009586520493030548,0.6595872044563293,0.8005858659744263,-0.00420381547883153,0.6631193161010742,0.796176552772522,0.0028631752356886864,0.6537073850631714,0.8066626787185669,0.006901505868881941,0.6424077749252319,0.8174332976341248,0.007166801020503044,0.6637136340141296,0.8412735462188721,-0.0081911226734519,0.6648826003074646,0.8344727158546448,-0.0016058137407526374,0.6553047299385071,0.8426335453987122,0.00485271168872714,0.6456162929534912,0.8512511849403381,0.009005469270050526
0.571996808052063,0.8795416355133057,-2.4879312832126743e-07,0.5811583995819092,0.8065712451934814,0.011015953496098518,0.6030424237251282,0.7684288620948792,0.012680434621870518,0.626324474811554,0.7637982964515686,0.01195734553039074,0.6406537890434265,0.7758031487464905,0.011758790351450443,0.6335169076919556,0.7330653071403503,0.006050362251698971,0.6544159650802612,0.7446445226669312,0.00811121053993702,0.6470473408699036,0.767196774482727,0.009294033981859684,0.6346924304962158,0.7758621573448181,0.00952885951846838,0.6497249007225037,0.7697287797927856,-0.00161462661344558,0.6634337306022644,0.7809328436851501,0.005483297631144524,0.6546465158462524,0.7981809377670288,0.008234873414039612,0.6417922377586365,0.8073529005050659,0.008121143095195293,0.660163402557373,0.8128599524497986,-0.007891845889389515,0.6677602529525757,0.8234177231788635,-0.0004122359096072614,0.6570053696632385,0.8360165357589722,0.003954320680350065,0.6437269449234009,0.842302680015564,0.004253611899912357,0.6648371815681458,0.8569328784942627,-0.0137485321611166,0.6674720644950867,0.8655266165733337,-0.0064521669410169125,0.6555123329162598,0.8745725154876709,-0.00015284001710824668,0.6438350081443787,0.8779189586639404,0.0036009654868394136
0.5684304237365723,0.8816630840301514,-2.5394342628715094e-07,0.5806410312652588,0.812761127948761,0.011362102814018726,0.6038531064987183,0.7778279185295105,0.013151900842785835,0.6274656653404236,0.7732811570167542,0.012529931031167507,0.6416864991188049,0.7825407981872559,0.012523969635367393,0.6354017853736877,0.7454779744148254,0.00567925488576293,0.6566376090049744,0.761634111404419,0.007582411635667086,0.6484575271606445,0.7852308750152588,0.00932630617171526,0.6355000138282776,0.7924442291259766,0.009815647266805172,0.6501877903938293,0.7831119894981384,-0.0026820481289178133,0.665971040725708,0.8002198338508606,0.003131321631371975,0.6560425162315369,0.8185010552406311,0.005753859877586365,0.6422796845436096,0.8241257071495056,0.0057656909339129925,0.6589490175247192,0.8264607191085815,-0.009630433283746243,0.6688032746315002,0.8434191346168518,-0.0034177247434854507,0.6565685868263245,0.8557843565940857,0.0009648289997130632,0.6427794694900513,0.8571438789367676,0.0013406714424490929,0.6615809798240662,0.8706732988357544,-0.016079111024737358,0.6651067733764648,0.8859133124351501,-0.010030103847384453,0.6520798206329346,0.8934001922607422,-0.004348776303231716,0.6401473879814148,0.8912973999977112,-0.0010592597536742687
0.5653849840164185,0.8819725513458252,-2.373919727460816e-07,0.5795960426330566,0.8152394890785217,0.010187073610723019,0.6042160987854004,0.783473551273346,0.011732930317521095,0.6276504397392273,0.785318911075592,0.011033470742404461,0.6415972113609314,0.8012062907218933,0.010943356901407242,0.6369260549545288,0.7582657933235168,0.005271479953080416,0.6553789973258972,0.7705989480018616,0.00623383279889822,0.6467515230178833,0.7919231057167053,0.0071554831229150295,0.6344156265258789,0.7986710071563721,0.0071835946291685104,0.649994969367981,0.797427773475647,-0.0026423470117151737,0.6646813750267029,0.8107016682624817,0.0019919935148209333,0.654173731803894,0.8275793790817261,0.004116559401154518,0.6405646800994873,0.8325492739677429,0.0041105495765805244,0.6570703387260437,0.8411858081817627,-0.009365872479975224,0.6665348410606384,0.8565465807914734,-0.004258045461028814,0.6537156105041504,0.8674938678741455,-0.00028982869116589427,0.6402817368507385,0.8674924969673157,0.00012733551557175815,0.657614529132843,0.8852762579917908,-0.015707865357398987,0.6596220135688782,0.9010702967643738,-0.010849800892174244,0.6461045145988464,0.9064738750457764,-0.00592269841581583,0.6348090767860413,0.9022263288497925,-0.0029509912710636854
0.5614579916000366,0.8823544979095459,-2.1992087795297266e-07,0.5784849524497986,0.8167800903320312,0.013129298575222492,0.6040846109390259,0.7874769568443298,0.016118157655000687,0.626558780670166,0.7920019626617432,0.01656460016965866,0.6390880942344666,0.8113456964492798,0.017367048189044,0.634124219417572,0.7639264464378357,0.0058265686966478825,0.6571260690689087,0.783315896987915,0.008816052228212357,0.6484055519104004,0.8051261305809021,0.012153206393122673,0.6353325843811035,0.8098320364952087,0.013947310857474804,0.6456452012062073,0.8059149980545044,-0.002815036103129387,0.6645828485488892,0.8256446123123169,0.0044748419895768166,0.6537121534347534,0.8430399298667908,0.008887899108231068,0.6398056149482727,0.845844566822052,0.01004651840776205,0.6511537432670593,0.8527198433876038,-0.009849847294390202,0.6650110483169556,0.8729931116104126,-0.002426303457468748,0.651715874671936,0.8823169469833374,0.002584211528301239,0.637355387210846,0.8797001838684082,0.0031580522190779448,0.6501705646514893,0.8982428908348083,-0.016090573742985725,0.6538679599761963,0.9136115908622742,-0.009208543226122856,0.6403536200523376,0.9173999428749084,-0.0034335453528910875,0.6287583112716675,0.9119496941566467,-0.000352576986188069
0.5557957291603088,0.8844130039215088,-2.520997668398195e-07,0.5741058588027954,0.8184623122215271,0.014921966008841991,0.604870617389679,0.7889251708984375,0.019549285992980003,0.6324023008346558,0.7852974534034729,0.021413201466202736,0.6487535238265991,0.7917035818099976,0.023855799809098244,0.6316745281219482,0.7645191550254822,0.010060152970254421,0.6552261710166931,0.7884992361068726,0.01338532380759716,0.6451221704483032,0.8100191950798035,0.016447773203253746,0.6318729519844055,0.8134214878082275,0.018354086205363274,0.6420606374740601,0.8054878115653992,0.000956956937443465,0.6625387668609619,0.8286418318748474,0.008592754602432251,0.65058434009552,0.8452558517456055,0.012869039550423622,0.6363942623138428,0.846764326095581,0.014255198650062084,0.6476079225540161,0.8517000675201416,-0.006552753038704395,0.6623242497444153,0.8709623217582703,0.0009979408932849765,0.6482971906661987,0.8807883262634277,0.006682627368718386,0.6342471241950989,0.8788438439369202,0.008039837703108788,0.6472819447517395,0.8970644474029541,-0.013118887320160866,0.6537935137748718,0.9092077612876892,-0.004768731538206339,0.6392390727996826,0.9145389795303345,0.0027365731075406075,0.6278191208839417,0.9110066890716553,0.007043126970529556
0.5497859716415405,0.883651077747345,-2.622390979922784e-07,0.5690056085586548,0.8204573392868042,0.014371714554727077,0.600010097026825,0.7904983162879944,0.0179134588688612,0.6287541389465332,0.7846949100494385,0.018490782007575035,0.6466052532196045,0.7878170609474182,0.019839953631162643,0.6272335052490234,0.7651026844978333,0.00979918148368597,0.6520591974258423,0.7903947830200195,0.010694035328924656,0.6410160660743713,0.8122926950454712,0.011763869784772396,0.6273319125175476,0.8151570558547974,0.012501686811447144,0.6369869709014893,0.8045960664749146,4.2376486817374825e-05,0.6582885384559631,0.8287144303321838,0.005720960907638073,0.6457293629646301,0.8460921049118042,0.009324263781309128,0.6311644315719604,0.8474743366241455,0.010439034551382065,0.6420337557792664,0.8495355248451233,-0.008448646403849125,0.6562074422836304,0.8717069029808044,-0.0023671090602874756,0.6419057846069336,0.8825353980064392,0.0035575598012655973,0.627812385559082,0.8800274133682251,0.0053252410143613815,0.6416448354721069,0.894935131072998,-0.016165534034371376,0.6481716632843018,0.9088823795318604,-0.008686807937920094,0.6336541771888733,0.9144701957702637,-0.0011299176840111613,0.6222894787788391,0.9102544784545898,0.0033594751730561256
0.5441961288452148,0.8822947144508362,-2.5746845722096623e-07,0.5648186802864075,0.817655086517334,0.012849780730903149,0.5958127975463867,0.7871809005737305,0.015863128006458282,0.6246384382247925,0.781345546245575,0.016512200236320496,0.641785740852356,0.7852440476417542,0.018030613660812378,0.6222385168075562,0.7626527547836304,0.006905371323227882,0.6456027626991272,0.793467104434967,0.008702916093170643,0.6340878009796143,0.8121961355209351,0.010748527012765408,0.620579183101654,0.812903642654419,0.011801048181951046,0.6313040852546692,0.8039949536323547,-0.0019113339949399233,0.6514503955841064,0.8293105363845825,0.004353273659944534,0.6390511393547058,0.8436182141304016,0.008541777729988098,0.6247933506965637,0.8440753817558289,0.00973275676369667,0.6356490850448608,0.8499109745025635,-0.009286095388233662,0.6506999731063843,0.8702535629272461,-0.0028881325852125883,0.6367771625518799,0.8786707520484924,0.0034506297670304775,0.6225364208221436,0.875648021697998,0.005280677694827318,0.6344113945960999,0.8952991962432861,-0.015921853482723236,0.6410714387893677,0.9066674709320068,-0.008940799161791801,0.6270081400871277,0.9110139608383179,-0.0014181910082697868,0.6159319281578064,0.9067858457565308,0.0030949688516557217
0.5398547053337097,0.8830416202545166,-2.182569573960791e-07,0.5550512075424194,0.8191598057746887,0.01162473950535059,0.5813966989517212,0.7842718362808228,0.01430569589138031,0.6064948439598083,0.7772114276885986,0.014710946008563042,0.6197764277458191,0.7804391980171204,0.016005847603082657,0.6123069524765015,0.7529005408287048,0.007132653146982193,0.6374096870422363,0.780159592628479,0.00849862489849329,0.6277552247047424,0.8018120527267456,0.00973905622959137,0.6147753000259399,0.8052701354026794,0.010345042683184147,0.6238505840301514,0.7924293279647827,-0.0011625214247033,0.6445032358169556,0.8169910311698914,0.00415802514180541,0.6330506801605225,0.8337000608444214,0.007207539398223162,0.6189656257629395,0.8362885117530823,0.007976201362907887,0.6303263306617737,0.8375315070152283,-0.008254794403910637,0.6448200941085815,0.8582026958465576,-0.0021589116659015417,0.6316158175468445,0.8688290119171143,0.003058487782254815,0.6174023747444153,0.868661105632782,0.004357523750513792,0.6313478350639343,0.882616400718689,-0.014820135198533535,0.6373106837272644,0.89481121301651,-0.007993916980922222,0.6234844326972961,0.9006856679916382,-0.001363285700790584,0.61179518699646,0.899074375629425,0.0026489682495594025
0.5346143245697021,0.8756638169288635,-2.116868955681639e-07,0.5465671420097351,0.8133219480514526,0.00802861899137497,0.5694244503974915,0.7758487462997437,0.008741443045437336,0.5915759801864624,0.7619200348854065,0.007591141387820244,0.6018359065055847,0.758474588394165,0.007567789871245623,0.6037627458572388,0.7418108582496643,0.004719695542007685,0.6264752745628357,0.7624374628067017,0.0037796928081661463,0.6178323030471802,0.7853580117225647,0.0029080472886562347,0.6047933101654053,0.7913213968276978,0.0020119892433285713,0.6170225143432617,0.7796462178230286,-0.002882380271330476,0.6348924040794373,0.7986230254173279,-9.508390940027311e-05,0.624788224697113,0.8165988922119141,0.000903806125279516,0.6109327673912048,0.8207527995109558,0.00042034609941765666,0.6248306632041931,0.8230026364326477,-0.009710910730063915,0.6360922455787659,0.8427472710609436,-0.005755058489739895,0.6237162351608276,0.8549885153770447,-0.0016107521951198578,0.6100836396217346,0.8553983569145203,-0.0008468386949971318,0.6267215013504028,0.8677151799201965,-0.016478899866342545,0.6300811767578125,0.885569155216217,-0.01196853257715702,0.6166707277297974,0.8919198513031006,-0.006950571667402983,0.6049955487251282,0.8889007568359375,-0.0038271585945039988
0.5335611701011658,0.8682268261909485,-2.0694130853371462e-07,0.5423166155815125,0.7998944520950317,0.010326673276722431,0.5631535053253174,0.7597037553787231,0.012144198641180992,0.5856193900108337,0.7515323758125305,0.011701485142111778,0.5984435081481934,0.7597547173500061,0.012038860470056534,0.59568852186203,0.7265158295631409,0.0072624715976417065,0.617120623588562,0.7365459203720093,0.01006715651601553,0.6097870469093323,0.7593690156936646,0.011797926388680935,0.5980643630027771,0.7680636644363403,0.012472683563828468,0.6114827990531921,0.760786771774292,0.00013591947208624333,0.6259645819664001,0.772430419921875,0.007400980684906244,0.6163938641548157,0.7900257110595703,0.010098833590745926,0.6035021543502808,0.7969963550567627,0.010088988579809666,0.6217893958091736,0.8015487194061279,-0.005756000988185406,0.6295680999755859,0.8135278224945068,0.002642023144289851,0.6189537048339844,0.8262243866920471,0.006896383594721556,0.6060087084770203,0.8308002352714539,0.006863112095743418,0.626532793045044,0.8433268666267395,-0.011384977027773857,0.6286914348602295,0.8528478741645813,-0.003085070289671421,0.6166887879371643,0.8608881831169128,0.0030278395861387253,0.6050108075141907,0.862716555595398,0.006456044502556324
0.5330929160118103,0.8600159287452698,-2.1190422216932348e-07,0.5395491719245911,0.7853129506111145,0.00931468978524208,0.5603047609329224,0.7406777739524841,0.011205403134226799,0.583676278591156,0.7351080179214478,0.01105958130210638,0.5975010395050049,0.7487693428993225,0.01164467167109251,0.5912607908248901,0.7089942693710327,0.006960216909646988,0.6092329025268555,0.7150877714157104,0.009427886456251144,0.6023612022399902,0.7364740371704102,0.010599945671856403,0.5908849239349365,0.7467239499092102,0.010960439220070839,0.6082718372344971,0.744474470615387,0.0006956176948733628,0.6178967952728271,0.7512186765670776,0.007883207872509956,0.6091122031211853,0.7675433158874512,0.009911074303090572,0.5973759889602661,0.7780022621154785,0.00946244690567255,0.619482159614563,0.7857677340507507,-0.004388218279927969,0.6234328150749207,0.7913056015968323,0.003398750675842166,0.6138412356376648,0.8037778735160828,0.006934547331184149,0.6018639802932739,0.812341034412384,0.006807214580476284,0.6250355839729309,0.8272296786308289,-0.00921365525573492,0.6247029900550842,0.8306800723075867,-0.0015846817987039685,0.6137917041778564,0.8389010429382324,0.004357058554887772,0.6032326817512512,0.844074010848999,0.0080182533711195
0.5351530313491821,0.8574222326278687,-1.9804379292054364e-07,0.5349034070968628,0.7841720581054688,0.00820265430957079,0.5494697093963623,0.7359974980354309,0.008747710846364498,0.5715832710266113,0.7243659496307373,0.007430814206600189,0.5871893763542175,0.733622670173645,0.007051893509924412,0.5813437104225159,0.6901015043258667,0.004604068119078875,0.6006960272789001,0.6948378086090088,0.006291753146797419,0.5955313444137573,0.7190348505973816,0.007190372794866562,0.5849977135658264,0.7322723865509033,0.007323090452700853,0.6018204092979431,0.7210126519203186,-0.0014919402310624719,0.6112313866615295,0.7316434383392334,0.005031576845794916,0.603422999382019,0.7510911226272583,0.006809778045862913,0.5927775502204895,0.763725757598877,0.006115043070167303,0.6162217259407043,0.7607920169830322,-0.00647995388135314,0.6193466186523438,0.7722795009613037,0.0003096098662354052,0.6102696061134338,0.7872689962387085,0.0031649742741137743,0.5989426374435425,0.7978995442390442,0.002572792349383235,0.6252745985984802,0.8027901649475098,-0.011262787505984306,0.623964250087738,0.8143199682235718,-0.004936836659908295,0.6132799983024597,0.8257600665092468,-0.00010544931137701496,0.6028302311897278,0.8329371809959412,0.0029019988141953945
0.5403356552124023,0.8530004024505615,-2.2991457626631018e-07,0.5337197184562683,0.7820867300033569,0.00707892095670104,0.5457737445831299,0.7271068096160889,0.008673127740621567,0.5661259293556213,0.694919764995575,0.008972419425845146,0.5807003974914551,0.6782315969467163,0.01037672907114029,0.5801647901535034,0.6833722591400146,0.004247335717082024,0.5993629097938538,0.6785402297973633,0.006420925725251436,0.5954000949859619,0.6990118026733398,0.00827824603766203,0.5853897333145142,0.7137665748596191,0.009505272842943668,0.6016075611114502,0.7106730937957764,-0.0005956345121376216,0.6101630330085754,0.7173139452934265,0.007124014664441347,0.6024027466773987,0.7355011105537415,0.009573033079504967,0.5927020907402039,0.7485328912734985,0.009180343709886074,0.6165136098861694,0.7471010684967041,-0.004398707766085863,0.6182697415351868,0.7544037103652954,0.0026385814417153597,0.6096298694610596,0.7688581943511963,0.005720924586057663,0.5992698073387146,0.7804718613624573,0.0052129048854112625,0.6262279748916626,0.7850093841552734,-0.007961117662489414,0.624595582485199,0.7917430996894836,-0.001560618169605732,0.6150718927383423,0.8032131791114807,0.0035177874378859997,0.6052341461181641,0.8114057183265686,0.006730451714247465
0.545220136642456,0.8499654531478882,-2.456202139455854e-07,0.5361182689666748,0.7814418077468872,0.004977608099579811,0.546853244304657,0.723660945892334,0.006472166161984205,0.5640530586242676,0.6833208799362183,0.00718240300193429,0.5750994086265564,0.6548739075660706,0.00922449491918087,0.5807052254676819,0.6758382320404053,0.004260387737303972,0.5952880382537842,0.6665232181549072,0.0064138383604586124,0.5915714502334595,0.6857953071594238,0.008325064554810524,0.582995593547821,0.7018890976905823,0.009799583815038204,0.6026425361633301,0.7006446719169617,0.0008652110118418932,0.6090641021728516,0.7037597894668579,0.008340800181031227,0.6011983752250671,0.7229211330413818,0.010721703059971333,0.5922640562057495,0.7383723855018616,0.010510804131627083,0.6184966564178467,0.7353050112724304,-0.001725770183838904,0.619678795337677,0.7408416867256165,0.0043352763168513775,0.6110870838165283,0.7555643320083618,0.0070600248873233795,0.6010036468505859,0.7694164514541626,0.006742153316736221,0.6291768550872803,0.7716774344444275,-0.0041496953926980495,0.6268085241317749,0.7781127095222473,0.0015321290120482445,0.617732048034668,0.7907273173332214,0.006158637814223766,0.6086076498031616,0.8006675839424133,0.009281693957746029
0.5514589548110962,0.850954532623291,-2.579399449587072e-07,0.5399675369262695,0.7837375998497009,0.004699050914496183,0.550381064414978,0.7252217531204224,0.005759576801210642,0.5664460062980652,0.6818811297416687,0.006419888231903315,0.5754422545433044,0.6483423113822937,0.008261263370513916,0.5829982757568359,0.6735458970069885,0.0014829676365479827,0.598819375038147,0.663800835609436,0.0042410315945744514,0.594441294670105,0.6845753192901611,0.007024537306278944,0.5853103399276733,0.7007109522819519,0.009002214297652245,0.6062358617782593,0.6984179019927979,-0.0014856066554784775,0.6137686371803284,0.7000111937522888,0.006899728439748287,0.6058825850486755,0.7196871638298035,0.010081799700856209,0.5967328548431396,0.7359271049499512,0.010105093009769917,0.6232975125312805,0.7333805561065674,-0.003302354831248522,0.6243253946304321,0.7361494898796082,0.0037624493706971407,0.6154156923294067,0.7517274022102356,0.007366713136434555,0.605322539806366,0.7668336629867554,0.007185135968029499,0.6348591446876526,0.7690310478210449,-0.00490858219563961,0.631828784942627,0.772081196308136,0.0012667715782299638,0.6224207282066345,0.7863562107086182,0.0065563456155359745,0.6135436296463013,0.7981211543083191,0.009934362024068832
0.5578632950782776,0.8516793251037598,-2.522252202652453e-07,0.5482053756713867,0.7807199358940125,0.0033984757028520107,0.5600304007530212,0.7240606546401978,0.0034436890855431557,0.5758658647537231,0.6810942888259888,0.0031526205129921436,0.5823826789855957,0.6453449726104736,0.004128536209464073,0.591803789138794,0.6778919696807861,0.0008863124530762434,0.6051739454269409,0.6653309464454651,0.0022041532211005688,0.6007750034332275,0.6866429448127747,0.003597157308831811,0.5925136804580688,0.7034096717834473,0.004632900003343821,0.6141185164451599,0.704162061214447,-0.00207093870267272,0.6216467022895813,0.7003455758094788,0.004731476306915283,0.6140192151069641,0.7202481627464294,0.007255942560732365,0.604640781879425,0.7372906804084778,0.006985978223383427,0.6303245425224304,0.7392092347145081,-0.004124473314732313,0.6323814392089844,0.7380746006965637,0.0018165193032473326,0.6240369081497192,0.7534923553466797,0.005693286657333374,0.613985538482666,0.7688310146331787,0.005903171841055155,0.6408845782279968,0.7750360369682312,-0.006128891836851835,0.6394459009170532,0.7747344374656677,-0.0006443083984777331,0.6309398412704468,0.7882723808288574,0.0050340979360044,0.622510552406311,0.8000616431236267,0.008775615133345127
0.5658522248268127,0.8581525683403015,-2.645587358074408e-07,0.5565999746322632,0.7874075770378113,0.0029575759544968605,0.568246603012085,0.7314381003379822,0.003208310343325138,0.5854236483573914,0.6916079521179199,0.003220063168555498,0.5936797857284546,0.660204291343689,0.00438560638576746,0.6034899353981018,0.6880931854248047,0.0003117615997325629,0.6111807227134705,0.6722288131713867,0.0018044138560071588,0.605919361114502,0.6920761466026306,0.002993993228301406,0.5989199876785278,0.7089294195175171,0.0037464566994458437,0.6253278851509094,0.716173529624939,-0.0021710277069360018,0.6284464001655579,0.7089918851852417,0.004171848762780428,0.6203047633171082,0.7268127799034119,0.006221970543265343,0.6118646860122681,0.7441129088401794,0.0057327477261424065,0.6400914192199707,0.75212162733078,-0.003694380633533001,0.6385881304740906,0.749670684337616,0.001780973863787949,0.629859209060669,0.7620905637741089,0.004800962749868631,0.620140016078949,0.7765296101570129,0.00454248022288084,0.6488714218139648,0.7880047559738159,-0.005165059119462967,0.6453492641448975,0.7877105474472046,-0.0002738548500929028,0.6366095542907715,0.7985166311264038,0.004581756424158812,0.6285965442657471,0.8089509010314941,0.007771625649183989
0.5722792148590088,0.8667398691177368,-2.579292868176708e-07,0.5637717247009277,0.7995890378952026,0.0027736611664295197,0.5740092992782593,0.7493299245834351,0.0026212127413600683,0.5930847525596619,0.7198933959007263,0.0020395368337631226,0.6055550575256348,0.7030329704284668,0.002534786704927683,0.6166219115257263,0.7033597230911255,0.0010767371859401464,0.6227982044219971,0.6877541542053223,0.0035240903962403536,0.6169078946113586,0.7035031318664551,0.004541488830000162,0.6104190945625305,0.7194937467575073,0.004668002016842365,0.6370422840118408,0.7342257499694824,-0.0018604351207613945,0.6380399465560913,0.7257557511329651,0.005123102571815252,0.629664957523346,0.7394297122955322,0.006858076900243759,0.6212437152862549,0.7554541826248169,0.005946142598986626,0.649496853351593,0.7719910144805908,-0.00392015790566802,0.6476640701293945,0.7662672400474548,0.0017929545138031244,0.638617217540741,0.7753844857215881,0.004060617182403803,0.6289211511611938,0.7886415719985962,0.0033045876771211624,0.655419647693634,0.8095118403434753,-0.00599097041413188,0.6526021957397461,0.8055899143218994,-0.0013295445824041963,0.6440809369087219,0.8122003078460693,0.0029368028044700623,0.635999321937561,0.8215586543083191,0.005728471092879772
0.5758101344108582,0.869959831237793,-2.4985939717225847e-07,0.5735222697257996,0.8003938794136047,0.005497085861861706,0.5881702899932861,0.7529038190841675,0.006183928344398737,0.6091127395629883,0.7294814586639404,0.005835273768752813,0.6228646039962769,0.7203817963600159,0.0064036110416054726,0.6254929900169373,0.7146303653717041,0.002640030812472105,0.63808673620224,0.707924485206604,0.004549028351902962,0.6336463689804077,0.7254856824874878,0.005574241746217012,0.6257539391517639,0.7391393184661865,0.005891064181923866,0.6438086032867432,0.7475336194038391,-0.001836140756495297,0.6505317091941833,0.747485339641571,0.0049959393218159676,0.6424713134765625,0.7621442079544067,0.007027745712548494,0.6325058937072754,0.7750291228294373,0.006403841078281403,0.6552013754844666,0.7872096300125122,-0.005322697106748819,0.657168447971344,0.7873599529266357,0.0004967553541064262,0.6481829881668091,0.7973108887672424,0.003287616651505232,0.637300431728363,0.8074528574943542,0.00291152554564178,0.6602241396903992,0.8266693949699402,-0.008643719367682934,0.6596977114677429,0.8259792327880859,-0.003302171127870679,0.6508547067642212,0.8334653377532959,0.0016996628837659955,0.641644299030304,0.8407374620437622,0.00493652606382966
0.5757261514663696,0.8760292530059814,-2.403188545940793e-07,0.5768676996231079,0.8051440715789795,0.007259948179125786,0.5946866273880005,0.7608497738838196,0.008327984251081944,0.6177035570144653,0.7473118305206299,0.00793456844985485,0.6326239705085754,0.7515348196029663,0.008264861069619656,0.6293708682060242,0.7256116271018982,0.0031347395852208138,0.647113561630249,0.7218124270439148,0.0052808248437941074,0.6422178745269775,0.7397234439849854,0.006555737927556038,0.6327851414680481,0.751967191696167,0.006972765550017357,0.6474965214729309,0.7602025270462036,-0.0022447886876761913,0.6560041904449463,0.762554943561554,0.005178216379135847,0.6479737758636475,0.777180016040802,0.007676597684621811,0.6377621293067932,0.7888617515563965,0.00719648040831089,0.6584490537643433,0.8012096285820007,-0.0064755952917039394,0.6600275039672852,0.8025252819061279,0.0006864429451525211,0.6507139205932617,0.8131778836250305,0.004288828000426292,0.6399313807487488,0.822395920753479,0.004066853318363428,0.6632311940193176,0.8415521383285522,-0.01051041204482317,0.6622040271759033,0.8411508798599243,-0.003668040968477726,0.6527618765830994,0.8485236167907715,0.002137803705409169,0.6435065269470215,0.8545267581939697,0.005577028263360262
0.5695828795433044,0.8722726702690125,-2.4550050170546456e-07,0.5794052481651306,0.8048189878463745,0.008608059957623482,0.6010230183601379,0.7693282961845398,0.009829395450651646,0.6245487928390503,0.7662963271141052,0.008773818612098694,0.6392831802368164,0.7776811718940735,0.008415048010647297,0.6365261077880859,0.7376019358634949,0.006379813887178898,0.6560491919517517,0.7462432384490967,0.006782496348023415,0.6510766744613647,0.7672961354255676,0.006545939948409796,0.6406030058860779,0.7779640555381775,0.006001522298902273,0.6509422063827515,0.7747009992599487,-0.0006636501639150083,0.6633782386779785,0.786536455154419,0.004563676659017801,0.6550018191337585,0.8025761842727661,0.006049849558621645,0.6426249742507935,0.8102671504020691,0.0054322523064911366,0.6586360335350037,0.8173710107803345,-0.006920486222952604,0.6639752388000488,0.8296599388122559,-0.0017454095650464296,0.6537198424339294,0.8394206762313843,0.0008579405839554965,0.6410768628120422,0.8423686623573303,0.0005679472233168781,0.6603449583053589,0.8607735633850098,-0.012958076782524586,0.6604702472686768,0.8716970682144165,-0.007904954254627228,0.6496725082397461,0.8761138319969177,-0.0036362833343446255,0.6385299563407898,0.8748794794082642,-0.0010267541510984302
0.5645697116851807,0.8722943067550659,-2.1365592317579285e-07,0.5791544914245605,0.8050991892814636,0.010522735305130482,0.6039658784866333,0.7747079133987427,0.012685132212936878,0.6270142793655396,0.7775159478187561,0.012606141157448292,0.640325665473938,0.7926754951477051,0.01320753525942564,0.6342108845710754,0.7440780997276306,0.006510382052510977,0.6554105281829834,0.7623133659362793,0.009012831375002861,0.6495142579078674,0.7827010154724121,0.011129789054393768,0.6379504203796387,0.7894108295440674,0.011895870789885521,0.6477092504501343,0.78345787525177,-0.0010624261340126395,0.6634581089019775,0.7966859936714172,0.0051981681026518345,0.6548977494239807,0.8123998641967773,0.0077467868104577065,0.6418549418449402,0.8183332681655884,0.007866457104682922,0.6547097563743591,0.82867431640625,-0.007343944627791643,0.6641322374343872,0.8389872908592224,-0.0005538774421438575,0.6531496644020081,0.8489939570426941,0.003185619367286563,0.6400555968284607,0.850692093372345,0.0032386668026447296,0.6550437808036804,0.8748325705528259,-0.01313619315624237,0.6558288931846619,0.8842291235923767,-0.006711031775921583,0.6450322270393372,0.8884632587432861,-0.0016521061770617962,0.6345521211624146,0.8863104581832886,0.0012415795354172587
0.5609337687492371,0.8709244728088379,-2.2010230793512164e-07,0.5742883086204529,0.8058308959007263,0.013516325503587723,0.5990147590637207,0.7764392495155334,0.017144739627838135,0.6218545436859131,0.7789251208305359,0.018041176721453667,0.6351577043533325,0.7943373322486877,0.01932891458272934,0.6321078538894653,0.748281717300415,0.01053761225193739,0.6516810059547424,0.7637132406234741,0.015399402007460594,0.6452335715293884,0.784035861492157,0.019136542454361916,0.6344386339187622,0.790520966053009,0.021007834002375603,0.6451748609542847,0.7851042747497559,0.0023538905661553144,0.6600457429885864,0.7989635467529297,0.011129732243716717,0.6504846811294556,0.8155786395072937,0.014756262302398682,0.637712299823761,0.8213505744934082,0.015305877663195133,0.6519961357116699,0.8275686502456665,-0.004281728528439999,0.6597784161567688,0.8406808972358704,0.004693377297371626,0.6479294300079346,0.8524009585380554,0.008784539997577667,0.6349851489067078,0.8543961644172668,0.008601771667599678,0.6528673768043518,0.8699609637260437,-0.010211295448243618,0.6539573669433594,0.8808590173721313,-0.001495571807026863,0.6419991850852966,0.8868073225021362,0.004325313493609428,0.6310620903968811,0.8847177624702454,0.007323044817894697
0.55774986743927,0.8652419447898865,-2.0838207603901537e-07,0.5698162913322449,0.8016933798789978,0.012982076965272427,0.5928007960319519,0.7722377777099609,0.016203952953219414,0.6155136823654175,0.773017942905426,0.016710447147488594,0.6284463405609131,0.7844011187553406,0.017722757533192635,0.6285757422447205,0.7437936663627625,0.010446345433592796,0.6481236219406128,0.7608282566070557,0.014676613733172417,0.6415607929229736,0.7808316349983215,0.017672931775450706,0.6306434273719788,0.7868441343307495,0.019132215529680252,0.6410341262817383,0.7806500196456909,0.0021047662012279034,0.6563323140144348,0.7949730753898621,0.010235696099698544,0.647466242313385,0.8105660080909729,0.013442328199744225,0.6348782777786255,0.816114068031311,0.013741010800004005,0.6472362875938416,0.8223637938499451,-0.004827331751585007,0.6562612056732178,0.8341493010520935,0.0031648692674934864,0.6449338793754578,0.8457552194595337,0.0073018865659832954,0.6320891976356506,0.8486141562461853,0.007402089424431324,0.6476225256919861,0.8642454743385315,-0.01110699400305748,0.6503426432609558,0.8735178112983704,-0.003285373793914914,0.6386224031448364,0.879443883895874,0.0026881988160312176,0.6276531219482422,0.8786537051200867,0.0059844721108675
0.5538694858551025,0.8505319356918335,-1.8579952154595958e-07,0.5668840408325195,0.7894139289855957,0.011876195669174194,0.589118480682373,0.7582765221595764,0.014004606753587723,0.6100363731384277,0.758414626121521,0.013536113314330578,0.6215917468070984,0.7718474864959717,0.013594587333500385,0.6240408420562744,0.7310633063316345,0.007404100615531206,0.6446720361709595,0.7555307149887085,0.009996882639825344,0.6371728181838989,0.7751246094703674,0.01157958060503006,0.6255767345428467,0.7789118885993958,0.01199937891215086,0.6354705095291138,0.7690667510032654,-0.0010335269616916776,0.652485728263855,0.7883249521255493,0.0057935877703130245,0.6431849598884583,0.8032156825065613,0.008640503510832787,0.6298574805259705,0.8062497973442078,0.008731743320822716,0.6411565542221069,0.8118078708648682,-0.008115921169519424,0.6521932482719421,0.8289240002632141,-0.0004856162122450769,0.6405393481254578,0.839285671710968,0.003934950102120638,0.6271002888679504,0.839926540851593,0.004127528052777052,0.6407073140144348,0.8544694185256958,-0.014708168804645538,0.6428530812263489,0.867315411567688,-0.007114427629858255,0.6309046149253845,0.8720489740371704,-0.001261867699213326,0.6197525262832642,0.8700454235076904,0.0018820876721292734
0.5516773462295532,0.8393518328666687,-1.6798210822344117e-07,0.5650886297225952,0.7739802598953247,0.009078877978026867,0.588336706161499,0.741104245185852,0.009686167351901531,0.611030101776123,0.7443162798881531,0.008357901126146317,0.6236770153045654,0.764345109462738,0.007761917542666197,0.6188347339630127,0.7151008248329163,0.0033366403076797724,0.6406784653663635,0.7423285245895386,0.004277899395674467,0.6319361329078674,0.7607969045639038,0.004983433987945318,0.6195071339607239,0.7636125087738037,0.004979618825018406,0.6299910545349121,0.753943920135498,-0.0037592381704598665,0.6469923257827759,0.7742058038711548,0.0016016449080780149,0.6374422311782837,0.7875252962112427,0.00433461694046855,0.6243535876274109,0.7903607487678528,0.004573690239340067,0.6356832385063171,0.7974674105644226,-0.00964729581028223,0.6474408507347107,0.8134480714797974,-0.003307330422103405,0.6363590359687805,0.8223446011543274,0.0014517103554680943,0.6230762600898743,0.8230640292167664,0.0023297860752791166,0.6356882452964783,0.8405389189720154,-0.015192100778222084,0.639106273651123,0.849763035774231,-0.00860737543553114,0.6280404329299927,0.8542130589485168,-0.0024638085160404444,0.6174350380897522,0.853155255317688,0.0012623404618352652
0.5479395985603333,0.8347705006599426,-1.8276440982845088e-07,0.5552462339401245,0.7644362449645996,0.008234189823269844,0.5779775977134705,0.726291298866272,0.009512384422123432,0.6030195355415344,0.7267754077911377,0.009347792714834213,0.6179497838020325,0.744548499584198,0.009967013262212276,0.610725462436676,0.6979902386665344,0.00383340404368937,0.6298367977142334,0.714345395565033,0.0063669015653431416,0.6226240396499634,0.7332233190536499,0.008219186216592789,0.6115378737449646,0.739977240562439,0.008959280326962471,0.6249393820762634,0.7369391322135925,-0.0020263518672436476,0.6383412480354309,0.7487417459487915,0.004965497180819511,0.6294666528701782,0.7621899843215942,0.008177324198186398,0.6174666881561279,0.7687938213348389,0.008611212484538555,0.633033275604248,0.7809866666793823,-0.006631166208535433,0.6413266062736511,0.7889435291290283,0.0006878998829051852,0.6310880780220032,0.7983468770980835,0.0051789553835988045,0.6184613704681396,0.8030684590339661,0.005826267879456282,0.6349666714668274,0.824680745601654,-0.010931786149740219,0.6364619731903076,0.8286480903625488,-0.0036232462152838707,0.6261252164840698,0.8336533308029175,0.002555472543463111,0.6159884929656982,0.8353655338287354,0.006367701105773449
0.5474668741226196,0.8345735669136047,-1.847200366000834e-07,0.548785924911499,0.7643141150474548,0.006340439431369305,0.5679970383644104,0.7181240320205688,0.007393393199890852,0.5926631689071655,0.7122880220413208,0.007015401031821966,0.6075644493103027,0.7265834808349609,0.0076410286128520966,0.6035380363464355,0.6829061508178711,0.0060270000249147415,0.6225689053535461,0.6924654841423035,0.007794145494699478,0.6162964701652527,0.7111575603485107,0.00777069479227066,0.6056079864501953,0.7199926972389221,0.007221673149615526,0.6201719045639038,0.718137800693512,0.0009690287406556308,0.6305400729179382,0.7255221605300903,0.007447137497365475,0.622316837310791,0.7395262122154236,0.009049950167536736,0.611021876335144,0.7493306994438171,0.008483491837978363,0.6305962800979614,0.758979856967926,-0.0033528620842844248,0.6357048749923706,0.7624266147613525,0.003214447759091854,0.6265384554862976,0.7732344269752502,0.0063858660869300365,0.6146226525306702,0.7821249961853027,0.006445206701755524,0.6355041265487671,0.800277590751648,-0.007672228384763002,0.6356489062309265,0.8001461625099182,-0.001519617740996182,0.6254522204399109,0.8074557185173035,0.003750080708414316,0.6151872873306274,0.813959002494812,0.007274257950484753
0.5499709844589233,0.8323661088943481,-2.0542884726637567e-07,0.546455442905426,0.7610438466072083,0.008174408227205276,0.5618487000465393,0.709880530834198,0.010445198975503445,0.5836995244026184,0.6940351724624634,0.010806823149323463,0.5983889102935791,0.6992389559745789,0.011891613714396954,0.5947916507720947,0.6704325079917908,0.007717380300164223,0.6127408742904663,0.6680158376693726,0.00988084077835083,0.6085100769996643,0.6880711913108826,0.010360094718635082,0.599321722984314,0.7012532353401184,0.010361550375819206,0.6146754622459412,0.7002023458480835,0.0020741617772728205,0.6241371631622314,0.7007858157157898,0.009066817350685596,0.6168515682220459,0.7166768312454224,0.010663891211152077,0.6067403554916382,0.7300089001655579,0.010060571134090424,0.6283516883850098,0.7370526790618896,-0.002672299277037382,0.6314789056777954,0.736447274684906,0.004385446663945913,0.6232107877731323,0.7491096258163452,0.007194384932518005,0.6127368807792664,0.7613566517829895,0.0067799207754433155,0.6365901231765747,0.7748510241508484,-0.007231684867292643,0.6349730491638184,0.7730493545532227,-0.00045039510587230325,0.625670850276947,0.7823241353034973,0.004883411340415478,0.6165613532066345,0.7915284633636475,0.008244923315942287
0.5551032423973083,0.8300267457962036,-2.2654478470940376e-07,0.547968864440918,0.7624073028564453,0.006221048068255186,0.5582431554794312,0.7073330879211426,0.007822049781680107,0.5760915279388428,0.6746604442596436,0.00800003670156002,0.5888304710388184,0.6598262190818787,0.009111224673688412,0.5925092697143555,0.6632730960845947,0.004809994716197252,0.6063475608825684,0.6501813530921936,0.006065575405955315,0.6018611192703247,0.670127272605896,0.006507345009595156,0.5933985710144043,0.6867572665214539,0.006914008408784866,0.6131836771965027,0.6905430555343628,0.00012955060810782015,0.6216206550598145,0.6840987205505371,0.006540401838719845,0.6138807535171509,0.7004410028457642,0.008556048385798931,0.6041246056556702,0.7166106104850769,0.008520467206835747,0.6274866461753845,0.726145327091217,-0.0037500045727938414,0.6297228336334229,0.7229846119880676,0.0023207811173051596,0.6211398839950562,0.7356857657432556,0.005179524887353182,0.611131489276886,0.7501398921012878,0.005078981164842844,0.636431872844696,0.7631022334098816,-0.0074934279546141624,0.6343968510627747,0.7611528038978577,-0.0016078614862635732,0.6251949071884155,0.7710549235343933,0.003464199136942625,0.616506814956665,0.7816613912582397,0.006843168754130602
0.5603866577148438,0.8293916583061218,-2.2945815203456732e-07,0.5498789548873901,0.7642368078231812,0.00481462012976408,0.5601513385772705,0.7059476375579834,0.006713150069117546,0.5761992931365967,0.6630346179008484,0.007983962073922157,0.5853886604309082,0.6321198344230652,0.010404285974800587,0.5913583040237427,0.6610578298568726,0.0031200433149933815,0.6080034375190735,0.6448541879653931,0.004898131359368563,0.6042948961257935,0.6640756726264954,0.0072837346233427525,0.5950425863265991,0.6810967326164246,0.009669668972492218,0.6127257943153381,0.6886481642723083,0.0005680911126546562,0.6236462593078613,0.6802263259887695,0.00792405754327774,0.6157879829406738,0.6993951201438904,0.01166914589703083,0.6061577200889587,0.7160392999649048,0.01288357749581337,0.6281287670135498,0.7244338393211365,-0.0011483345879241824,0.6333657503128052,0.7179056406021118,0.00509246252477169,0.6244361996650696,0.7323063611984253,0.008860238827764988,0.6140487790107727,0.7474908232688904,0.009479434229433537,0.6382835507392883,0.7600858211517334,-0.002527395961806178,0.6368843913078308,0.7562046647071838,0.0036421618424355984,0.627708911895752,0.7677198648452759,0.00910090934485197,0.6193084716796875,0.7785878777503967,0.012735175900161266
0.5655417442321777,0.8369848132133484,-2.4516097596460895e-07,0.554234504699707,0.7701680064201355,0.004292364697903395,0.5653079748153687,0.7123333215713501,0.005325842648744583,0.5810928344726562,0.669086754322052,0.005846362095326185,0.5882116556167603,0.6341382265090942,0.007480238098651171,0.5932833552360535,0.6658773422241211,0.0006405488820746541,0.6110208034515381,0.6455590128898621,0.0006417087861336768,0.6068352460861206,0.6679053902626038,0.0011572081129997969,0.5984382629394531,0.6851005554199219,0.0021115439012646675,0.6153560280799866,0.6928686499595642,-0.002218807814642787,0.6278294324874878,0.682138204574585,0.004459429532289505,0.620512843132019,0.7020259499549866,0.007984664291143417,0.6110963821411133,0.7185572385787964,0.008725062943994999,0.6317777633666992,0.7283381223678589,-0.00431625172495842,0.6369701027870178,0.7233962416648865,0.0021515286061912775,0.6285406351089478,0.7380723357200623,0.00607416732236743,0.6185788512229919,0.7525222897529602,0.006315248087048531,0.643160343170166,0.7644157409667969,-0.00623717624694109,0.6409001350402832,0.7628400921821594,0.00026043030084110796,0.6316971778869629,0.774324357509613,0.005663984455168247,0.6234626173973083,0.7843679189682007,0.00890983734279871
0.5698320865631104,0.8472210764884949,-2.7471031671666424e-07,0.560085654258728,0.7766466736793518,0.005324056372046471,0.5715672969818115,0.7214927077293396,0.006008029915392399,0.5898999571800232,0.6856260895729065,0.006209717597812414,0.6017944812774658,0.663835883140564,0.007337004411965609,0.6042337417602539,0.6748289465904236,-0.0020062499679625034,0.6205042004585266,0.6562196016311646,-0.00034876124118454754,0.6144725680351257,0.6781225204467773,0.0011254111304879189,0.6050894856452942,0.69367915391922,0.002130444860085845,0.6256159543991089,0.7060436606407166,-0.005511696916073561,0.6356403231620789,0.6942229866981506,0.003010308602824807,0.6280081272125244,0.7112177014350891,0.007145218551158905,0.6181910037994385,0.7269566059112549,0.007443878799676895,0.6400703191757202,0.7453411221504211,-0.007660762406885624,0.6429423093795776,0.7367879152297974,0.00031495734583586454,0.634674072265625,0.748806357383728,0.0046967193484306335,0.624865710735321,0.762922465801239,0.004615426529198885,0.6484079957008362,0.7830688953399658,-0.00947585329413414,0.646449863910675,0.7744051814079285,-0.001915395725518465,0.6375371813774109,0.7838371396064758,0.0046302261762320995,0.6293004751205444,0.7949985861778259,0.00825627613812685
0.5706241130828857,0.8602563142776489,-2.876188602840557e-07,0.5632154941558838,0.7868553996086121,0.004112747497856617,0.5759819149971008,0.732151985168457,0.004350123926997185,0.5962990522384644,0.7000458836555481,0.003933845087885857,0.6099416613578796,0.6819648146629333,0.004494431894272566,0.6148123145103455,0.6918390989303589,-0.0006702037644572556,0.626052975654602,0.6722367405891418,0.000248356576776132,0.6179697513580322,0.6915671825408936,0.00026363637880422175,0.6097016930580139,0.7077710628509521,-5.6711498473305255e-05,0.6348469257354736,0.7255415320396423,-0.004549278877675533,0.6408057808876038,0.7103748321533203,0.002149201463907957,0.6314734816551208,0.7239843010902405,0.004728504456579685,0.6217573285102844,0.7406293749809265,0.004353207070380449,0.6470285654067993,0.7654151320457458,-0.007410330697894096,0.6465654373168945,0.7536392211914062,-0.0012923335889354348,0.636802613735199,0.763810932636261,0.002441695425659418,0.6271005868911743,0.777992308139801,0.0024582066107541323,0.6529849767684937,0.8039750456809998,-0.01017217431217432,0.6494770050048828,0.7929980754852295,-0.004400973208248615,0.6398888230323792,0.8002221584320068,0.0015432373620569706,0.6319044232368469,0.8110764622688293,0.005190225783735514
0.567811906337738,0.8712427616119385,-2.95794734483934e-07,0.5639816522598267,0.7980626225471497,0.006618968211114407,0.5778512954711914,0.746540904045105,0.008116379380226135,0.5985784530639648,0.7223159074783325,0.00839956570416689,0.6135679483413696,0.7162853479385376,0.009307030588388443,0.6198253631591797,0.7093192338943481,0.0021926001645624638,0.6304380893707275,0.6943737864494324,0.004973771516233683,0.6225655674934387,0.7106685042381287,0.006064740940928459,0.6145473718643188,0.7249971032142639,0.006113263312727213,0.6383889317512512,0.7451454401016235,-0.002668298315256834,0.6434410810470581,0.7348321080207825,0.005544877145439386,0.6338037252426147,0.7463381886482239,0.008714916184544563,0.6235588192939758,0.7609601616859436,0.008444895036518574,0.6487315893173218,0.786763608455658,-0.006315919570624828,0.6476643085479736,0.7778038382530212,0.001047514728270471,0.6375837326049805,0.7861864566802979,0.004646490793675184,0.6274875402450562,0.7984182834625244,0.0042696730233728886,0.6526828408241272,0.8261339664459229,-0.009729621931910515,0.6501010656356812,0.8165776133537292,-0.003484352258965373,0.6402724385261536,0.8221322298049927,0.002118524629622698,0.6315931081771851,0.831368625164032,0.00534982280805707
0.5657699108123779,0.8792973756790161,-3.020469705461437e-07,0.5615896582603455,0.810015082359314,0.006384937558323145,0.5746093988418579,0.7607809901237488,0.00788936298340559,0.5944325923919678,0.7368006110191345,0.008329854346811771,0.6074222922325134,0.7305831909179688,0.009306671097874641,0.6182349920272827,0.7219698429107666,0.001278707874007523,0.6280449628829956,0.7097145915031433,0.004736242815852165,0.6204869747161865,0.7242291569709778,0.006525794044137001,0.6120372414588928,0.739152729511261,0.006991374772042036,0.6370527148246765,0.7587852478027344,-0.0032011009752750397,0.6366266012191772,0.7510194182395935,0.005455293692648411,0.627169132232666,0.7613949179649353,0.008460568264126778,0.6179725527763367,0.776039719581604,0.007795228157192469,0.6469411253929138,0.8010820150375366,-0.006331775803118944,0.642798900604248,0.791764497756958,0.0008528121979907155,0.6330286264419556,0.8001336455345154,0.004067213740199804,0.6232187747955322,0.8131929636001587,0.0032816261518746614,0.6509673595428467,0.8403103947639465,-0.009168404154479504,0.6462127566337585,0.831114649772644,-0.0034652184695005417,0.6368933916091919,0.836947500705719,0.0016757508274167776,0.6284230351448059,0.8462793827056885,0.004604425746947527
0.563876211643219,0.8903830051422119,-3.027416823897511e-07,0.5575650334358215,0.8199030160903931,0.004773772321641445,0.5702769160270691,0.7666979432106018,0.006016565021127462,0.5917732119560242,0.7383961081504822,0.006834226194769144,0.6073858737945557,0.7322582602500916,0.008339321240782738,0.6174253821372986,0.7333483695983887,-0.00033641900517977774,0.6211742162704468,0.7210479974746704,0.004247709177434444,0.6132177710533142,0.7367959022521973,0.006977086421102285,0.605836033821106,0.7529406547546387,0.007749160751700401,0.6360713839530945,0.768892765045166,-0.003792267292737961,0.631719708442688,0.759189784526825,0.0052163186483085155,0.6223833560943604,0.7697388529777527,0.007970080710947514,0.6141415238380432,0.7848587036132812,0.007009549997746944,0.6456053256988525,0.810170590877533,-0.0056988149881362915,0.6389592289924622,0.7988569140434265,0.0014038720401003957,0.6296915411949158,0.8076732158660889,0.004324485082179308,0.6203147172927856,0.8213575482368469,0.003317911410704255,0.6489617824554443,0.848681628704071,-0.007372889667749405,0.6434705853462219,0.8382782340049744,-0.0021328837610781193,0.6346178650856018,0.8448946475982666,0.0027547432109713554,0.6264030337333679,0.8545712828636169,0.005612209904938936
0.5635983347892761,0.8931737542152405,-2.7810619940282777e-07,0.5557112097740173,0.8255029916763306,0.003544438164681196,0.5673260688781738,0.7703233957290649,0.00424818554893136,0.5896733403205872,0.7450738549232483,0.004738617688417435,0.6057227253913879,0.742028534412384,0.005862810183316469,0.6142503023147583,0.7347577810287476,-0.0006626758840866387,0.6188153028488159,0.7284214496612549,0.0028472954872995615,0.6114638447761536,0.744385838508606,0.0043507106602191925,0.6040292978286743,0.7584198713302612,0.004288297146558762,0.633552074432373,0.7698310017585754,-0.0037324358709156513,0.6300020217895508,0.7669165134429932,0.004462793469429016,0.6205291748046875,0.7789807319641113,0.006646575406193733,0.6120870113372803,0.7936227917671204,0.005555219482630491,0.6438946723937988,0.8108835220336914,-0.005507488735020161,0.637923002243042,0.8055548667907715,0.001080789021216333,0.6285021901130676,0.8148862719535828,0.003738388419151306,0.6191062927246094,0.8275423049926758,0.0027433871291577816,0.6480535864830017,0.8500479459762573,-0.007208139169961214,0.6421997547149658,0.8438059091567993,-0.002766217803582549,0.6330734491348267,0.8508322834968567,0.0017008357681334019,0.6250552535057068,0.8595725297927856,0.004502867814153433
0.5642790198326111,0.8927541375160217,-2.62476334000894e-07,0.5553682446479797,0.8271761536598206,0.004556390922516584,0.5659670829772949,0.7707268595695496,0.005989109631627798,0.5875045657157898,0.7435621619224548,0.007000528275966644,0.603398859500885,0.7407228350639343,0.008625997230410576,0.6113209128379822,0.7372707724571228,0.0009358807583339512,0.620253324508667,0.7308226823806763,0.0046944329515099525,0.6136211156845093,0.7447983622550964,0.0064534074626863,0.6051163673400879,0.7568585276603699,0.00681893527507782,0.6311700940132141,0.7714619636535645,-0.0021989180240780115,0.6299923658370972,0.769249677658081,0.0070626866072416306,0.6207190155982971,0.7815669178962708,0.009713257662951946,0.6124531030654907,0.7953964471817017,0.008868049830198288,0.642356276512146,0.8123025298118591,-0.00407340656965971,0.6374081969261169,0.8074826598167419,0.003534385934472084,0.6280505061149597,0.8171690702438354,0.006278614979237318,0.6186686158180237,0.8295854330062866,0.005217294208705425,0.64741051197052,0.8509376645088196,-0.005779803730547428,0.6428842544555664,0.8449109196662903,-0.0003624953096732497,0.6340376734733582,0.852289617061615,0.004309845622628927,0.625984251499176,0.8617422580718994,0.007142942398786545
0.5637512803077698,0.8956314325332642,-2.6919613560494327e-07,0.5549788475036621,0.8309394717216492,0.005046728067100048,0.5673548579216003,0.77425616979599,0.0071859946474432945,0.590398907661438,0.7438240647315979,0.008866975083947182,0.6067089438438416,0.7323728203773499,0.01142385508865118,0.6112565994262695,0.7414026856422424,0.0025807227939367294,0.6245346069335938,0.7321472764015198,0.006806128192692995,0.6175769567489624,0.7466447949409485,0.009385248646140099,0.6078641414642334,0.7591843008995056,0.010545304976403713,0.6312295198440552,0.7748247385025024,-0.0003194716409780085,0.6329039335250854,0.7714873552322388,0.009606284089386463,0.6235973834991455,0.784905195236206,0.012764030136168003,0.6146817803382874,0.7981594204902649,0.012308104895055294,0.6425364017486572,0.8148325085639954,-0.0020840296056121588,0.6381645202636719,0.8109063506126404,0.0063978699035942554,0.628605842590332,0.8210442066192627,0.009291306138038635,0.618798553943634,0.8325471878051758,0.008095987141132355,0.6478883028030396,0.852924108505249,-0.003678716719150543,0.6430681943893433,0.8489684462547302,0.002710625296458602,0.6339491009712219,0.8569805026054382,0.007242411375045776,0.6256238222122192,0.8655666708946228,0.009729187935590744
0.561439573764801,0.902192234992981,-2.6751891368803626e-07,0.5546717643737793,0.8361227512359619,0.0052011399529874325,0.5688278079032898,0.7793439626693726,0.006691786926239729,0.5930509567260742,0.7442281246185303,0.00802469253540039,0.6091275215148926,0.7228734493255615,0.010691970586776733,0.6075706481933594,0.7406700849533081,-0.001148701529018581,0.6299389600753784,0.7397323846817017,0.0022671581245958805,0.6230686902999878,0.7593086361885071,0.005955330561846495,0.6109588742256165,0.7700207829475403,0.008292623795568943,0.6278464794158936,0.7759086489677429,-0.004307198338210583,0.6395570635795593,0.7792279124259949,0.005112534388899803,0.6308713555335999,0.7960102558135986,0.00975134875625372,0.6196750998497009,0.8077895641326904,0.010361840948462486,0.6410523653030396,0.8176788687705994,-0.006106737069785595,0.6440960764884949,0.8207659125328064,0.002766507677733898,0.6344428658485413,0.833388090133667,0.0074851843528449535,0.6226643919944763,0.8433576226234436,0.007252417504787445,0.6485518217086792,0.8577671051025391,-0.007737417705357075,0.647677481174469,0.8601592779159546,-0.00055233936291188,0.637494683265686,0.8701580762863159,0.004924360662698746,0.6278076171875,0.8772855997085571,0.00789459329098463
0.5604130625724792,0.9142007827758789,-2.894651913720736e-07,0.5553520917892456,0.8440860509872437,0.005544506479054689,0.5724083781242371,0.7853026390075684,0.006822193972766399,0.5978907346725464,0.7480688095092773,0.007676946930587292,0.6141577363014221,0.7236063480377197,0.009943999350070953,0.6100842356681824,0.7468549609184265,-0.0001386785734212026,0.6347507834434509,0.7466403245925903,0.001456621685065329,0.6270242929458618,0.7674001455307007,0.003173822071403265,0.6139137148857117,0.7777688503265381,0.00420961482450366,0.629449725151062,0.7838847637176514,-0.004381872247904539,0.6443967819213867,0.7874546051025391,0.0038397423923015594,0.6352492570877075,0.8058050274848938,0.00786988902837038,0.6231170296669006,0.8167747855186462,0.008053463883697987,0.6426129937171936,0.8275560140609741,-0.007456658408045769,0.6503131985664368,0.8297010660171509,-8.348906703758985e-05,0.640360414981842,0.8432891368865967,0.005072701256722212,0.6274463534355164,0.8531418442726135,0.005456391256302595,0.6501119136810303,0.8700248003005981,-0.010345331393182278,0.6514243483543396,0.8701336979866028,-0.0038959451485425234,0.6406415700912476,0.8807310461997986,0.002454937668517232,0.6300883293151855,0.8882473707199097,0.006200603675097227
0.5611652731895447,0.9347496628761292,-2.902381766034523e-07,0.5585404634475708,0.8590189218521118,0.0037207629065960646,0.5779432058334351,0.7986759543418884,0.0040321312844753265,0.604278028011322,0.7598779201507568,0.004073163494467735,0.621601402759552,0.7329913973808289,0.005860528443008661,0.6155332326889038,0.7632532119750977,-0.0014107279712334275,0.6420643925666809,0.7580770254135132,-0.001891472958959639,0.6342938542366028,0.7807381749153137,-0.001399104599840939,0.6207717657089233,0.792226254940033,-0.0009186025126837194,0.634258508682251,0.803790807723999,-0.005553391296416521,0.6522088050842285,0.799797773361206,0.00016735392273403704,0.642361044883728,0.8191450834274292,0.003461160697042942,0.6288904547691345,0.8308379054069519,0.00383977429009974,0.6466678977012634,0.8499756455421448,-0.008846987970173359,0.656797468662262,0.8462051749229431,-0.0034292922355234623,0.6460106372833252,0.8599027991294861,0.001791152753867209,0.6323422193527222,0.8699173331260681,0.0028715727385133505,0.6528967022895813,0.8960275650024414,-0.012086838483810425,0.6544803380966187,0.8924818634986877,-0.006944534368813038,0.6429824233055115,0.9015403985977173,-0.0006390753551386297,0.6321461796760559,0.9083918929100037,0.0034439710434526205
0.5697073936462402,0.9698956608772278,-2.65237190433254e-07,0.5656743049621582,0.8884251117706299,0.002092239446938038,0.5873412489891052,0.8243815302848816,0.0012441346189007163,0.6157943606376648,0.7833777666091919,0.0003288178995717317,0.6355161666870117,0.7551194429397583,0.0015541539760306478,0.6181445121765137,0.7915771007537842,-0.005112117622047663,0.6545711159706116,0.7814599871635437,-0.007758963853120804,0.6462889909744263,0.8047629594802856,-0.007657073438167572,0.6316144466400146,0.816508412361145,-0.006929857190698385,0.6369402408599854,0.8365464806556702,-0.008876388892531395,0.6639761328697205,0.8259055614471436,-0.004698175471276045,0.6537215113639832,0.8441712260246277,-0.0005482409032993019,0.6402773261070251,0.8563687205314636,0.0006102781044319272,0.6497371196746826,0.8861891627311707,-0.012063483707606792,0.6675365567207336,0.8730549216270447,-0.00792903732508421,0.6566082835197449,0.8873275518417358,-0.0012219754280522466,0.6427392363548279,0.8998007774353027,0.0011205226182937622,0.6571124792098999,0.9345849752426147,-0.015230624005198479,0.6634796857833862,0.9221203327178955,-0.010710258036851883,0.6526390910148621,0.9325318932533264,-0.0033307240810245275,0.6426929235458374,0.9428231716156006,0.0015858777333050966
0.5713871121406555,0.9938551783561707,-2.576406075149862e-07,0.57779461145401,0.9183955788612366,0.002859605010598898,0.6042710542678833,0.855534553527832,0.0009131862316280603,0.6339569687843323,0.8158060908317566,-0.0026172848884016275,0.6563988327980042,0.786108672618866,-0.003959024325013161,0.6239849925041199,0.8361132740974426,-0.002338283695280552,0.6700929999351501,0.8245449066162109,-0.01166734378784895,0.6632996797561646,0.8477245569229126,-0.016380613669753075,0.6474117636680603,0.8579289317131042,-0.017706777900457382,0.6358513832092285,0.8754435777664185,-0.008575523272156715,0.6780343055725098,0.8725026249885559,-0.011097377166152,0.6684279441833496,0.8907291293144226,-0.009713144972920418,0.6522698402404785,0.8963627815246582,-0.009345736354589462,0.6456596851348877,0.9180522561073303,-0.015151569619774818,0.6810481548309326,0.9165650606155396,-0.015836423262953758,0.6706759333610535,0.9314311146736145,-0.008374500088393688,0.6555659174919128,0.9357092380523682,-0.0045188916847109795,0.6520742774009705,0.9610657095909119,-0.02186816744506359,0.678176760673523,0.9564881324768066,-0.019278964027762413,0.6671582460403442,0.968665361404419,-0.010480357334017754,0.6542752981185913,0.9726859331130981,-0.004434810485690832
0.5753244161605835,1.0413250923156738,-2.2671204646940168e-07,0.5853888988494873,0.9780834913253784,-0.004240012262016535,0.615281879901886,0.9208118915557861,-0.014324073679745197,0.6443537473678589,0.8816241025924683,-0.025235014036297798,0.6686689853668213,0.8535563349723816,-0.0339059978723526,0.629939615726471,0.9105880260467529,-0.02289830520749092,0.6891405582427979,0.897110104560852,-0.042649395763874054,0.6822113990783691,0.9147668480873108,-0.05175963044166565,0.6603928208351135,0.9244376420974731,-0.054926760494709015,0.6358420848846436,0.949161171913147,-0.029535112902522087,0.6923338174819946,0.9351629018783569,-0.044174857437610626,0.6826468706130981,0.9504832625389099,-0.046031273901462555,0.6615298986434937,0.9575562477111816,-0.04661654308438301,0.6405027508735657,0.9933747053146362,-0.03664734959602356,0.6916782855987549,0.9778642058372498,-0.046296458691358566,0.6816433072090149,0.9895862936973572,-0.0382055789232254,0.6619666814804077,0.9941999316215515,-0.032542336732149124,0.6430348753929138,1.0383472442626953,-0.04427109286189079,0.6825947165489197,1.0240213871002197,-0.04978123679757118,0.6764936447143555,1.0317140817642212,-0.04301903396844864,0.6612946391105652,1.035687804222107,-0.03760109841823578
