0,1,2,3,4,5,6,7,8,9,10,11,12,13,14,15,16,17,18,19,20,21,22,23,24,25,26,27,28,29,30,31,32,33,34,35,36,37,38,39,40,41,42,43,44,45,46,47,48,49,50,51,52,53,54,55,56,57,58,59,60,61,62
0.9424096345901489,0.40923625230789185,-9.505084221927973e-07,0.836441159248352,0.39094969630241394,-0.007732695434242487,0.7478206753730774,0.2818163335323334,-0.009005294181406498,0.6977698802947998,0.19326674938201904,-0.017550131306052208,0.6527096033096313,0.16065488755702972,-0.021968185901641846,0.7762225866317749,0.06815159320831299,0.033250048756599426,0.739718496799469,0.0011389032006263733,-0.0025866269133985043,0.7583202123641968,0.11419698596000671,-0.026093317195773125,0.7829533219337463,0.18091566860675812,-0.03551739826798439,0.826667308807373,0.02847490832209587,0.02149771712720394,0.7852042317390442,-0.023200534284114838,-0.01616736687719822,0.8035570979118347,0.11576833575963974,-0.02684687077999115,0.8308196663856506,0.178765207529068,-0.022118262946605682,0.8829199075698853,-0.0021749958395957947,0.0017035260098055005,0.8404410481452942,-0.03776250779628754,-0.03286774456501007,0.8520504832267761,0.10212366282939911,-0.02494650147855282,0.8767557740211487,0.17015676200389862,-0.008345882408320904,0.9465387463569641,-0.016069240868091583,-0.020497696474194527,0.9014982581138611,-0.05517114698886871,-0.03643845021724701,0.8962264657020569,0.05637197569012642,-0.023727476596832275,0.9134587049484253,0.12123093754053116,-0.006936690770089626
0.9158917665481567,0.4165976941585541,-9.44918610912282e-07,0.8272757530212402,0.39780932664871216,-0.007338005118072033,0.7474110722541809,0.30277884006500244,-0.009424191899597645,0.6975290775299072,0.2324265092611313,-0.020028168335556984,0.6546134352684021,0.20844903588294983,-0.02668342925608158,0.7722823619842529,0.09055864810943604,0.030637092888355255,0.7330702543258667,0.019427970051765442,-0.010462514124810696,0.7493970990180969,0.135141521692276,-0.03552533686161041,0.7773513793945312,0.2081437110900879,-0.04349471628665924,0.8183469176292419,0.04903678596019745,0.01806223765015602,0.7770898342132568,-0.006805673241615295,-0.022556008771061897,0.7905508875846863,0.1334283947944641,-0.033624790608882904,0.8174291849136353,0.18946334719657898,-0.027685711160302162,0.8698091506958008,0.02078394591808319,-0.0027473606169223785,0.8307644724845886,-0.027508318424224854,-0.03894457221031189,0.8373410105705261,0.10870480537414551,-0.029055725783109665,0.8598822951316833,0.16203239560127258,-0.009310625493526459,0.9292079210281372,0.006695792078971863,-0.02545984461903572,0.8957057595252991,-0.0713704526424408,-0.03984587639570236,0.8868566155433655,0.02122943103313446,-0.024325592443346977,0.9005350470542908,0.07451335340738297,-0.004818403627723455
0.9135280251502991,0.4155811667442322,-8.680413543515897e-07,0.8185063600540161,0.3986593782901764,-0.00042660540202632546,0.7347017526626587,0.31522658467292786,0.002045570407062769,0.6837295293807983,0.25523054599761963,-0.004521808121353388,0.6393717527389526,0.2433907389640808,-0.007972185499966145,0.7675530910491943,0.132847860455513,0.036591365933418274,0.7247973680496216,0.046978555619716644,0.0028019521851092577,0.7374902367591858,0.14669166505336761,-0.019521566107869148,0.7680500745773315,0.21755316853523254,-0.027240801602602005,0.8061873912811279,0.09590709954500198,0.023047467693686485,0.7605608105659485,0.00656360387802124,-0.01354527659714222,0.7725722193717957,0.13193224370479584,-0.025766614824533463,0.8057165741920471,0.19912725687026978,-0.02050480805337429,0.8520007729530334,0.0643598735332489,0.002593943616375327,0.8056983351707458,-0.014732733368873596,-0.02832109108567238,0.8099791407585144,0.11014764755964279,-0.02295905537903309,0.839605450630188,0.17744401097297668,-0.006943953223526478,0.9079845547676086,0.043066732585430145,-0.019264785572886467,0.8618528842926025,-0.02183210849761963,-0.034163698554039,0.8480796217918396,0.07180090248584747,-0.024681154638528824,0.8650100231170654,0.1408175528049469,-0.009981232695281506
0.9042038917541504,0.41468513011932373,-8.110532689897809e-07,0.8088127970695496,0.38857924938201904,0.0017481425311416388,0.7281397581100464,0.320905476808548,0.004043533932417631,0.6750967502593994,0.2753527760505676,-0.0030853962525725365,0.6323294639587402,0.26390668749809265,-0.008205115795135498,0.7686786651611328,0.14613214135169983,0.039478741586208344,0.7252579927444458,0.0669827088713646,0.00847059115767479,0.7362914681434631,0.1537366360425949,-0.014173277653753757,0.7653952836990356,0.2188110053539276,-0.022920891642570496,0.8043233156204224,0.11415857821702957,0.025353912264108658,0.7595410943031311,0.01693660020828247,-0.009651738218963146,0.7692277431488037,0.13114038109779358,-0.02496400475502014,0.7999011874198914,0.20329055190086365,-0.022645361721515656,0.8476325869560242,0.08682908862829208,0.005118886940181255,0.8018333911895752,-0.006384938955307007,-0.02564791403710842,0.8051028847694397,0.11251524835824966,-0.02403380163013935,0.832176923751831,0.18665824830532074,-0.01035340502858162,0.9013770222663879,0.06774449348449707,-0.015835540369153023,0.8519806861877441,-0.0003981739282608032,-0.032507192343473434,0.8399362564086914,0.08691203594207764,-0.025279229506850243,0.8579943776130676,0.1565411388874054,-0.01199059933423996
0.9026293158531189,0.4083176851272583,-7.641071988473414e-07,0.8080305457115173,0.38619762659072876,0.0008793767774477601,0.7279779314994812,0.3233391046524048,0.0021546052303165197,0.6746318340301514,0.28499266505241394,-0.005620955489575863,0.6317106485366821,0.28478676080703735,-0.011550321243703365,0.7694541215896606,0.1525871604681015,0.03676971420645714,0.7290545105934143,0.07439888268709183,0.007881468161940575,0.7384757399559021,0.15700195729732513,-0.01313239149749279,0.7654787302017212,0.22173088788986206,-0.021375704556703568,0.8035860061645508,0.12115319818258286,0.022901104763150215,0.7590411901473999,0.02465568482875824,-0.010775554925203323,0.769709050655365,0.1385236531496048,-0.024855837225914,0.8007387518882751,0.21115775406360626,-0.022033149376511574,0.8455738425254822,0.09444747120141983,0.003176620928570628,0.7994044423103333,0.00070933997631073,-0.025900069624185562,0.8046405911445618,0.11692450195550919,-0.02324359491467476,0.8333252668380737,0.18979039788246155,-0.00950218178331852,0.8973574638366699,0.07582393288612366,-0.01745692454278469,0.8505807518959045,0.005707576870918274,-0.03311370685696602,0.8400208353996277,0.0893825888633728,-0.025538763031363487,0.8593350648880005,0.15619468688964844,-0.012529931031167507
0.902151346206665,0.40161722898483276,-7.783942237438168e-07,0.8077012300491333,0.3798753023147583,0.002881230553612113,0.7293249368667603,0.3220790922641754,0.0050678555853664875,0.677336573600769,0.2847667932510376,-0.0018169658724218607,0.6361726522445679,0.28472259640693665,-0.006887922529131174,0.770726203918457,0.15724144876003265,0.036619387567043304,0.7304701805114746,0.07881829142570496,0.009574925526976585,0.7430871725082397,0.15868094563484192,-0.009771673940122128,0.769723653793335,0.22131484746932983,-0.017131861299276352,0.8042111992835999,0.12693116068840027,0.022619547322392464,0.7595985531806946,0.033947646617889404,-0.00786178931593895,0.7750543355941772,0.14538149535655975,-0.01980406977236271,0.805937647819519,0.21115344762802124,-0.01672944985330105,0.8449096083641052,0.10099662840366364,0.003141505178064108,0.7988260388374329,0.013029336929321289,-0.024154355749487877,0.8087102174758911,0.12692707777023315,-0.020098842680454254,0.8370838761329651,0.19434726238250732,-0.006254915148019791,0.8945958614349365,0.08412503451108932,-0.016987305134534836,0.8470883369445801,0.011951297521591187,-0.03151082992553711,0.8383414149284363,0.09445774555206299,-0.022691044956445694,0.8558358550071716,0.15968137979507446,-0.009359749965369701
0.8976307511329651,0.3965052366256714,-7.720258281551651e-07,0.8070572018623352,0.3726823925971985,0.004143768921494484,0.7343828678131104,0.3212478756904602,0.006279621738940477,0.6858738660812378,0.2861935794353485,-0.001034557935781777,0.648622989654541,0.2846162021160126,-0.006616792641580105,0.773388147354126,0.15364691615104675,0.0398184172809124,0.7337385416030884,0.08144554495811462,0.012663503177464008,0.7449132800102234,0.16269569098949432,-0.0066912476904690266,0.7686170339584351,0.2223300039768219,-0.014142291620373726,0.8060545325279236,0.12531279027462006,0.024956468492746353,0.7622179985046387,0.0430341511964798,-0.0057798344641923904,0.7766198515892029,0.15496206283569336,-0.017789389938116074,0.804995596408844,0.2129053920507431,-0.014842480421066284,0.8454620838165283,0.10101647675037384,0.004434532951563597,0.800688624382019,0.02370239794254303,-0.023450542241334915,0.810167133808136,0.13649195432662964,-0.018699558451771736,0.8365018963813782,0.19417975842952728,-0.004295429680496454,0.8937108516693115,0.0853237584233284,-0.016627244651317596,0.8461882472038269,0.021722540259361267,-0.029745424166321754,0.83954256772995,0.10554538667201996,-0.019015664234757423,0.8579959869384766,0.16179680824279785,-0.004498036112636328
0.8970896005630493,0.3849300146102905,-7.417138476739638e-07,0.805973470211029,0.3680490255355835,0.0053969151340425014,0.7368044853210449,0.32440051436424255,0.0085881557315588,0.6925087571144104,0.2939516305923462,0.0024296268820762634,0.6582747101783752,0.2907363474369049,-0.002172594889998436,0.7749126553535461,0.15787822008132935,0.0420369952917099,0.7345715761184692,0.09281487762928009,0.015371792018413544,0.7475199103355408,0.16718408465385437,-0.005049582105129957,0.772491455078125,0.22358587384223938,-0.013373550958931446,0.8061031103134155,0.12994952499866486,0.02697945199906826,0.7628616690635681,0.04949328303337097,-0.004135617986321449,0.7795257568359375,0.1563999503850937,-0.018264126032590866,0.8086023330688477,0.2149953991174698,-0.016495371237397194,0.8441259264945984,0.10396265238523483,0.006559120491147041,0.7997922301292419,0.027058660984039307,-0.020694678649306297,0.8119328022003174,0.13792414963245392,-0.01704701967537403,0.8389639854431152,0.1942460983991623,-0.0034701330587267876,0.8922370076179504,0.08680254220962524,-0.01435691025108099,0.8460080027580261,0.027298852801322937,-0.02782544679939747,0.8414532542228699,0.10910312086343765,-0.017904551699757576,0.8606076240539551,0.1612442135810852,-0.0037938824389129877
0.8970410227775574,0.3797535300254822,-7.319591190935171e-07,0.8083581328392029,0.36784300208091736,0.004768654238432646,0.739391028881073,0.32588839530944824,0.008406541310250759,0.6952457427978516,0.29680749773979187,0.0031734954100102186,0.6620504856109619,0.29791027307510376,-0.0009414820815436542,0.7768140435218811,0.15887105464935303,0.04012015089392662,0.7385727167129517,0.09656790643930435,0.015973273664712906,0.750767707824707,0.17052210867404938,-0.002689959015697241,0.7744626402854919,0.22672080993652344,-0.010423879139125347,0.8078426718711853,0.1303463578224182,0.02596367709338665,0.7664565443992615,0.05349056422710419,-0.0019430364482104778,0.7811006903648376,0.15930671989917755,-0.01463887095451355,0.808159351348877,0.21765166521072388,-0.01299146469682455,0.844950795173645,0.10589823126792908,0.006698133423924446,0.8026458024978638,0.029889613389968872,-0.018777742981910706,0.8132075071334839,0.13854122161865234,-0.015213568694889545,0.8379839658737183,0.19645948708057404,-0.0024298697244375944,0.8910613656044006,0.09089619666337967,-0.012960579246282578,0.8461675643920898,0.02948807179927826,-0.026012295857071877,0.8420811295509338,0.1092708557844162,-0.01634308695793152,0.8597995042800903,0.16241571307182312,-0.0028617545031011105
0.8902940154075623,0.3806604743003845,-7.310855494324642e-07,0.8049237132072449,0.3694649040699005,0.004302224610000849,0.7381353974342346,0.3297847509384155,0.007486325688660145,0.6950470805168152,0.30222612619400024,0.0017414833419024944,0.6623848676681519,0.3004778027534485,-0.0032619319390505552,0.775693416595459,0.16663464903831482,0.03816390410065651,0.7378597259521484,0.10574441403150558,0.013531958684325218,0.74934321641922,0.17813032865524292,-0.005323855206370354,0.772668719291687,0.23213179409503937,-0.013133380562067032,0.8059492707252502,0.1396830826997757,0.02409331128001213,0.7658369541168213,0.061538830399513245,-0.004479952156543732,0.7796112895011902,0.16850127279758453,-0.017162999138236046,0.8058168888092041,0.22517386078834534,-0.015477343462407589,0.8421031832695007,0.1154494658112526,0.004984787665307522,0.8012906312942505,0.03469395637512207,-0.021746566519141197,0.8113327026367188,0.1458873599767685,-0.017822662368416786,0.8352590203285217,0.2041136920452118,-0.0043997918255627155,0.8868954181671143,0.10008031129837036,-0.014468865469098091,0.8440773487091064,0.032851606607437134,-0.027924442663788795,0.8398056030273438,0.11248014122247696,-0.017711812630295753,0.8563811779022217,0.16601666808128357,-0.0037839189171791077
0.8837611675262451,0.3814029097557068,-7.206128316283866e-07,0.7994436621665955,0.37235715985298157,0.004202281124889851,0.7335413098335266,0.3372906446456909,0.006397787015885115,0.6902710795402527,0.31197282671928406,-0.0003570348198991269,0.6569104790687561,0.31152719259262085,-0.006519111804664135,0.7735379934310913,0.17588089406490326,0.0372195802628994,0.7369351983070374,0.11712267249822617,0.013914396986365318,0.7471663355827332,0.1885993629693985,-0.004409834276884794,0.7694564461708069,0.24239292740821838,-0.012260683812201023,0.8027206063270569,0.14921608567237854,0.02345830202102661,0.7637695670127869,0.07524792850017548,-0.003596729598939419,0.7768906950950623,0.1797478199005127,-0.016112031415104866,0.802817702293396,0.23481738567352295,-0.015165099874138832,0.8372176885604858,0.12431947886943817,0.004880527034401894,0.7974912524223328,0.04632478952407837,-0.01996484398841858,0.8071087002754211,0.15511494874954224,-0.01601696014404297,0.8309293389320374,0.21262668073177338,-0.0035164279397577047,0.880213737487793,0.10780569911003113,-0.01414050068706274,0.8387301564216614,0.0419662743806839,-0.026416266337037086,0.8345282673835754,0.11974159628152847,-0.01617584563791752,0.8509879112243652,0.17302536964416504,-0.002750505693256855
0.8773389458656311,0.38509678840637207,-6.77895172884746e-07,0.7939774990081787,0.3788021504878998,0.003215185599401593,0.7293738126754761,0.34754112362861633,0.0041497680358588696,0.6855164170265198,0.32729780673980713,-0.003801788901910186,0.6514712572097778,0.33314627408981323,-0.011382311582565308,0.7686089277267456,0.18924103677272797,0.036182429641485214,0.7329409122467041,0.13497191667556763,0.013981210067868233,0.743266224861145,0.20126011967658997,-0.004525008611381054,0.7655726075172424,0.25302228331565857,-0.012916074134409428,0.7970578670501709,0.16148777306079865,0.022810649126768112,0.759492814540863,0.09115004539489746,-0.0026088121812790632,0.7718825340270996,0.18907776474952698,-0.015538557432591915,0.7972036600112915,0.24458527565002441,-0.01572464220225811,0.830599844455719,0.1359701156616211,0.004743397701531649,0.7924564480781555,0.061408206820487976,-0.017894204705953598,0.8012403845787048,0.16433003544807434,-0.0146991778165102,0.8240967392921448,0.22215308248996735,-0.0037048785015940666,0.8724158406257629,0.11876283586025238,-0.014016014523804188,0.8327805399894714,0.054252371191978455,-0.024518515914678574,0.8279983997344971,0.128457173705101,-0.014442391693592072,0.843319296836853,0.18242737650871277,-0.0018508207285776734
0.8691236972808838,0.3899293839931488,-6.52575124604482e-07,0.7860961556434631,0.38795948028564453,0.0009737096261233091,0.7213766574859619,0.3624187707901001,-0.00031266058795154095,0.6762454509735107,0.34616708755493164,-0.010170942172408104,0.6399915814399719,0.34823334217071533,-0.019595405086874962,0.761726438999176,0.2053484469652176,0.03269309550523758,0.7263007760047913,0.1551450490951538,0.010057024657726288,0.7360982894897461,0.21933609247207642,-0.009211081080138683,0.757996678352356,0.2697262763977051,-0.01824803650379181,0.7895060777664185,0.17688527703285217,0.020074844360351562,0.7520596981048584,0.11066506803035736,-0.005492661613970995,0.7647502422332764,0.2047140896320343,-0.01889490894973278,0.7901405692100525,0.2582884728908539,-0.0200016051530838,0.8220555782318115,0.1502944678068161,0.0027468241751194,0.7841070294380188,0.077683225274086,-0.019574521109461784,0.7933117747306824,0.17704623937606812,-0.016470342874526978,0.8162222504615784,0.23416611552238464,-0.006142685189843178,0.8624833822250366,0.13174957036972046,-0.015522842295467854,0.8235726952552795,0.06733781099319458,-0.02580500766634941,0.8189769983291626,0.139508917927742,-0.01563299261033535,0.8339210748672485,0.19378969073295593,-0.00332051794975996
0.8623238801956177,0.4002360701560974,-6.404644068425114e-07,0.7773498296737671,0.3978535532951355,0.0038375556468963623,0.7147864699363708,0.3777543306350708,0.00446286192163825,0.6722784042358398,0.3639836609363556,-0.004074856173247099,0.6394098997116089,0.3632325232028961,-0.012302187271416187,0.7544316649436951,0.2217193990945816,0.03729693219065666,0.717673659324646,0.1706947684288025,0.01639587990939617,0.7263395190238953,0.23078414797782898,-0.002702777972444892,0.7482557892799377,0.2815033197402954,-0.01168772391974926,0.781360924243927,0.1932147592306137,0.024014005437493324,0.7431483864784241,0.12849751114845276,0.0001713866222416982,0.7560154795646667,0.21842454373836517,-0.014284421689808369,0.7820281386375427,0.2726179361343384,-0.01633489690721035,0.8133618235588074,0.1657407581806183,0.006291667930781841,0.7748435139656067,0.09483006596565247,-0.014077405445277691,0.7845672369003296,0.19023637473583221,-0.012090791016817093,0.808357298374176,0.24777643382549286,-0.002767879981547594,0.8535458445549011,0.1465505212545395,-0.012213232927024364,0.8143660426139832,0.08357669413089752,-0.02110224775969982,0.8098464012145996,0.1530800461769104,-0.011167114600539207,0.8251605033874512,0.20677152276039124,0.0008534015505574644
0.8522123098373413,0.40835264325141907,-6.302921633505321e-07,0.7707074284553528,0.4094583988189697,0.0030586502980440855,0.7111677527427673,0.3941109776496887,0.0025493092834949493,0.6705302000045776,0.38255852460861206,-0.006985788233578205,0.6393323540687561,0.38130155205726624,-0.016177160665392876,0.748129665851593,0.23584310710430145,0.03465992957353592,0.712280809879303,0.18365079164505005,0.012734263204038143,0.7205313444137573,0.24482981860637665,-0.006623275578022003,0.7417322397232056,0.2959546148777008,-0.015541487373411655,0.7746373414993286,0.20694363117218018,0.021565817296504974,0.737568736076355,0.14201095700263977,-0.003274108748883009,0.7503675222396851,0.23282214999198914,-0.01760777272284031,0.775763213634491,0.28637635707855225,-0.01932843029499054,0.8057747483253479,0.17898064851760864,0.004065276123583317,0.767747163772583,0.10804283618927002,-0.01732112467288971,0.7779434323310852,0.20411567389965057,-0.014964084140956402,0.8018673062324524,0.2609989643096924,-0.0050260447897017,0.8450573682785034,0.1590370237827301,-0.014212765730917454,0.8064394593238831,0.09673252701759338,-0.02365543134510517,0.8026940822601318,0.1669350266456604,-0.013478127308189869,0.8182713389396667,0.22006914019584656,-0.0010583280818536878
0.8488771319389343,0.4160788357257843,-6.217580903467024e-07,0.7681646347045898,0.41889771819114685,0.0028769460041075945,0.7102631330490112,0.4052250385284424,0.0022411425597965717,0.6703766584396362,0.3934428095817566,-0.007332655135542154,0.6403669118881226,0.3851824104785919,-0.016266699880361557,0.7443137168884277,0.24856293201446533,0.03523680940270424,0.7074061632156372,0.19803030788898468,0.013752342201769352,0.7157939672470093,0.258047491312027,-0.00508455466479063,0.7370749711990356,0.3062562942504883,-0.013662532903254032,0.7691301107406616,0.2196814864873886,0.022484561428427696,0.7306064367294312,0.15842020511627197,-0.0017174241365864873,0.7447973489761353,0.24684348702430725,-0.015618099831044674,0.7715743780136108,0.2960243821144104,-0.01710609532892704,0.7991951704025269,0.1909099519252777,0.005272551439702511,0.7599470615386963,0.12282867729663849,-0.015396521426737309,0.7711125612258911,0.2164253294467926,-0.01276191882789135,0.7961938381195068,0.26983925700187683,-0.0028024245984852314,0.8379145264625549,0.1699085682630539,-0.012818376533687115,0.7988162040710449,0.10973624885082245,-0.021941350772976875,0.7960774898529053,0.17895594239234924,-0.011766552925109863,0.8130965232849121,0.23023590445518494,0.0007152914768084884
0.8456026315689087,0.42319634556770325,-6.072381211197353e-07,0.765433669090271,0.42910557985305786,0.003553162794560194,0.7069814801216125,0.4152166247367859,0.004074431024491787,0.6680974960327148,0.40530315041542053,-0.004271452780812979,0.639626681804657,0.4025348424911499,-0.012000459246337414,0.7392954230308533,0.25718310475349426,0.03664961829781532,0.7031355500221252,0.20638808608055115,0.016055574640631676,0.7116354703903198,0.267035573720932,-0.0020136130042374134,0.7329110503196716,0.31448760628700256,-0.010112079791724682,0.7637479305267334,0.2284126579761505,0.02379729598760605,0.72542804479599,0.1653965264558792,0.00012652575969696045,0.7391447424888611,0.2551305294036865,-0.013349196873605251,0.7658634185791016,0.3046257793903351,-0.014125389978289604,0.793651819229126,0.2002604603767395,0.006514365319162607,0.754262387752533,0.13243715465068817,-0.01410872396081686,0.7658161520957947,0.22719071805477142,-0.011778050102293491,0.7912715673446655,0.280043363571167,-0.0015495109837502241,0.8323695659637451,0.17943421006202698,-0.011500552296638489,0.7928918600082397,0.1207861453294754,-0.020663410425186157,0.7903395891189575,0.1896848976612091,-0.010810372419655323,0.8076439499855042,0.23964843153953552,0.0016675585648044944
0.8408735990524292,0.43001294136047363,-6.084134156481014e-07,0.7602629661560059,0.43381401896476746,0.00620498089119792,0.7024343013763428,0.41772910952568054,0.008186517283320427,0.6643447875976562,0.41084831953048706,0.0008408231078647077,0.6353484988212585,0.4204825162887573,-0.006346783135086298,0.7344174981117249,0.2639358341693878,0.039611782878637314,0.6988992094993591,0.2131257802248001,0.019555961713194847,0.7069803476333618,0.27235016226768494,0.001748776063323021,0.7279168963432312,0.31985265016555786,-0.006189041770994663,0.7587960362434387,0.23516151309013367,0.025701580569148064,0.7202817797660828,0.17199163138866425,0.0024312413297593594,0.7339527606964111,0.26123321056365967,-0.011039960198104382,0.7605453729629517,0.31132251024246216,-0.011655710637569427,0.7886425256729126,0.2067091017961502,0.0075406599789857864,0.748832106590271,0.1399397999048233,-0.012880269438028336,0.7607929706573486,0.234834223985672,-0.010850678198039532,0.7861579060554504,0.28774788975715637,-0.0006539071328006685,0.8272349238395691,0.18473012745380402,-0.011063973419368267,0.7871125936508179,0.12831176817417145,-0.020132265985012054,0.7851933836936951,0.19791293144226074,-0.010298741981387138,0.8030791878700256,0.24753744900226593,0.0021991690155118704
0.8400609493255615,0.43107327818870544,-6.215292955857876e-07,0.7576531171798706,0.4374147653579712,0.008180547505617142,0.6994286775588989,0.42124632000923157,0.011725994758307934,0.6601943373680115,0.41469839215278625,0.005441210698336363,0.6297211647033691,0.42633166909217834,-0.00047232143697328866,0.7315370440483093,0.269711434841156,0.044670186936855316,0.6943842172622681,0.21781480312347412,0.02521304227411747,0.7043591737747192,0.27719607949256897,0.007761870510876179,0.7263646125793457,0.3217507004737854,0.00010930368443951011,0.7553046345710754,0.2416016161441803,0.03036460466682911,0.714891254901886,0.17884330451488495,0.0069687883369624615,0.7313122153282166,0.2681031823158264,-0.006898326799273491,0.7594152688980103,0.3137784004211426,-0.007347907405346632,0.7844988107681274,0.21184232831001282,0.011723705567419529,0.7429878115653992,0.14431312680244446,-0.008939726278185844,0.7568665742874146,0.24045851826667786,-0.007181086577475071,0.783385694026947,0.2908645272254944,0.0033034554217010736,0.8226305246353149,0.187276691198349,-0.007192675489932299,0.7814061641693115,0.1332104504108429,-0.01621383987367153,0.780256986618042,0.20424702763557434,-0.006582390051335096,0.7993389368057251,0.25216829776763916,0.006017783656716347
0.8384445309638977,0.43376272916793823,-6.54479379136319e-07,0.7562010288238525,0.43825626373291016,0.010118571110069752,0.6996299624443054,0.42166227102279663,0.015546887181699276,0.6618366241455078,0.4120515286922455,0.011135226115584373,0.6321445107460022,0.4188839793205261,0.007215358316898346,0.7315270900726318,0.2675585448741913,0.046374816447496414,0.6954243183135986,0.21594151854515076,0.026999104768037796,0.7061118483543396,0.2788282334804535,0.008891914039850235,0.7277416586875916,0.3251679837703705,0.0009057071874849498,0.7550221681594849,0.24018102884292603,0.03201830014586449,0.7155757546424866,0.17689140141010284,0.009215136058628559,0.7315417528152466,0.267652302980423,-0.005522514693439007,0.7585688829421997,0.3139289617538452,-0.006834581959992647,0.7837874293327332,0.210843026638031,0.013590114191174507,0.7430911660194397,0.1426442563533783,-0.006921829655766487,0.7563108801841736,0.23862522840499878,-0.006177118048071861,0.7825506925582886,0.28937116265296936,0.003677278058603406,0.8206612467765808,0.18623825907707214,-0.004830576945096254,0.7801551818847656,0.12919028103351593,-0.014076478779315948,0.7791486978530884,0.2002730667591095,-0.004872113466262817,0.7983796000480652,0.24874182045459747,0.007663434837013483
0.8384060859680176,0.43398767709732056,-6.556754783559882e-07,0.7569249868392944,0.4397543668746948,0.010665888898074627,0.6999606490135193,0.42167216539382935,0.017263486981391907,0.6622015833854675,0.4106822609901428,0.013929024338722229,0.6329754590988159,0.41426393389701843,0.011148486286401749,0.7310779690742493,0.26898932456970215,0.048812758177518845,0.6946763396263123,0.21657240390777588,0.030165037140250206,0.7058390378952026,0.2780829071998596,0.012730841524899006,0.7278244495391846,0.322640061378479,0.005253821611404419,0.7544222474098206,0.24121198058128357,0.03434297442436218,0.7151249647140503,0.17504501342773438,0.012050892226397991,0.731346845626831,0.26591840386390686,-0.002309889765456319,0.7585932612419128,0.3117131292819977,-0.0030617022421211004,0.7833681106567383,0.21125462651252747,0.015664923936128616,0.7429672479629517,0.1412155032157898,-0.004594398662447929,0.756481409072876,0.23841729760169983,-0.0038781147450208664,0.7827152013778687,0.28835177421569824,0.006138394121080637,0.8206346035003662,0.18606294691562653,-0.002969665452837944,0.7798264622688293,0.12806300818920135,-0.012066852301359177,0.7783616781234741,0.19979813694953918,-0.003004772588610649,0.7972092628479004,0.2479579895734787,0.009466773830354214
0.8377948999404907,0.43327566981315613,-6.594017918359896e-07,0.7552599310874939,0.43947267532348633,0.012708448804914951,0.6993163824081421,0.421549916267395,0.020842714235186577,0.6622376441955566,0.41114485263824463,0.018620222806930542,0.6333690881729126,0.4151609539985657,0.016880763694643974,0.7316420078277588,0.2687814235687256,0.05347486957907677,0.6946303844451904,0.21703878045082092,0.035628508776426315,0.7047197818756104,0.277569055557251,0.01811513863503933,0.7265385389328003,0.3220493197441101,0.010556841269135475,0.7545629143714905,0.24173711240291595,0.03836123272776604,0.7142472267150879,0.17509229481220245,0.016401145607233047,0.7301908135414124,0.26636365056037903,0.0013781544985249639,0.7581096291542053,0.3132505714893341,0.00039233113056980073,0.7832695245742798,0.21186649799346924,0.019019417464733124,0.7419618368148804,0.14083555340766907,-0.0011958086397498846,0.7553876638412476,0.23922187089920044,-0.0011931542539969087,0.7823657989501953,0.29069429636001587,0.008629484102129936,0.8204973340034485,0.18590298295021057,-9.630460408516228e-05,0.7791436314582825,0.12849359214305878,-0.009231381118297577,0.7774115204811096,0.20084592700004578,-0.0005521430866792798,0.7967815399169922,0.24948114156723022,0.011795127764344215
0.8376628160476685,0.43397045135498047,-6.56007557608973e-07,0.7546559572219849,0.4420182704925537,0.014606687240302563,0.6995285153388977,0.4255441427230835,0.023733867332339287,0.6620352268218994,0.4164319336414337,0.021977635100483894,0.6335545778274536,0.42262503504753113,0.020694514736533165,0.7313688397407532,0.273129403591156,0.05803404748439789,0.6937475204467773,0.22008927166461945,0.04117051884531975,0.70256507396698,0.2783741056919098,0.024110576137900352,0.7239951491355896,0.3222142457962036,0.016847368329763412,0.7538424730300903,0.246805801987648,0.04235713183879852,0.712716281414032,0.17957383394241333,0.02119215577840805,0.7287824749946594,0.2713455855846405,0.006186365149915218,0.7569799423217773,0.31743156909942627,0.005294246133416891,0.7820878028869629,0.21661794185638428,0.022395825013518333,0.7396551370620728,0.14424492418766022,0.0028336893301457167,0.753315806388855,0.2440205067396164,0.0029124044813215733,0.7808730006217957,0.2953222393989563,0.012809859588742256,0.819311261177063,0.18908163905143738,0.002789192833006382,0.7775572538375854,0.1323128044605255,-0.005503866821527481,0.7758649587631226,0.20534434914588928,0.003376512788236141,0.7957785129547119,0.2531389892101288,0.01576312445104122
0.836809515953064,0.43343299627304077,-6.430084908970457e-07,0.7537481784820557,0.443877637386322,0.01413828507065773,0.6980665922164917,0.42892271280288696,0.022565316408872604,0.6607832312583923,0.4216163754463196,0.02018386870622635,0.6313020586967468,0.43038564920425415,0.018095316365361214,0.7299162745475769,0.2764478027820587,0.056188326328992844,0.6925561428070068,0.2245267927646637,0.03944890573620796,0.7004568576812744,0.2809060215950012,0.022550450637936592,0.7213535308837891,0.32538309693336487,0.01536975335329771,0.7522687911987305,0.2500497102737427,0.04058161750435829,0.7112420797348022,0.1841105818748474,0.01962052285671234,0.7269548177719116,0.2740788459777832,0.004961206577718258,0.7548959851264954,0.32072895765304565,0.004165489226579666,0.7801358699798584,0.21982920169830322,0.020796284079551697,0.7378864288330078,0.14939017593860626,0.0015829353360459208,0.7518946528434753,0.2469547837972641,0.0017446697456762195,0.7794739007949829,0.29830706119537354,0.011454961262643337,0.816855251789093,0.19210317730903625,0.0013191568432375789,0.7756780385971069,0.13660192489624023,-0.007063840515911579,0.7742732167243958,0.2078242003917694,0.0016814995324239135,0.7941356301307678,0.2552751302719116,0.013867612928152084
0.835706889629364,0.4364679455757141,-6.663039471277443e-07,0.7525723576545715,0.44466638565063477,0.014856606721878052,0.6973594427108765,0.42826858162879944,0.024719126522541046,0.6611427068710327,0.41912567615509033,0.024083122611045837,0.6325845122337341,0.42922115325927734,0.02379380166530609,0.7284725308418274,0.2771817445755005,0.056176263839006424,0.6913433074951172,0.22779041528701782,0.039217859506607056,0.7012801766395569,0.28630438446998596,0.021652059629559517,0.7231180667877197,0.3301583230495453,0.013962466269731522,0.7509589791297913,0.25021928548812866,0.040856678038835526,0.7104339599609375,0.18548455834388733,0.01997697539627552,0.7265309691429138,0.27399230003356934,0.0045045651495456696,0.7541029453277588,0.32028913497924805,0.0028785618487745523,0.7789177894592285,0.21974092721939087,0.021521886810660362,0.7372403740882874,0.1499706506729126,0.002388192107900977,0.7508019208908081,0.2455827295780182,0.0015355286886915565,0.7779517769813538,0.29643329977989197,0.010466319508850574,0.8151397705078125,0.19184747338294983,0.0026254411786794662,0.7741629481315613,0.13586828112602234,-0.006216300185769796,0.7727470993995667,0.20633608102798462,0.0016254395013675094,0.7923680543899536,0.2541421949863434,0.01322451513260603
0.8353136777877808,0.43519118428230286,-6.657020321654272e-07,0.7528742551803589,0.4450133442878723,0.014926823787391186,0.6975690722465515,0.42815133929252625,0.025106538087129593,0.6611701846122742,0.41897308826446533,0.0248879324644804,0.6325330138206482,0.42640420794487,0.02501211315393448,0.7288312315940857,0.27721044421195984,0.05667857080698013,0.6915210485458374,0.22819676995277405,0.04040373116731644,0.7013423442840576,0.28674840927124023,0.023324139416217804,0.7233048677444458,0.33049649000167847,0.015872707590460777,0.7511213421821594,0.24965226650238037,0.04141131043434143,0.7107434868812561,0.1841869205236435,0.02113243192434311,0.7264109253883362,0.27336418628692627,0.005952696781605482,0.7540600895881653,0.32012704014778137,0.004514782223850489,0.779224693775177,0.21912799775600433,0.022152086719870567,0.7378578782081604,0.149502694606781,0.00340633955784142,0.7512130737304688,0.24565833806991577,0.002535390667617321,0.7783203721046448,0.29636043310165405,0.011334569193422794,0.8156816959381104,0.19135132431983948,0.0033600106835365295,0.7745368480682373,0.13648079335689545,-0.005495727062225342,0.7730475664138794,0.20755711197853088,0.002231217222288251,0.7927006483078003,0.25515294075012207,0.013714103028178215
0.8363537788391113,0.43602460622787476,-6.688123335152341e-07,0.7523283958435059,0.444119393825531,0.01649893820285797,0.6969727873802185,0.4260615110397339,0.02777506224811077,0.6604495048522949,0.41747137904167175,0.028251515701413155,0.6314147114753723,0.4281628429889679,0.02895035780966282,0.7286712527275085,0.27580589056015015,0.06053842976689339,0.6916517615318298,0.2265712469816208,0.04537367820739746,0.701631486415863,0.286361426115036,0.028811026364564896,0.7235012054443359,0.33013293147087097,0.02163141407072544,0.75119948387146,0.24840468168258667,0.04483760893344879,0.7112261652946472,0.18286412954330444,0.02527575194835663,0.7270923256874084,0.27360621094703674,0.009953252039849758,0.7546483278274536,0.3200104236602783,0.008478464558720589,0.7796763777732849,0.21835248172283173,0.025132406502962112,0.7385697364807129,0.14882400631904602,0.006758376955986023,0.7518526911735535,0.24584707617759705,0.005417452193796635,0.7788837552070618,0.29627174139022827,0.014002429321408272,0.8163771033287048,0.19043797254562378,0.0060773445293307304,0.7750112414360046,0.1347695142030716,-0.001981079112738371,0.7734620571136475,0.20640546083450317,0.0059597990475595,0.7933805584907532,0.25377005338668823,0.017517205327749252
0.838637113571167,0.43618935346603394,-6.766705382688087e-07,0.7558141350746155,0.4432114362716675,0.013483473099768162,0.6985906362533569,0.4229162335395813,0.022802526131272316,0.6615448594093323,0.41225284337997437,0.021899085491895676,0.6320393085479736,0.41930025815963745,0.02138492278754711,0.7294871211051941,0.2725553810596466,0.05409582331776619,0.6931857466697693,0.22376565635204315,0.03734688460826874,0.7034034729003906,0.2848407030105591,0.02071443758904934,0.7252079248428345,0.32968974113464355,0.013610166497528553,0.7522907257080078,0.24430277943611145,0.03909486159682274,0.7130582332611084,0.1801135390996933,0.01833953708410263,0.729061484336853,0.27120739221572876,0.0040535833686590195,0.7563086748123169,0.31774193048477173,0.0033449018374085426,0.780968189239502,0.2143368422985077,0.020013103261590004,0.7406643629074097,0.14708030223846436,0.0007921198848634958,0.7538379430770874,0.24328619241714478,0.0006571325357072055,0.7800323963165283,0.29311665892601013,0.010024752467870712,0.8180016279220581,0.18802575767040253,0.0012795791262760758,0.7769966721534729,0.13217246532440186,-0.007588660344481468,0.7756643891334534,0.20305678248405457,0.0007389125530607998,0.7948116660118103,0.25045323371887207,0.012659234926104546
0.8405503034591675,0.4339066445827484,-6.916781671861827e-07,0.7592743039131165,0.43908730149269104,0.013458536937832832,0.7014105319976807,0.41718363761901855,0.02283979393541813,0.6641899943351746,0.40208864212036133,0.022094091400504112,0.6353896856307983,0.4004096984863281,0.021834366023540497,0.7323164939880371,0.26634693145751953,0.05367545038461685,0.6957762241363525,0.21823151409626007,0.03663020208477974,0.7053214311599731,0.27991271018981934,0.019793475046753883,0.7271949052810669,0.3269510269165039,0.012633850798010826,0.7552005052566528,0.2378617376089096,0.038578931242227554,0.7157505750656128,0.1743025928735733,0.018180543556809425,0.7313884496688843,0.265614777803421,0.004145368468016386,0.7587683200836182,0.3136304020881653,0.0034604184329509735,0.7843551635742188,0.20826318860054016,0.019390664994716644,0.7439044713973999,0.14133037626743317,0.00039816557546146214,0.7568030953407288,0.23760735988616943,0.0006405970198102295,0.7827588319778442,0.28830990195274353,0.010083268396556377,0.8221614956855774,0.18339580297470093,0.0005443929694592953,0.7807250618934631,0.12847965955734253,-0.008340802974998951,0.7792676091194153,0.19911490380764008,8.912974590202793e-05,0.7978348135948181,0.24619625508785248,0.012065630406141281
0.8427448272705078,0.4249348044395447,-6.816684958721453e-07,0.7616614103317261,0.4315958619117737,0.010094200260937214,0.7016588449478149,0.4100337624549866,0.01737060584127903,0.6629311442375183,0.39037418365478516,0.015136662870645523,0.6339320540428162,0.38320285081863403,0.01345579419285059,0.7359590530395508,0.2580046057701111,0.04886861890554428,0.6993319988250732,0.2125464677810669,0.031123531982302666,0.7092128396034241,0.2737981081008911,0.013775477185845375,0.7312294244766235,0.32118895649909973,0.0060345930978655815,0.7590352892875671,0.2285960465669632,0.034832559525966644,0.7192471027374268,0.16735795140266418,0.014284954406321049,0.734668493270874,0.2576422393321991,0.00010203360579907894,0.7620342373847961,0.3055908679962158,-0.001175616169348359,0.7887177467346191,0.1985989809036255,0.016620198264718056,0.7481029629707336,0.13274134695529938,-0.0027875672094523907,0.760572612285614,0.22834020853042603,-0.002422054996713996,0.7864888906478882,0.27962571382522583,0.006718165706843138,0.8271210193634033,0.1750217080116272,-0.001554276910610497,0.7853431701660156,0.12088190019130707,-0.011177773587405682,0.7829146385192871,0.19132903218269348,-0.002892361953854561,0.8007201552391052,0.23937606811523438,0.008859156630933285
0.8500314950942993,0.4206047058105469,-7.077111945363868e-07,0.7661907076835632,0.42424747347831726,0.010152888484299183,0.7038289308547974,0.39749768376350403,0.017873458564281464,0.6627198457717896,0.37430453300476074,0.015994051471352577,0.6300860643386841,0.36548569798469543,0.014715895056724548,0.7396626472473145,0.2475234568119049,0.050765302032232285,0.7027340531349182,0.20009613037109375,0.033194124698638916,0.7127628922462463,0.2630136013031006,0.01577073149383068,0.7353147268295288,0.3124830722808838,0.008011354133486748,0.7637255787849426,0.21733401715755463,0.03669247031211853,0.7239595055580139,0.15468405187129974,0.016247740015387535,0.7390733957290649,0.24707388877868652,0.0017764855874702334,0.7664670944213867,0.2965552508831024,0.0003902727330569178,0.7943650484085083,0.1875804364681244,0.01835138536989689,0.7535564303398132,0.12070819735527039,-0.0014206187333911657,0.7656629085540771,0.21754145622253418,-0.0012048655189573765,0.7917282581329346,0.2697974145412445,0.00798108335584402,0.8339264392852783,0.16456210613250732,0.00010850879334611818,0.7914914488792419,0.10929667949676514,-0.009888438507914543,0.789221465587616,0.1804211437702179,-0.0014444857370108366,0.807431161403656,0.2289135456085205,0.01056514773517847
0.8570574522018433,0.4164401888847351,-7.107332749001216e-07,0.7717173099517822,0.41734111309051514,0.004549226723611355,0.7027397751808167,0.3803430497646332,0.008617261424660683,0.6551488041877747,0.35112643241882324,0.0036036637611687183,0.615553081035614,0.347469687461853,-0.00047059523058123887,0.7435219287872314,0.23252369463443756,0.046517226845026016,0.7070019841194153,0.18371760845184326,0.025724850594997406,0.7182767391204834,0.2511931359767914,0.007043857127428055,0.7416632771492004,0.30223000049591064,-0.0014254616107791662,0.7691481709480286,0.20279456675052643,0.03358476981520653,0.7284483909606934,0.13848039507865906,0.009695512242615223,0.744566023349762,0.23639413714408875,-0.004392367321997881,0.7725123763084412,0.28540685772895813,-0.004907940048724413,0.8011223673820496,0.1745372712612152,0.015543668530881405,0.7589945793151855,0.1050555408000946,-0.0073654684238135815,0.7718663215637207,0.20617657899856567,-0.005137362517416477,0.798044741153717,0.25791168212890625,0.00595999788492918,0.8422161936759949,0.1535836011171341,-0.002927168970927596,0.7983008623123169,0.09700921177864075,-0.014017495326697826,0.7968628406524658,0.17117826640605927,-0.004245988093316555,0.8155303001403809,0.21877235174179077,0.008797050453722477
0.8672882914543152,0.41340768337249756,-7.687606284889625e-07,0.7800132632255554,0.40991687774658203,0.006774005945771933,0.7097010612487793,0.3653434216976166,0.01274686399847269,0.6619905829429626,0.32881399989128113,0.009139151312410831,0.6224355697631836,0.328688383102417,0.006395725067704916,0.7495524287223816,0.21910393238067627,0.04820205271244049,0.71124267578125,0.16601543128490448,0.02667759358882904,0.7238702178001404,0.23677007853984833,0.008009150624275208,0.7485988140106201,0.2893313765525818,-0.0002591959200799465,0.7757462859153748,0.1896481066942215,0.03412040323019028,0.7335747480392456,0.12036718428134918,0.009262329898774624,0.7507169246673584,0.2220354825258255,-0.004182810895144939,0.7791082262992859,0.2722986340522766,-0.003824983024969697,0.8087092638015747,0.16150179505348206,0.01496238261461258,0.7654088735580444,0.08731798827648163,-0.00886478740721941,0.7784390449523926,0.1914142519235611,-0.0059385173954069614,0.8047431111335754,0.24423182010650635,0.005983154289424419,0.8507248163223267,0.14100702106952667,-0.004477770067751408,0.8065117001533508,0.08020107448101044,-0.01622840203344822,0.8046821355819702,0.15688008069992065,-0.0062511758878827095,0.8231241106987,0.20712819695472717,0.007122897543013096
0.8717225790023804,0.4005482792854309,-8.064805001595232e-07,0.7859655618667603,0.40235212445259094,0.006257153581827879,0.7168393731117249,0.35520005226135254,0.013371355831623077,0.6736685633659363,0.3076876103878021,0.01094839908182621,0.6368205547332764,0.294300377368927,0.010122132487595081,0.7544379830360413,0.20213748514652252,0.04941055551171303,0.7136530876159668,0.14632338285446167,0.025930095463991165,0.7285207509994507,0.22288112342357635,0.00690279109403491,0.7543649077415466,0.27654775977134705,-0.0006245948025025427,0.7830731868743896,0.17196524143218994,0.035656750202178955,0.7408851385116577,0.09989747405052185,0.008857106789946556,0.7591881155967712,0.20802167057991028,-0.0043126363307237625,0.7880343794822693,0.25927039980888367,-0.00247969850897789,0.8176045417785645,0.14404377341270447,0.016395848244428635,0.7744275331497192,0.067694753408432,-0.00951341725885868,0.787618100643158,0.17865845561027527,-0.005406948737800121,0.8141821622848511,0.23180240392684937,0.008510973304510117,0.8613544702529907,0.12430821359157562,-0.003167130285874009,0.8167353868484497,0.06248950958251953,-0.01565137505531311,0.8145020008087158,0.14441660046577454,-0.004660163074731827,0.8333683609962463,0.19488665461540222,0.0102949608117342
0.8750913739204407,0.4014413356781006,-8.251984127127798e-07,0.7886288166046143,0.39906594157218933,0.005341309122741222,0.7176513671875,0.3388967216014862,0.014255178160965443,0.675079345703125,0.2780509889125824,0.013438453897833824,0.6373357772827148,0.249224454164505,0.014735824428498745,0.7565517425537109,0.18768179416656494,0.05597664788365364,0.7192624807357788,0.12624883651733398,0.03164180740714073,0.7336347103118896,0.20681852102279663,0.012631665915250778,0.7579523324966431,0.26264968514442444,0.005815367214381695,0.7873162627220154,0.15614375472068787,0.04268538951873779,0.7481728196144104,0.08013710379600525,0.015311875380575657,0.7644990086555481,0.19605010747909546,0.0022472336422652006,0.7915520071983337,0.2496086061000824,0.005264623090624809,0.824626088142395,0.12930306792259216,0.02289840206503868,0.7835723161697388,0.049930185079574585,-0.005351866129785776,0.7948552966117859,0.16977974772453308,-0.0009509713854640722,0.8199977278709412,0.2257569283246994,0.014710359275341034,0.8723019361495972,0.11157004535198212,0.0027962687890976667,0.8278385996818542,0.0460515171289444,-0.010182312689721584,0.8241413831710815,0.13330358266830444,0.0017328948015347123,0.8418319225311279,0.18609528243541718,0.018162203952670097
0.8792678117752075,0.4010496437549591,-8.588481819060689e-07,0.7916724681854248,0.3954748511314392,0.007704013492912054,0.7201570272445679,0.322133868932724,0.019846469163894653,0.6825472116470337,0.25044623017311096,0.022131484001874924,0.6512739658355713,0.20552188158035278,0.02657938003540039,0.7583611607551575,0.1732504665851593,0.05779686197638512,0.7219703793525696,0.10701029747724533,0.0345512293279171,0.7345430254936218,0.18953363597393036,0.017263321205973625,0.758495569229126,0.24806290864944458,0.011593693867325783,0.7909319400787354,0.14191275835037231,0.04403410106897354,0.7505525946617126,0.05972936749458313,0.01609886810183525,0.7651604413986206,0.1802079826593399,0.0037873033434152603,0.7930648922920227,0.23988163471221924,0.008047726936638355,0.8307636976242065,0.11589351296424866,0.02398902364075184,0.7886698842048645,0.03439849615097046,-0.0056628878228366375,0.7984671592712402,0.1597903072834015,-0.0014245532220229506,0.8246461749076843,0.22074367105960846,0.014746424742043018,0.8817696571350098,0.09921744465827942,0.004035166464745998,0.8348116874694824,0.03707316517829895,-0.010986220091581345,0.8298121094703674,0.12714681029319763,-0.0006975725991651416,0.8488871455192566,0.18136920034885406,0.014867461286485195
0.8867542743682861,0.40872251987457275,-8.682657721692522e-07,0.7954325675964355,0.3947176933288574,0.0017894115298986435,0.7232893705368042,0.3043639659881592,0.008841871283948421,0.6879161596298218,0.2193981409072876,0.0070417774841189384,0.6585690975189209,0.1510317325592041,0.008513865992426872,0.759527862071991,0.15415696799755096,0.048152461647987366,0.7206615805625916,0.08794821053743362,0.018261486664414406,0.7339237332344055,0.17958104610443115,-0.0018403655849397182,0.7567950487136841,0.24089449644088745,-0.008614554069936275,0.7943426966667175,0.12662151455879211,0.03461124375462532,0.7510529160499573,0.04583701491355896,0.0018401615088805556,0.7665866613388062,0.17039930820465088,-0.010315979830920696,0.7943782210350037,0.22919636964797974,-0.00537321949377656,0.8376955986022949,0.10482428967952728,0.014142021536827087,0.791145384311676,0.028979510068893433,-0.01827891357243061,0.8035326600074768,0.15846705436706543,-0.011209467425942421,0.8312845826148987,0.21598544716835022,0.006918744649738073,0.893005907535553,0.09111326932907104,-0.006947191897779703,0.8416517376899719,0.03844286501407623,-0.023072635754942894,0.8379071354866028,0.12946680188179016,-0.010983897373080254,0.8586159944534302,0.1773698627948761,0.00619859853759408
0.886576235294342,0.4231418967247009,-8.460098115392611e-07,0.7959545850753784,0.3938950300216675,-0.006218028720468283,0.7251543998718262,0.2952272593975067,-0.00513027049601078,0.6876344084739685,0.20264562964439392,-0.011891518719494343,0.6582931876182556,0.11559227108955383,-0.014614996500313282,0.7596968412399292,0.1383541226387024,0.042382217943668365,0.7189886569976807,0.07411706447601318,0.0062520164065063,0.7324779629707336,0.1699630618095398,-0.01735789142549038,0.7573545575141907,0.2275296151638031,-0.0259010661393404,0.7972927093505859,0.11327046900987625,0.030480308458209038,0.7514697313308716,0.03589659929275513,-0.007753561716526747,0.7663202881813049,0.1641269475221634,-0.021469347178936005,0.794952929019928,0.2172980159521103,-0.01690414920449257,0.8430019617080688,0.09572147578001022,0.010377864353358746,0.7935715317726135,0.022552236914634705,-0.028463102877140045,0.8049541711807251,0.15755699574947357,-0.020707372575998306,0.8324947953224182,0.21369566023349762,-0.000504127936437726,0.9004722237586975,0.08729476481676102,-0.011018933728337288,0.8462945818901062,0.033526018261909485,-0.031466394662857056,0.842131495475769,0.13036245107650757,-0.018780581653118134,0.8623841404914856,0.18197289109230042,-7.902830839157104e-05
0.8827226758003235,0.44055747985839844,-9.100664328798302e-07,0.7934561371803284,0.39979445934295654,-0.008985226973891258,0.7216871976852417,0.2894120216369629,-0.01068659033626318,0.6835407018661499,0.19227878749370575,-0.019838562235236168,0.6511614918708801,0.10186734795570374,-0.02483552135527134,0.7607823610305786,0.11701082438230515,0.03853654861450195,0.7164895534515381,0.06037990748882294,-0.0018187696114182472,0.7267675399780273,0.1638864129781723,-0.028452016413211823,0.7508045434951782,0.23033000528812408,-0.03852110356092453,0.8017107844352722,0.09593485295772552,0.026377225294709206,0.7522764801979065,0.03393338620662689,-0.014140958897769451,0.7637593150138855,0.16652312874794006,-0.028370918706059456,0.7905288934707642,0.22334769368171692,-0.024553079158067703,0.8502418994903564,0.08590097725391388,0.005364106502383947,0.7973430752754211,0.029975250363349915,-0.03533240035176277,0.807033121585846,0.16617640852928162,-0.02673662081360817,0.833670437335968,0.22137336432933807,-0.00640243012458086,0.9096477031707764,0.08793441206216812,-0.01739790290594101,0.8523139953613281,0.04210960865020752,-0.03946683555841446,0.8484771251678467,0.14264284074306488,-0.026274776086211205,0.8690754175186157,0.19494105875492096,-0.00723317451775074
0.8736959099769592,0.46469172835350037,-9.654190762375947e-07,0.7866063714027405,0.42742669582366943,-0.014349165372550488,0.7128627300262451,0.3046852648258209,-0.018186228349804878,0.6709052324295044,0.20409263670444489,-0.02769714966416359,0.6373106241226196,0.11046361923217773,-0.03202096372842789,0.757038950920105,0.10416702926158905,0.031956352293491364,0.7047351598739624,0.06669579446315765,-0.008121994324028492,0.7159169912338257,0.1809360831975937,-0.03317813202738762,0.7418548464775085,0.2447817325592041,-0.04328004643321037,0.8034965395927429,0.08095981925725937,0.02142689935863018,0.7441500425338745,0.04278478026390076,-0.019200220704078674,0.7533518075942993,0.18591563403606415,-0.03050413355231285,0.7810937762260437,0.2388366311788559,-0.025482984259724617,0.855645477771759,0.07652059197425842,0.0015840514097362757,0.7943902015686035,0.05412399768829346,-0.04172566160559654,0.8011502623558044,0.1962146759033203,-0.0314999483525753,0.8282694816589355,0.2434590458869934,-0.010324162431061268,0.915165364742279,0.09119962155818939,-0.020381703972816467,0.8514183163642883,0.07315359264612198,-0.045465435832738876,0.8437623381614685,0.1782732456922531,-0.033264629542827606,0.8627933859825134,0.2262178212404251,-0.014850739389657974
0.8611010909080505,0.4994218349456787,-1.0386077065049903e-06,0.7808282971382141,0.46071678400039673,-0.021886589005589485,0.7017457485198975,0.33585324883461,-0.0294999610632658,0.655483067035675,0.22343197464942932,-0.0393378883600235,0.632719099521637,0.12329956889152527,-0.043246909976005554,0.7468507289886475,0.10341392457485199,0.020520800724625587,0.6962270140647888,0.08697877079248428,-0.02043716050684452,0.7066526412963867,0.20959590375423431,-0.0475526861846447,0.7275019884109497,0.2781600058078766,-0.059983234852552414,0.799780011177063,0.07607020437717438,0.013566933572292328,0.7409032583236694,0.07070688903331757,-0.02471122331917286,0.7476165890693665,0.22495339810848236,-0.03393526002764702,0.7690528035163879,0.28294551372528076,-0.02940499223768711,0.8571691513061523,0.0777105987071991,-0.0027121673338115215,0.7965222597122192,0.0859680250287056,-0.04695897549390793,0.7995134592056274,0.24023769795894623,-0.034146953374147415,0.8194572925567627,0.29582881927490234,-0.01217921543866396,0.9176946878433228,0.10582786798477173,-0.0217056255787611,0.8558371663093567,0.12122888118028641,-0.05046889930963516,0.8463771939277649,0.23793432116508484,-0.038373664021492004,0.8602939248085022,0.2871581017971039,-0.019641097635030746
0.8650364875793457,0.5489994883537292,-9.516337513559847e-07,0.7733685374259949,0.5069902539253235,-0.03251946344971657,0.6891743540763855,0.3826937973499298,-0.047250233590602875,0.6383259296417236,0.2727757692337036,-0.0613870732486248,0.6159343719482422,0.17362013459205627,-0.06853834539651871,0.7289996147155762,0.11910645663738251,0.007813462987542152,0.6717406511306763,0.14550691843032837,-0.0387188196182251,0.688709020614624,0.27111610770225525,-0.07226841896772385,0.7136217355728149,0.3242468237876892,-0.08958836644887924,0.7866104245185852,0.08541232347488403,0.003940734080970287,0.7221219539642334,0.13375872373580933,-0.035494204610586166,0.7326096892356873,0.2835155129432678,-0.04723648354411125,0.755069375038147,0.3248443007469177,-0.04639425873756409,0.8485756516456604,0.09471014142036438,-0.00970967672765255,0.7818226218223572,0.14647819101810455,-0.05393427237868309,0.7852921485900879,0.29356440901756287,-0.04058866575360298,0.8043776154518127,0.334999680519104,-0.020343536511063576,0.9094846248626709,0.13473746180534363,-0.027585208415985107,0.8444513082504272,0.1827780306339264,-0.05633924528956413,0.8345872163772583,0.297579288482666,-0.043111518025398254,0.8482918739318848,0.34186822175979614,-0.023799065500497818
0.8675143718719482,0.5889055132865906,-9.93706294138974e-07,0.7691646814346313,0.5560441613197327,-0.03812837600708008,0.676029622554779,0.45027267932891846,-0.05863653123378754,0.6153239607810974,0.3583667278289795,-0.07719485461711884,0.5979577302932739,0.26846566796302795,-0.08864222466945648,0.7204129099845886,0.16029836237430573,-0.008725244551897049,0.6541493535041809,0.21554356813430786,-0.055349964648485184,0.6690448522567749,0.3414689898490906,-0.08702029287815094,0.6927517652511597,0.39215707778930664,-0.10279293358325958,0.7796807885169983,0.12434467673301697,-0.010738013312220573,0.7081121802330017,0.2102908194065094,-0.04962640255689621,0.7178201675415039,0.3609393239021301,-0.05981574207544327,0.7374454140663147,0.4016590714454651,-0.058498747646808624,0.8437955975532532,0.13955633342266083,-0.02170119248330593,0.7726990580558777,0.21140508353710175,-0.06413796544075012,0.7742693424224854,0.3555844724178314,-0.049941286444664,0.7898604869842529,0.39925751090049744,-0.02975783869624138,0.9060426354408264,0.18626146018505096,-0.03732769936323166,0.8463013768196106,0.24440820515155792,-0.0650751069188118,0.8320580124855042,0.35598164796829224,-0.051503054797649384,0.8389420509338379,0.4057595431804657,-0.03169889375567436
0.8857042789459229,0.6259796619415283,-1.082196831703186e-06,0.7782930135726929,0.6132453680038452,-0.03453990817070007,0.6802293062210083,0.5496529340744019,-0.05944741144776344,0.6205976009368896,0.48274490237236023,-0.08249849826097488,0.5993388891220093,0.38882681727409363,-0.09965033084154129,0.6940736770629883,0.2127697467803955,-0.021480504423379898,0.626137375831604,0.3193344473838806,-0.06636844575405121,0.6418816447257996,0.44752222299575806,-0.09913871437311172,0.6686005592346191,0.5076595544815063,-0.11599455773830414,0.7560706734657288,0.17314308881759644,-0.02481546811759472,0.6883611679077148,0.30872225761413574,-0.058568887412548065,0.6965960264205933,0.454474538564682,-0.07022145390510559,0.7137719988822937,0.5110676288604736,-0.07234152406454086,0.8235103487968445,0.1859780102968216,-0.034681327641010284,0.7592150568962097,0.31664153933525085,-0.06725823879241943,0.7632095813751221,0.4491020143032074,-0.055360112339258194,0.7767220735549927,0.4969448745250702,-0.04063566029071808,0.8910344243049622,0.2314295470714569,-0.049062006175518036,0.8354222774505615,0.3264302909374237,-0.06760435551404953,0.8287352323532104,0.42949873208999634,-0.05234852433204651,0.83771812915802,0.47642868757247925,-0.03368211165070534
0.8979211449623108,0.6253543496131897,-1.1026495485566556e-06,0.7864475250244141,0.645149827003479,-0.03859645128250122,0.6894093751907349,0.616404116153717,-0.06772898882627487,0.6229292154312134,0.5942848324775696,-0.09475172311067581,0.5886333584785461,0.5492379069328308,-0.11643071472644806,0.6575794816017151,0.2828020453453064,-0.03870892897248268,0.6091212630271912,0.4344577193260193,-0.09004919230937958,0.6270325779914856,0.5764275789260864,-0.12162607908248901,0.651408314704895,0.6489216089248657,-0.13628613948822021,0.723541796207428,0.23804162442684174,-0.04424767568707466,0.671512246131897,0.42572107911109924,-0.08713217079639435,0.6882262229919434,0.5951818823814392,-0.097891665995121,0.7085692882537842,0.6482976078987122,-0.09730004519224167,0.7996954917907715,0.24891997873783112,-0.05604846775531769,0.7514994144439697,0.4274434447288513,-0.09756947308778763,0.7622143626213074,0.5745275616645813,-0.08465240895748138,0.7779809832572937,0.6045277118682861,-0.06727254390716553,0.8763600587844849,0.29265668988227844,-0.07215070724487305,0.8369517922401428,0.4320827126502991,-0.09599701315164566,0.8345575332641602,0.5370126962661743,-0.08041974902153015,0.8427844643592834,0.5585506558418274,-0.060709159821271896
0.9138532280921936,0.6481229066848755,-1.3110987993059098e-06,0.8047506809234619,0.6906450986862183,-0.037100546061992645,0.7042652368545532,0.680435061454773,-0.06611732393503189,0.6325259208679199,0.7012860774993896,-0.09372750669717789,0.5764896869659424,0.7383255958557129,-0.11780091375112534,0.6526978015899658,0.3601895868778229,-0.04845522344112396,0.6021265983581543,0.5423486232757568,-0.10570017993450165,0.6244518756866455,0.7041182518005371,-0.13849064707756042,0.6529351472854614,0.7847266793251038,-0.15226753056049347,0.7204685211181641,0.3169322907924652,-0.0572454072535038,0.674339234828949,0.5629389882087708,-0.10445227473974228,0.7091472148895264,0.7420989274978638,-0.11312374472618103,0.7390134334564209,0.7943286895751953,-0.11117571592330933,0.8002742528915405,0.3310680091381073,-0.0725829005241394,0.7647967338562012,0.5727999210357666,-0.1171337217092514,0.7877061367034912,0.7285929918289185,-0.1050407737493515,0.8069735765457153,0.7577183246612549,-0.08838659524917603,0.8799465894699097,0.3759033679962158,-0.09186853468418121,0.8463406562805176,0.5564281940460205,-0.11649911105632782,0.8473629355430603,0.6781838536262512,-0.10085580497980118,0.8541222810745239,0.7079323530197144,-0.08178059756755829
0.9320495128631592,0.6392984390258789,-1.2870791579189245e-06,0.819985032081604,0.6880580186843872,-0.03993772342801094,0.7139760851860046,0.7076364159584045,-0.07349533587694168,0.639178454875946,0.7663439512252808,-0.10477198660373688,0.5802605152130127,0.8282089233398438,-0.13239993155002594,0.6521266102790833,0.4293358027935028,-0.07161782681941986,0.6125829815864563,0.6277494430541992,-0.1317146271467209,0.6388960480690002,0.7923095226287842,-0.16322579979896545,0.6692432165145874,0.8841689229011536,-0.17718683183193207,0.7242866158485413,0.3903697431087494,-0.08181046694517136,0.6973769664764404,0.6709321737289429,-0.13474690914154053,0.733299970626831,0.847589373588562,-0.14392240345478058,0.7633442878723145,0.89748215675354,-0.14343765377998352,0.8112695217132568,0.40762758255004883,-0.09728386253118515,0.7955370545387268,0.6810338497161865,-0.14358846843242645,0.8129690289497375,0.8335195183753967,-0.13052865862846375,0.8268194794654846,0.8643109798431396,-0.11507944762706757,0.8960198163986206,0.45610302686691284,-0.11688293516635895,0.8767250180244446,0.6622040867805481,-0.14808306097984314,0.8749322891235352,0.7779539227485657,-0.13488824665546417,0.8756280541419983,0.8065320253372192,-0.11763569712638855
0.9314477443695068,0.6813897490501404,-1.2895678764834884e-06,0.8190447688102722,0.7437517046928406,-0.04567253589630127,0.7213184237480164,0.7756466865539551,-0.08397076278924942,0.6529446840286255,0.8345003128051758,-0.11880292743444443,0.5953366756439209,0.9017685651779175,-0.15045858919620514,0.6608778834342957,0.4911916255950928,-0.08570575714111328,0.6258478164672852,0.6934915781021118,-0.1492650955915451,0.6538922190666199,0.8590856790542603,-0.18011154234409332,0.6857054233551025,0.953912615776062,-0.19349686801433563,0.7338382601737976,0.44920915365219116,-0.09461060911417007,0.7134840488433838,0.7353305816650391,-0.1500083953142166,0.7522644996643066,0.9151780605316162,-0.15679199993610382,0.7776417136192322,0.9643987417221069,-0.15549904108047485,0.822693943977356,0.4619698226451874,-0.10913980007171631,0.8121369481086731,0.7381033897399902,-0.1618414670228958,0.8319790959358215,0.8926926255226135,-0.1487409770488739,0.8408775925636292,0.9249951839447021,-0.1331847459077835,0.9112025499343872,0.5061445832252502,-0.12759922444820404,0.8960384130477905,0.7230288982391357,-0.16755615174770355,0.8918599486351013,0.8533037900924683,-0.15774358808994293,0.8865960836410522,0.8939756155014038,-0.1425885260105133
0.9170610904693604,0.6829071044921875,-1.264225943486963e-06,0.8124610781669617,0.7498502135276794,-0.04601428657770157,0.7208465933799744,0.8067902326583862,-0.08446339517831802,0.659447968006134,0.8800296187400818,-0.11954731494188309,0.6086782217025757,0.9450048208236694,-0.15197299420833588,0.6649285554885864,0.5340003967285156,-0.08738908916711807,0.631236732006073,0.7498375773429871,-0.1513671875,0.6623960733413696,0.9098265767097473,-0.1833018809556961,0.6962069869041443,1.0017889738082886,-0.19752199947834015,0.7406992316246033,0.48724305629730225,-0.09689340740442276,0.7241111397743225,0.7757946252822876,-0.15455904603004456,0.7637311816215515,0.957814633846283,-0.16443727910518646,0.7863416075706482,1.017760157585144,-0.16511158645153046,0.8313111662864685,0.4955766201019287,-0.11167813837528229,0.8245029449462891,0.779575765132904,-0.16620846092700958,0.8425214290618896,0.937353253364563,-0.15609270334243774,0.8474230766296387,0.9761612415313721,-0.14237786829471588,0.9199376106262207,0.5337364673614502,-0.13025249540805817,0.9091960191726685,0.7529246807098389,-0.17193417251110077,0.9052870273590088,0.8830993175506592,-0.1634489744901657,0.8972361087799072,0.9289592504501343,-0.14935824275016785
0.9144912958145142,0.6996582746505737,-1.3254739315016195e-06,0.8047565221786499,0.7607543468475342,-0.048442941159009933,0.709834098815918,0.816149890422821,-0.08758608251810074,0.6463245153427124,0.8880822658538818,-0.12264431267976761,0.5931990742683411,0.9481625556945801,-0.1538764387369156,0.6613103747367859,0.5429035425186157,-0.09421715885400772,0.633827269077301,0.7595118880271912,-0.15876369178295135,0.6668230891227722,0.921808123588562,-0.18679086863994598,0.7006440758705139,1.0138834714889526,-0.19768227636814117,0.7394986152648926,0.49677717685699463,-0.10258656740188599,0.7283243536949158,0.7891697883605957,-0.16115926206111908,0.762829065322876,0.9819390773773193,-0.16925516724586487,0.7794731855392456,1.0528919696807861,-0.1694183051586151,0.8319007158279419,0.5051232576370239,-0.11623920500278473,0.8258095979690552,0.7898005247116089,-0.1741907298564911,0.8423885107040405,0.9529056549072266,-0.16386684775352478,0.8471799492835999,0.9995481371879578,-0.1497650444507599,0.9212926626205444,0.5438723564147949,-0.13346637785434723,0.9110409617424011,0.7590893507003784,-0.17864756286144257,0.9044010043144226,0.8960088491439819,-0.17164316773414612,0.89452064037323,0.952185332775116,-0.15842527151107788
0.9233844876289368,0.6931357383728027,-1.348759269603761e-06,0.7989117503166199,0.7541456818580627,-0.04338526353240013,0.694657027721405,0.7952778339385986,-0.07641293853521347,0.6240151524543762,0.8483546376228333,-0.10677029937505722,0.5657759308815002,0.8966131806373596,-0.13398464024066925,0.6588077545166016,0.5223938226699829,-0.0772755816578865,0.6243064403533936,0.734743595123291,-0.1361037939786911,0.6541153192520142,0.9046568870544434,-0.16463664174079895,0.6898854970932007,0.9948658347129822,-0.17731527984142303,0.7391754984855652,0.4860445261001587,-0.0852878987789154,0.716342568397522,0.7752943634986877,-0.13647621870040894,0.7448466420173645,0.9622564315795898,-0.14601552486419678,0.7675959467887878,1.021382212638855,-0.14978055655956268,0.8306320309638977,0.4988594353199005,-0.09879711270332336,0.8113470077514648,0.7813920974731445,-0.14910466969013214,0.8226865530014038,0.9431574940681458,-0.14142997562885284,0.8316981196403503,0.9879815578460693,-0.1319747120141983,0.9201862812042236,0.5368597507476807,-0.1159406378865242,0.8999534845352173,0.7518306970596313,-0.15582384169101715,0.8909096717834473,0.8883294463157654,-0.15080592036247253,0.8849400877952576,0.9457838535308838,-0.14110535383224487
0.9344651103019714,0.6611555218696594,-1.2880429949291283e-06,0.8013233542442322,0.7179934978485107,-0.035590603947639465,0.6837969422340393,0.7361403703689575,-0.06093990057706833,0.6030943989753723,0.7769038677215576,-0.08453827351331711,0.5356076955795288,0.8291823863983154,-0.10593338310718536,0.6606529355049133,0.49258166551589966,-0.06505175679922104,0.6070875525474548,0.6889792084693909,-0.11942990869283676,0.6352410316467285,0.858923077583313,-0.145552858710289,0.6729109287261963,0.9402809143066406,-0.15751278400421143,0.7360448241233826,0.46543386578559875,-0.07455656677484512,0.6936795115470886,0.7306651473045349,-0.12167070060968399,0.7176095247268677,0.9132598042488098,-0.12881958484649658,0.741010844707489,0.9661109447479248,-0.1311054825782776,0.822964072227478,0.48659268021583557,-0.08944015204906464,0.7887546420097351,0.7407155632972717,-0.13643315434455872,0.7975737452507019,0.8978610038757324,-0.12665489315986633,0.8077397346496582,0.9326996803283691,-0.11593606323003769,0.9074313044548035,0.5349310636520386,-0.10710743069648743,0.876834511756897,0.7397187352180481,-0.14584983885288239,0.8683743476867676,0.8651677966117859,-0.1401485949754715,0.8676121234893799,0.9046939611434937,-0.1298123449087143
0.9059097170829773,0.6481372714042664,-1.175913439510623e-06,0.7831434607505798,0.708332359790802,-0.037305355072021484,0.6746017932891846,0.7158373594284058,-0.06346367299556732,0.5959116220474243,0.7415341734886169,-0.08663565665483475,0.5231518745422363,0.7721704244613647,-0.1085505560040474,0.6551259160041809,0.4543033838272095,-0.07403174787759781,0.594515323638916,0.6332736015319824,-0.12825259566307068,0.6154007315635681,0.796657383441925,-0.15430769324302673,0.6473846435546875,0.882074773311615,-0.1666545867919922,0.726780354976654,0.4357829988002777,-0.08179551362991333,0.6752654910087585,0.6756356358528137,-0.13243797421455383,0.6919270157814026,0.860779881477356,-0.14298194646835327,0.7156630158424377,0.9348313212394714,-0.14756213128566742,0.8077588677406311,0.46543198823928833,-0.09449829161167145,0.7663350105285645,0.6976637244224548,-0.14732034504413605,0.7701501250267029,0.8637466430664062,-0.14515900611877441,0.7818266153335571,0.9258739948272705,-0.1384376436471939,0.8880153894424438,0.5229402780532837,-0.10891500115394592,0.8496789932250977,0.7084984183311462,-0.155629500746727,0.8374473452568054,0.8351844549179077,-0.15843777358531952,0.8356094360351562,0.8885548710823059,-0.15363921225070953
0.8869730830192566,0.6558552384376526,-1.2061709639965557e-06,0.7719159126281738,0.7120580077171326,-0.03706475719809532,0.6675143241882324,0.6901751160621643,-0.05935702845454216,0.5917500257492065,0.6888903379440308,-0.07862585037946701,0.517294704914093,0.6991128921508789,-0.09629369527101517,0.6525431871414185,0.4181936979293823,-0.06932170689105988,0.5866971015930176,0.5802161693572998,-0.12195208668708801,0.6023268699645996,0.738940954208374,-0.14695723354816437,0.6316847205162048,0.8280856013298035,-0.15796354413032532,0.7211610674858093,0.39814308285713196,-0.07668270915746689,0.661338210105896,0.6249567866325378,-0.12603400647640228,0.6733404994010925,0.808928906917572,-0.13434268534183502,0.6979920268058777,0.8882349133491516,-0.13535870611667633,0.7999027967453003,0.4292947053909302,-0.089379221200943,0.7504055500030518,0.6590098142623901,-0.13962508738040924,0.7537782192230225,0.8212883472442627,-0.13287509977817535,0.7689638137817383,0.8769251108169556,-0.12180536240339279,0.8781605362892151,0.4920240640640259,-0.10435599088668823,0.834261417388916,0.6800636053085327,-0.148750901222229,0.8229517340660095,0.7996511459350586,-0.14833897352218628,0.8265910148620605,0.8365313410758972,-0.1400563269853592
0.8802810907363892,0.6479418277740479,-1.2119188568249228e-06,0.7656133770942688,0.6863592267036438,-0.034734513610601425,0.6599757075309753,0.6549230217933655,-0.05695785582065582,0.5839262008666992,0.641878068447113,-0.07651901245117188,0.5089207291603088,0.6426346302032471,-0.09341247379779816,0.649877667427063,0.38841742277145386,-0.05893193930387497,0.5818313360214233,0.540422797203064,-0.10997017472982407,0.5921170711517334,0.6968788504600525,-0.13467054069042206,0.620452880859375,0.7812198400497437,-0.14502239227294922,0.7140243649482727,0.36737725138664246,-0.06562881916761398,0.6481453776359558,0.5812358856201172,-0.11097738146781921,0.6596034169197083,0.7619452476501465,-0.11587569862604141,0.6867254972457886,0.8311114311218262,-0.11314843595027924,0.7890724539756775,0.3975718915462494,-0.07783404737710953,0.7358510494232178,0.6171456575393677,-0.12263590097427368,0.7400082349777222,0.7749344706535339,-0.1096874475479126,0.7583537697792053,0.8166244029998779,-0.09372574090957642,0.8634381294250488,0.4577023983001709,-0.09281923621892929,0.8179414868354797,0.6430565118789673,-0.1320810317993164,0.8076243996620178,0.7556251287460327,-0.12710028886795044,0.815079391002655,0.7806241512298584,-0.11451523005962372
0.8691117763519287,0.6417679190635681,-1.1680243687806069e-06,0.7603386044502258,0.6689742207527161,-0.03009888157248497,0.6566011309623718,0.6254950165748596,-0.04895012080669403,0.583347499370575,0.6041086912155151,-0.06575391441583633,0.5130188465118408,0.5861142873764038,-0.08006271719932556,0.6508343815803528,0.35645776987075806,-0.049747638404369354,0.5771825909614563,0.48205772042274475,-0.0981244370341301,0.5838516354560852,0.6322871446609497,-0.12313848733901978,0.6111031174659729,0.7201163172721863,-0.13378837704658508,0.7133221626281738,0.33459198474884033,-0.05741237476468086,0.6383084058761597,0.5255692601203918,-0.10321532189846039,0.6483727097511292,0.7028495669364929,-0.11045607179403305,0.6749840378761292,0.7782211303710938,-0.10823088139295578,0.7832592725753784,0.364613801240921,-0.07051953673362732,0.7187020182609558,0.5687363743782043,-0.11609632521867752,0.7218196392059326,0.7261639833450317,-0.10810581594705582,0.7397986054420471,0.7730580568313599,-0.09448591619729996,0.8519591093063354,0.4262283444404602,-0.08556200563907623,0.7965299487113953,0.6019410490989685,-0.12223666906356812,0.7906106114387512,0.7090974450111389,-0.11786724627017975,0.8031830787658691,0.7318389415740967,-0.10612476617097855
0.8572350740432739,0.6381856203079224,-1.0869027846638346e-06,0.7536708116531372,0.6497803330421448,-0.02888302132487297,0.6539739370346069,0.589408814907074,-0.046438172459602356,0.5818266868591309,0.5508177280426025,-0.06235441565513611,0.513542652130127,0.5245878100395203,-0.07607360184192657,0.6474195122718811,0.33083951473236084,-0.04716704785823822,0.5719694495201111,0.44454872608184814,-0.09508717805147171,0.5749664902687073,0.5807186961174011,-0.12164504081010818,0.5991749167442322,0.6736646890640259,-0.1322679966688156,0.7083120942115784,0.30550333857536316,-0.05300284922122955,0.6309753060340881,0.4724469482898712,-0.09910337626934052,0.6396139860153198,0.6384463310241699,-0.10914373397827148,0.6648322939872742,0.7264103293418884,-0.10766687244176865,0.7767115831375122,0.33027178049087524,-0.06396789848804474,0.7084212899208069,0.4955790936946869,-0.11217355728149414,0.7046577334403992,0.6509324312210083,-0.10960918664932251,0.7181416749954224,0.7264374494552612,-0.0968027338385582,0.8418757319450378,0.3887743353843689,-0.0762849897146225,0.7875020503997803,0.5008569359779358,-0.11377258598804474,0.7730337977409363,0.5902789831161499,-0.11297931522130966,0.7766579985618591,0.6293409466743469,-0.1022983267903328
0.8516414165496826,0.6397367715835571,-1.0594980039968505e-06,0.7495458126068115,0.6451806426048279,-0.025158418342471123,0.6519317626953125,0.5605486035346985,-0.040698856115341187,0.583993673324585,0.5092729330062866,-0.056186750531196594,0.5163047313690186,0.476177841424942,-0.06843701750040054,0.656715989112854,0.3102013170719147,-0.04356953129172325,0.5768288969993591,0.406882643699646,-0.08888492733240128,0.582982063293457,0.5459475517272949,-0.1101849302649498,0.607650876045227,0.6382172703742981,-0.1174815222620964,0.7161765694618225,0.28806936740875244,-0.050290413200855255,0.621661365032196,0.4224546551704407,-0.09631722420454025,0.6298160552978516,0.5867688059806824,-0.10396112501621246,0.6544967889785767,0.6780123710632324,-0.10043637454509735,0.7816631197929382,0.31732362508773804,-0.06201127544045448,0.6943207383155823,0.442692369222641,-0.11320161819458008,0.6888948678970337,0.5991504192352295,-0.10950303822755814,0.7008715271949768,0.6872458457946777,-0.09399817883968353,0.8426299095153809,0.3820415437221527,-0.07464593648910522,0.7840127944946289,0.41770005226135254,-0.1187267005443573,0.7501338720321655,0.4492160975933075,-0.1261821985244751,0.7292404770851135,0.45894598960876465,-0.12074226886034012
0.8468424081802368,0.6353386044502258,-1.077812044059101e-06,0.7534626126289368,0.6394349336624146,-0.018748952075839043,0.6566819548606873,0.5519934296607971,-0.02844196930527687,0.5941420793533325,0.48572707176208496,-0.039979998022317886,0.5387788414955139,0.4333958327770233,-0.04754088073968887,0.6653815507888794,0.2856444716453552,-0.02114957571029663,0.5779975056648254,0.3705064654350281,-0.060552552342414856,0.580475389957428,0.5001617670059204,-0.08015529811382294,0.6031851768493652,0.5825344920158386,-0.08649678528308868,0.7172674536705017,0.26666903495788574,-0.027741285040974617,0.6153830289840698,0.3860524892807007,-0.06962209939956665,0.6242084503173828,0.5426597595214844,-0.07781971246004105,0.6503601670265198,0.6221305131912231,-0.07408635318279266,0.774283766746521,0.2928536534309387,-0.03942931443452835,0.6779223084449768,0.3979477286338806,-0.08759617805480957,0.6745907664299011,0.5432882905006409,-0.08534333854913712,0.6897863745689392,0.6211027503013611,-0.07020222395658493,0.8258553743362427,0.3527342975139618,-0.05183902755379677,0.7609930038452148,0.37930065393447876,-0.0915008932352066,0.7290120124816895,0.40027984976768494,-0.09897172451019287,0.7132396101951599,0.40106046199798584,-0.09335367381572723
0.8372174501419067,0.6317967772483826,-1.0857143024622928e-06,0.7471714615821838,0.6243971586227417,-0.015966380015015602,0.6545698046684265,0.5357471704483032,-0.023234816268086433,0.5955917239189148,0.4644320011138916,-0.03350219875574112,0.5475935935974121,0.40115150809288025,-0.03990108147263527,0.6703110933303833,0.27267885208129883,-0.0033764448016881943,0.5886108875274658,0.34460142254829407,-0.04229796677827835,0.5891224145889282,0.4706915616989136,-0.06652960926294327,0.6093868017196655,0.5445506572723389,-0.07678422331809998,0.7163696885108948,0.2543518841266632,-0.010723447427153587,0.6173719763755798,0.351206511259079,-0.048715125769376755,0.6216351985931396,0.49892061948776245,-0.05875469371676445,0.6437315940856934,0.5711303949356079,-0.056889332830905914,0.7668582201004028,0.2745317220687866,-0.02406069077551365,0.6725175380706787,0.3656502962112427,-0.06758227199316025,0.6698888540267944,0.502575695514679,-0.06478311121463776,0.6848545670509338,0.5718189477920532,-0.05010685324668884,0.814632773399353,0.32391422986984253,-0.038571547716856,0.7433992624282837,0.36515718698501587,-0.07204605638980865,0.7207599878311157,0.41672441363334656,-0.07421502470970154,0.7167060375213623,0.44214317202568054,-0.06510565429925919
0.8258264660835266,0.6231575012207031,-1.116992166316777e-06,0.7438673377037048,0.6214813590049744,-0.015669966116547585,0.6509091854095459,0.5313007235527039,-0.02067243680357933,0.5910693407058716,0.45321017503738403,-0.028410345315933228,0.5451374053955078,0.3855849802494049,-0.03227847442030907,0.6704942584037781,0.26400113105773926,0.007381342351436615,0.5843018889427185,0.32610225677490234,-0.03141305595636368,0.5867096781730652,0.45216286182403564,-0.05611518397927284,0.6092599630355835,0.5230191946029663,-0.06648833304643631,0.7087165117263794,0.24357101321220398,-0.0009083873592317104,0.6051204800605774,0.32067403197288513,-0.03779556602239609,0.6124469637870789,0.4713546335697174,-0.04583060368895531,0.638771116733551,0.5391728281974792,-0.04110921919345856,0.7531893849372864,0.25758862495422363,-0.01628366857767105,0.6558735370635986,0.3344229459762573,-0.060182567685842514,0.6621258854866028,0.47972309589385986,-0.053585804998874664,0.6860271096229553,0.5412286520004272,-0.03552267700433731,0.7969308495521545,0.2982602119445801,-0.03332589939236641,0.7203364968299866,0.368044376373291,-0.06809908896684647,0.7129641771316528,0.46584245562553406,-0.06635212898254395,0.7274181246757507,0.5115188360214233,-0.05347321182489395
0.8236846923828125,0.6195117235183716,-1.106037302633922e-06,0.7380287051200867,0.6160718202590942,-0.008309024386107922,0.6483504176139832,0.5265026688575745,-0.011547292582690716,0.5930461883544922,0.45181015133857727,-0.019780542701482773,0.5592854022979736,0.38202613592147827,-0.023824818432331085,0.660222589969635,0.26658326387405396,0.02039608173072338,0.5764017105102539,0.32026204466819763,-0.01701233722269535,0.5873861908912659,0.44330501556396484,-0.04071512073278427,0.6157677173614502,0.506844162940979,-0.05038328468799591,0.6943362355232239,0.24145638942718506,0.008020510897040367,0.5971183776855469,0.31269657611846924,-0.028600336983799934,0.616344690322876,0.46267688274383545,-0.0350792370736599,0.6494235992431641,0.520691990852356,-0.028234131634235382,0.736599862575531,0.24745452404022217,-0.01144889835268259,0.6446001529693604,0.32438239455223083,-0.053972531110048294,0.6639516353607178,0.46676021814346313,-0.043902765959501266,0.6960124969482422,0.5186333656311035,-0.02346889115869999,0.7798076868057251,0.27910080552101135,-0.03251222148537636,0.7060055136680603,0.34632354974746704,-0.0630817636847496,0.7093514800071716,0.44655942916870117,-0.056504856795072556,0.7329704761505127,0.4886240065097809,-0.04072399437427521
0.8190242648124695,0.6247966885566711,-1.121701643569395e-06,0.7294688820838928,0.6106793284416199,-0.0017823285888880491,0.645317018032074,0.5250270962715149,-0.0035959980450570583,0.5951017737388611,0.4557011127471924,-0.013082793913781643,0.5594757795333862,0.37852391600608826,-0.018499670550227165,0.6530747413635254,0.2770392596721649,0.03308920934796333,0.5737473964691162,0.3192816376686096,-0.005400931928306818,0.5856515765190125,0.43604183197021484,-0.030705342069268227,0.6154588460922241,0.49963611364364624,-0.04087548702955246,0.6839145421981812,0.24906215071678162,0.016972165554761887,0.5934605598449707,0.3122628927230835,-0.022219108417630196,0.6161094903945923,0.4594123959541321,-0.031392186880111694,0.6517208218574524,0.5141888856887817,-0.025459550321102142,0.7231128811836243,0.24637247622013092,-0.0064453426748514175,0.6344340443611145,0.3151179850101471,-0.0485038198530674,0.6610540747642517,0.4574154019355774,-0.037351708859205246,0.6981509327888489,0.5062272548675537,-0.015934346243739128,0.7659503817558289,0.2702687382698059,-0.031287625432014465,0.6916446685791016,0.3303201198577881,-0.05862777307629585,0.7013155221939087,0.42852476239204407,-0.0489744171500206,0.7298883199691772,0.4629933834075928,-0.03136308863759041
0.8144427537918091,0.6309105157852173,-1.10247219708981e-06,0.7228235602378845,0.6136071085929871,2.6199142666882835e-05,0.6428270936012268,0.5299680233001709,-0.0013025954831391573,0.5959197282791138,0.45963945984840393,-0.011278867721557617,0.5585857033729553,0.3844505548477173,-0.017419638112187386,0.6430387496948242,0.3027498126029968,0.03889428451657295,0.568792998790741,0.3321753442287445,-0.0012787135783582926,0.5826994180679321,0.44405826926231384,-0.027258791029453278,0.6118771433830261,0.5054918527603149,-0.03739194571971893,0.6732112765312195,0.2684558629989624,0.021636055782437325,0.5902556777000427,0.3149624466896057,-0.02006535977125168,0.6154956817626953,0.4589819312095642,-0.03020629845559597,0.6505606770515442,0.5093573331832886,-0.023979153484106064,0.7121835947036743,0.25520455837249756,-0.0033977488055825233,0.6292974352836609,0.3131771981716156,-0.04590734466910362,0.6608644723892212,0.4536827504634857,-0.033742208033800125,0.6985061764717102,0.49574926495552063,-0.0115562928840518,0.756942629814148,0.267609179019928,-0.029905688017606735,0.6834288835525513,0.3257049322128296,-0.055904679000377655,0.6988109946250916,0.42303383350372314,-0.04441554471850395,0.7295342683792114,0.44843679666519165,-0.025862179696559906
0.8140027523040771,0.6347056031227112,-1.099880137189757e-06,0.7183697819709778,0.6192893981933594,0.0052950819954276085,0.6402750611305237,0.5349048376083374,0.00717500364407897,0.5972965955734253,0.4620777666568756,-0.0009319235687144101,0.5657151341438293,0.38782259821891785,-0.0054269153624773026,0.6403616070747375,0.31902533769607544,0.04516496881842613,0.5697445273399353,0.3346112370491028,0.007924980483949184,0.583550214767456,0.4432339072227478,-0.016598306596279144,0.6125207543373108,0.5053963661193848,-0.026054788380861282,0.6693233251571655,0.28254109621047974,0.026182066649198532,0.5896844863891602,0.3224177360534668,-0.014066709205508232,0.6178688406944275,0.4604862928390503,-0.024421170353889465,0.6553378105163574,0.5089759230613708,-0.01821449026465416,0.7070717811584473,0.2636207342147827,-0.0001504957617726177,0.6260825395584106,0.3158230185508728,-0.03927561268210411,0.6603206396102905,0.4494111239910126,-0.027186056599020958,0.6995029449462891,0.48936891555786133,-0.0057935528457164764,0.7512800097465515,0.26934972405433655,-0.027758238837122917,0.6794724464416504,0.3222385346889496,-0.05058421939611435,0.696422815322876,0.41667500138282776,-0.03840400651097298,0.7280063629150391,0.44126129150390625,-0.0200213510543108
0.8096022605895996,0.6396474838256836,-1.0918134876192198e-06,0.7097458839416504,0.6175552010536194,0.008691934868693352,0.6355887055397034,0.5336397886276245,0.012014439329504967,0.5976582169532776,0.45788225531578064,0.004345507826656103,0.573059618473053,0.38019421696662903,-0.0001926771947182715,0.6374071836471558,0.3333265483379364,0.04892049357295036,0.5671546459197998,0.34616515040397644,0.012272675521671772,0.5815643668174744,0.4521309733390808,-0.012219457887113094,0.610639214515686,0.5127488374710083,-0.02175874076783657,0.6642314195632935,0.29569482803344727,0.02856219746172428,0.585976779460907,0.3340643644332886,-0.011823369190096855,0.6173166036605835,0.4669145345687866,-0.022984398528933525,0.6565251350402832,0.5115227699279785,-0.017338845878839493,0.7008042335510254,0.27387821674346924,0.0010759808355942369,0.6217069625854492,0.32271140813827515,-0.037331607192754745,0.6598273515701294,0.4506623148918152,-0.025642361491918564,0.7006216049194336,0.48622196912765503,-0.004814119078218937,0.7448878884315491,0.27574610710144043,-0.027443967759609222,0.6736674904823303,0.32478997111320496,-0.04894858971238136,0.6927393078804016,0.41626882553100586,-0.03614414483308792,0.724405825138092,0.4374746084213257,-0.01774037443101406
0.8024975657463074,0.6400237679481506,-1.054910853781621e-06,0.7037967443466187,0.6156249046325684,0.011615735478699207,0.6329707503318787,0.5357359647750854,0.01582864299416542,0.5962710976600647,0.4602805972099304,0.008290844038128853,0.5716336965560913,0.3844760060310364,0.003281294833868742,0.6351858973503113,0.3552814722061157,0.05204249918460846,0.5688872337341309,0.3509635329246521,0.0160042867064476,0.5831047296524048,0.4508501887321472,-0.008760439231991768,0.6113253831863403,0.5144487023353577,-0.01807388849556446,0.6600465178489685,0.3195837736129761,0.03136410191655159,0.5849466323852539,0.3393239676952362,-0.00894795823842287,0.6165006160736084,0.46350550651550293,-0.021992016583681107,0.6559017896652222,0.5151842832565308,-0.01724986359477043,0.6946293711662292,0.2925611138343811,0.003952196333557367,0.6183711290359497,0.32765495777130127,-0.033297572284936905,0.6584880352020264,0.4477648437023163,-0.02398636005818844,0.7001472115516663,0.4901178479194641,-0.0044941287487745285,0.7382540106773376,0.2831510901451111,-0.024085110053420067,0.6688728332519531,0.32476484775543213,-0.04450516775250435,0.6898626685142517,0.4126030206680298,-0.032636623829603195,0.7218369841575623,0.4384763240814209,-0.014881862327456474
0.7973822355270386,0.637259840965271,-1.0239813263979158e-06,0.7012449502944946,0.616391658782959,0.01348137017339468,0.6322078108787537,0.5406953692436218,0.018007496371865273,0.5970674753189087,0.46491044759750366,0.010393526405096054,0.5779125094413757,0.39115020632743835,0.004763397388160229,0.6351572871208191,0.37171339988708496,0.0526900552213192,0.5731717944145203,0.35435250401496887,0.01854194514453411,0.5841460824012756,0.4497000575065613,-0.004858690779656172,0.6106757521629333,0.5151457786560059,-0.013469837605953217,0.6589488387107849,0.3363945186138153,0.031782206147909164,0.586646318435669,0.34345588088035583,-0.007067033089697361,0.6169844269752502,0.4615582823753357,-0.02008233591914177,0.6570005416870117,0.5129079818725586,-0.015559663996100426,0.6922979950904846,0.30663853883743286,0.00463494285941124,0.618255078792572,0.3318220376968384,-0.0311847236007452,0.657602846622467,0.44733044505119324,-0.022951975464820862,0.6995642185211182,0.4896184504032135,-0.004459416028112173,0.7349225282669067,0.2917417287826538,-0.02281147986650467,0.6665229797363281,0.3254770338535309,-0.042216528207063675,0.6872426271438599,0.41171666979789734,-0.030775059014558792,0.7197693586349487,0.43881312012672424,-0.013721132650971413
0.7927119135856628,0.6348539590835571,-9.815497605814016e-07,0.6967750787734985,0.6142545342445374,0.01703842729330063,0.631406307220459,0.5382062196731567,0.023361703380942345,0.5972714424133301,0.4636910557746887,0.016946759074926376,0.5751333236694336,0.39141646027565,0.011890362948179245,0.6345248222351074,0.3852071762084961,0.05583477392792702,0.5759925842285156,0.3594084084033966,0.025224341079592705,0.5867340564727783,0.45099759101867676,0.0035700092557817698,0.6133520007133484,0.5142323970794678,-0.004381685983389616,0.6571746468544006,0.35003888607025146,0.033849086612463,0.5873609781265259,0.3437594473361969,-0.0012227155966684222,0.6155166029930115,0.4575165808200836,-0.01427413523197174,0.6546950936317444,0.5082796216011047,-0.010414354503154755,0.6894668340682983,0.31851065158843994,0.006317929830402136,0.6181604266166687,0.3326357305049896,-0.025966227054595947,0.6556070446968079,0.44352346658706665,-0.018932513892650604,0.6968663334846497,0.4844455420970917,-0.0020091752521693707,0.7310988306999207,0.2995101809501648,-0.021092098206281662,0.6631654500961304,0.32521650195121765,-0.038183119148015976,0.683291494846344,0.407917320728302,-0.026642056182026863,0.7161030769348145,0.43549299240112305,-0.010060113854706287
0.7855153679847717,0.6319223642349243,-9.664560138844536e-07,0.6916090846061707,0.6132709980010986,0.017609868198633194,0.6283252835273743,0.5362294316291809,0.02494431659579277,0.5944909453392029,0.4589725434780121,0.01958143711090088,0.5720655918121338,0.38467642664909363,0.01573917828500271,0.6339198350906372,0.38753536343574524,0.057074569165706635,0.5769855976104736,0.3540703356266022,0.028007186949253082,0.5850012898445129,0.44656816124916077,0.008282073773443699,0.6103280186653137,0.5084893107414246,0.0014667684445157647,0.6557784080505371,0.3534216284751892,0.03530212864279747,0.5875378251075745,0.343039870262146,0.001113268779590726,0.6138123273849487,0.4567136764526367,-0.01099337637424469,0.6520626544952393,0.5051884651184082,-0.00644915783777833,0.6872251629829407,0.32299160957336426,0.00800128374248743,0.6184995174407959,0.3340860605239868,-0.02396843582391739,0.6548177003860474,0.4437958300113678,-0.016647566109895706,0.6955718994140625,0.4826613962650299,0.0005128005286678672,0.7275984287261963,0.30392202734947205,-0.019060708582401276,0.6612491607666016,0.3254203796386719,-0.036080602556467056,0.6805306673049927,0.4072989821434021,-0.024733426049351692,0.7129138708114624,0.4348617196083069,-0.008282838389277458
0.7810404300689697,0.6305909156799316,-9.4607884193465e-07,0.6884271502494812,0.6117453575134277,0.01940292865037918,0.6276552677154541,0.5374398827552795,0.028046278282999992,0.5958945155143738,0.46321815252304077,0.02364502288401127,0.5759651064872742,0.3917781114578247,0.020343255251646042,0.6348804831504822,0.39521661400794983,0.0590558722615242,0.5800217390060425,0.35567259788513184,0.031620778143405914,0.5863821506500244,0.443888396024704,0.012269997969269753,0.6104401350021362,0.5073451399803162,0.005550465080887079,0.6554905772209167,0.3616659641265869,0.037177830934524536,0.5896278023719788,0.3423396646976471,0.003971726633608341,0.613227128982544,0.45288896560668945,-0.009180901572108269,0.6502873301506042,0.5059757232666016,-0.005257752258330584,0.68559730052948,0.33070382475852966,0.010163513943552971,0.6178416609764099,0.3366144001483917,-0.020626284182071686,0.6522629857063293,0.4437381625175476,-0.015321938320994377,0.6925514936447144,0.4847225844860077,0.0005092367064207792,0.7246742844581604,0.31060028076171875,-0.016340119764208794,0.6592181921005249,0.328569620847702,-0.03287694975733757,0.6776883602142334,0.40805718302726746,-0.022480392828583717,0.710407555103302,0.43648818135261536,-0.006694965064525604
0.7756877541542053,0.6310140490531921,-9.269625707020168e-07,0.6853843331336975,0.612313449382782,0.019844021648168564,0.6255464553833008,0.5384988188743591,0.02887417934834957,0.5942928791046143,0.4664376974105835,0.024869170039892197,0.5749223232269287,0.39801812171936035,0.02172640524804592,0.6330648064613342,0.3997548520565033,0.058539681136608124,0.5799459218978882,0.35825127363204956,0.03190077096223831,0.5853926539421082,0.44579750299453735,0.0131218321621418,0.608645498752594,0.5108529329299927,0.006834669969975948,0.6532890200614929,0.3665449917316437,0.036854635924100876,0.588961660861969,0.3444962501525879,0.0045881252735853195,0.610454797744751,0.45301562547683716,-0.00847640261054039,0.6461852192878723,0.5089854001998901,-0.004587160889059305,0.6830874085426331,0.3355502784252167,0.010251891799271107,0.6169136762619019,0.33821266889572144,-0.02003088966012001,0.6503612399101257,0.443231999874115,-0.015599368140101433,0.6903658509254456,0.48664286732673645,-0.00030574615811929107,0.7215338945388794,0.3148762881755829,-0.015697533264756203,0.657337486743927,0.3285115957260132,-0.03255683556199074,0.6748194098472595,0.40643930435180664,-0.023067796602845192,0.7070448994636536,0.4378044605255127,-0.0078121148981153965
0.7776108384132385,0.6295115351676941,-8.981347150438523e-07,0.686620831489563,0.6166242361068726,0.020634368062019348,0.6253648400306702,0.5482490658760071,0.030262429267168045,0.5926823616027832,0.47872957587242126,0.026644589379429817,0.5722113847732544,0.41225752234458923,0.023862991482019424,0.6331968307495117,0.4086649715900421,0.06168653443455696,0.5810619592666626,0.3691248297691345,0.036447204649448395,0.5868940353393555,0.45302045345306396,0.017036518082022667,0.6099752187728882,0.51739901304245,0.009976520203053951,0.652337372303009,0.3752814531326294,0.03988131508231163,0.5897414088249207,0.3504171669483185,0.009135060012340546,0.6098126173019409,0.4543495774269104,-0.005327649414539337,0.6448912620544434,0.5119622945785522,-0.0028325507882982492,0.6807635426521301,0.3432846665382385,0.01322268322110176,0.6157503128051758,0.34159862995147705,-0.015164384618401527,0.6474917531013489,0.44352012872695923,-0.012398253194987774,0.6871544122695923,0.48833295702934265,0.0012505616759881377,0.7178485989570618,0.3201443552970886,-0.012809918262064457,0.6551462411880493,0.3314601182937622,-0.028771933168172836,0.6719178557395935,0.40693092346191406,-0.02015094831585884,0.7043398022651672,0.4386524260044098,-0.005753363482654095
0.7734851241111755,0.6308741569519043,-8.62864169448585e-07,0.682784914970398,0.6166207790374756,0.02095963805913925,0.6249334812164307,0.5524407029151917,0.030749406665563583,0.5922724008560181,0.49207547307014465,0.027177954092621803,0.5680502653121948,0.4372625946998596,0.023967262357473373,0.6327751278877258,0.41459333896636963,0.062256794422864914,0.581651508808136,0.37370580434799194,0.03854204714298248,0.5870041847229004,0.4546882212162018,0.019847340881824493,0.6104831099510193,0.5196599364280701,0.013299122452735901,0.6514211297035217,0.3826145827770233,0.04071827977895737,0.5901393890380859,0.3545335531234741,0.011266564950346947,0.6083233952522278,0.4569542407989502,-0.0037752187345176935,0.6425780653953552,0.5176001191139221,-0.0017947560409083962,0.6788725256919861,0.35131362080574036,0.014549845829606056,0.6159072518348694,0.3458974361419678,-0.012974522076547146,0.6460691094398499,0.4450836479663849,-0.012015256099402905,0.6851536631584167,0.49180176854133606,0.0005809500580653548,0.714457094669342,0.3279406428337097,-0.010836826637387276,0.6529881954193115,0.33586567640304565,-0.026151560246944427,0.6684693694114685,0.40790489315986633,-0.018292170017957687,0.7001495957374573,0.44149014353752136,-0.0044346884824335575
0.7733035087585449,0.6301514506340027,-8.31479667340318e-07,0.6841332912445068,0.6193798780441284,0.023251516744494438,0.6254709362983704,0.5618332624435425,0.03443020582199097,0.5897552967071533,0.507095992565155,0.031609222292900085,0.5575404167175293,0.4620114862918854,0.02838245965540409,0.6315255165100098,0.43510738015174866,0.06720013171434402,0.5808490514755249,0.39585039019584656,0.045003727078437805,0.5820513963699341,0.4684085249900818,0.025576172396540642,0.6017856597900391,0.5290623903274536,0.018274011090397835,0.6484948992729187,0.40264591574668884,0.04445471242070198,0.5882605314254761,0.361214816570282,0.016220640391111374,0.6033148169517517,0.46052315831184387,-0.0007024577353149652,0.6365668773651123,0.522521436214447,2.057672099908814e-05,0.6753910183906555,0.3680666387081146,0.017376329749822617,0.6142439246177673,0.34744229912757874,-0.009552561677992344,0.641577422618866,0.4469676911830902,-0.010639509186148643,0.6799627542495728,0.4954141676425934,0.0009308969601988792,0.7117743492126465,0.33775457739830017,-0.00858505629003048,0.6501291394233704,0.33338651061058044,-0.02295617386698723,0.663680911064148,0.4046076238155365,-0.014911964535713196,0.6957033276557922,0.43902671337127686,-0.0010046768002212048
0.7687219381332397,0.6296077370643616,-8.031190645851893e-07,0.6810372471809387,0.6167545914649963,0.022913511842489243,0.6249571442604065,0.5572060346603394,0.03448108211159706,0.5956259965896606,0.496624231338501,0.03239064663648605,0.5761716365814209,0.4418560564517975,0.02987680584192276,0.6297873854637146,0.44107645750045776,0.06489751487970352,0.5816993713378906,0.3900863230228424,0.04418637230992317,0.58035808801651,0.4608406722545624,0.027355700731277466,0.5990992784500122,0.5221368670463562,0.021743401885032654,0.6460484862327576,0.4090319275856018,0.0430215448141098,0.587857723236084,0.35941562056541443,0.01547569315880537,0.6016762852668762,0.4582628905773163,0.0003410003846511245,0.6354124546051025,0.5215380787849426,0.0025809304788708687,0.6725970506668091,0.3745404779911041,0.01698203943669796,0.6142011284828186,0.3482387065887451,-0.010493524372577667,0.6394653916358948,0.44687286019325256,-0.011870993301272392,0.6779610514640808,0.497664213180542,1.5613410141668282e-05,0.7086196541786194,0.34228500723838806,-0.007717717904597521,0.6477302312850952,0.33441901206970215,-0.02328311838209629,0.6601454019546509,0.4064278304576874,-0.01606898382306099,0.6927613019943237,0.44459426403045654,-0.0024750083684921265
0.7679831981658936,0.628059983253479,-8.124889632199483e-07,0.6813297271728516,0.6158030033111572,0.02326534502208233,0.6259546279907227,0.5570805668830872,0.03540266305208206,0.5954869985580444,0.4989071488380432,0.033785585314035416,0.5729854106903076,0.44760969281196594,0.0317620113492012,0.6322341561317444,0.4386199414730072,0.0666894018650055,0.5844712853431702,0.38959401845932007,0.04655284807085991,0.5825219750404358,0.4602459669113159,0.029417898505926132,0.6004835963249207,0.5217093229293823,0.023488936945796013,0.6482073068618774,0.4074036478996277,0.044778794050216675,0.5903488993644714,0.3596067726612091,0.01777205429971218,0.6036628484725952,0.4587220847606659,0.0020149226766079664,0.6369691491127014,0.5221092700958252,0.003625733545050025,0.6741767525672913,0.37361735105514526,0.01871313340961933,0.6155110597610474,0.34692147374153137,-0.008642803877592087,0.639811635017395,0.44612473249435425,-0.010419376194477081,0.6779505014419556,0.4979110658168793,0.0012547238729894161,0.7094217538833618,0.3416438102722168,-0.005979339126497507,0.6490407586097717,0.330610066652298,-0.02151493914425373,0.6605148911476135,0.4027773141860962,-0.014207654632627964,0.692920982837677,0.4428254961967468,-0.0005061469273641706
0.7714821696281433,0.6184805631637573,-7.946601954245125e-07,0.6838804483413696,0.613230288028717,0.02167544700205326,0.6244277954101562,0.5577709674835205,0.0344194658100605,0.5886844396591187,0.5041638016700745,0.03377694636583328,0.5583157539367676,0.4608462154865265,0.032091714441776276,0.6333627104759216,0.4397132694721222,0.06818564236164093,0.5870785713195801,0.398338258266449,0.04909975081682205,0.5815267562866211,0.4627803862094879,0.031153926625847816,0.5936210751533508,0.5209707617759705,0.024088770151138306,0.6492425799369812,0.405626118183136,0.046813592314720154,0.592585563659668,0.3567297160625458,0.020232994109392166,0.6053395867347717,0.45487114787101746,0.00323446374386549,0.6369616985321045,0.519084632396698,0.003857186296954751,0.675824761390686,0.3705953061580658,0.02115597017109394,0.6179749965667725,0.33688467741012573,-0.007413595449179411,0.6405768990516663,0.4385545551776886,-0.010561409406363964,0.6769533157348633,0.4950215518474579,0.0005374843603931367,0.7120646238327026,0.3376508951187134,-0.003115843515843153,0.6518399715423584,0.32302337884902954,-0.02052748017013073,0.6617757678031921,0.39729875326156616,-0.014070812612771988,0.6926416754722595,0.4413035809993744,-0.0007414170540869236
0.7719477415084839,0.6132357120513916,-7.503367669414729e-07,0.6873937249183655,0.6078770160675049,0.018299518153071404,0.6257777810096741,0.5485273599624634,0.030651681125164032,0.5915719270706177,0.49115797877311707,0.030772430822253227,0.562285304069519,0.4483858644962311,0.02993089146912098,0.634044349193573,0.4369569420814514,0.06162714958190918,0.5904206037521362,0.39050695300102234,0.04217512533068657,0.5799092054367065,0.44783803820610046,0.02472679875791073,0.5857609510421753,0.502779483795166,0.017887866124510765,0.6507219076156616,0.4023929238319397,0.042171724140644073,0.597134530544281,0.3487686514854431,0.015258338302373886,0.6090001463890076,0.44281265139579773,-0.0002336701872991398,0.6390257477760315,0.5064883232116699,0.001454854616895318,0.6782352924346924,0.3681543469429016,0.018397685140371323,0.6231845021247864,0.3294998109340668,-0.010453126393258572,0.6441314816474915,0.4285464286804199,-0.012444770894944668,0.6783788204193115,0.4862697720527649,-0.0006053318502381444,0.7158216238021851,0.3357967436313629,-0.004261013586074114,0.6581759452819824,0.312857449054718,-0.0219308789819479,0.6661245822906494,0.38678520917892456,-0.015300297178328037,0.6944887042045593,0.43523165583610535,-0.002004652051255107
0.7763581871986389,0.5960169434547424,-7.484200637009053e-07,0.6930443048477173,0.5958055257797241,0.01331180427223444,0.6291667222976685,0.5417283773422241,0.021515533328056335,0.5929284691810608,0.48491787910461426,0.018442681059241295,0.5616252422332764,0.43889668583869934,0.014712049625813961,0.6371238231658936,0.42552727460861206,0.05127282068133354,0.5933255553245544,0.37824493646621704,0.028742434456944466,0.591171383857727,0.44135782122612,0.009447338990867138,0.6057925224304199,0.501775860786438,0.0016497453907504678,0.656199038028717,0.3900519907474518,0.033102210611104965,0.6028676629066467,0.33095288276672363,0.005340712610632181,0.6134094595909119,0.42547106742858887,-0.010871097445487976,0.6428710222244263,0.49417710304260254,-0.010472300462424755,0.6855267882347107,0.35367563366889954,0.010597839020192623,0.6296980381011963,0.3084104061126709,-0.018858831375837326,0.6500924229621887,0.40923207998275757,-0.020652329549193382,0.6844487190246582,0.4720562696456909,-0.009233520366251469,0.7249389290809631,0.3204055428504944,-0.011152774095535278,0.6670328378677368,0.2963700294494629,-0.030139833688735962,0.6750925183296204,0.37011149525642395,-0.023669103160500526,0.7028170228004456,0.42093607783317566,-0.010492161847651005
0.791935920715332,0.5686686635017395,-7.99910537807591e-07,0.7127192616462708,0.5747785568237305,0.008013102225959301,0.6432769298553467,0.5283254384994507,0.01237000897526741,0.6029194593429565,0.47514620423316956,0.006746211089193821,0.5738931894302368,0.4221685528755188,0.002333658980205655,0.6489590406417847,0.38850849866867065,0.041407667100429535,0.607272744178772,0.3377998173236847,0.01599942333996296,0.6185699701309204,0.4157477617263794,-0.0032422319054603577,0.6444693207740784,0.479231059551239,-0.010587772354483604,0.6705367565155029,0.3573087155818939,0.025187645107507706,0.6171148419380188,0.29911214113235474,-0.00367162749171257,0.6337258815765381,0.40136030316352844,-0.01755799911916256,0.6663863658905029,0.46588462591171265,-0.015714019536972046,0.7013095617294312,0.32283905148506165,0.004251760896295309,0.6452817320823669,0.2754729986190796,-0.025041021406650543,0.6647703051567078,0.38029995560646057,-0.02368023432791233,0.6986608505249023,0.441216379404068,-0.010572440922260284,0.7420059442520142,0.29113060235977173,-0.016448115929961205,0.6855850219726562,0.2617156505584717,-0.03360983356833458,0.691510021686554,0.33880725502967834,-0.02528216503560543,0.7184612154960632,0.3906838297843933,-0.011230623349547386
0.8139159679412842,0.5277928113937378,-7.649238114026957e-07,0.7370245456695557,0.543527364730835,0.0035345640499144793,0.6558868885040283,0.5009555220603943,0.005739874206483364,0.6097984313964844,0.44690006971359253,-0.0008544615120626986,0.5937036275863647,0.3836889863014221,-0.006047554314136505,0.6584442257881165,0.3572331964969635,0.03392915800213814,0.6185989379882812,0.2988070845603943,0.0068991226144135,0.6257445812225342,0.3770744502544403,-0.013094075955450535,0.646411657333374,0.4412575364112854,-0.021318545565009117,0.6863037943840027,0.3166472911834717,0.019542070105671883,0.6387534141540527,0.2561069130897522,-0.009398382157087326,0.6525641083717346,0.3561956286430359,-0.022714827209711075,0.68082195520401,0.41832441091537476,-0.021458640694618225,0.724040687084198,0.27760374546051025,0.00028142999508418143,0.6721230149269104,0.23202981054782867,-0.027679763734340668,0.6860942244529724,0.33394697308540344,-0.025094740092754364,0.7129485607147217,0.39640119671821594,-0.012735141441226006,0.7698323726654053,0.2447091042995453,-0.01916857622563839,0.7156878709793091,0.21589118242263794,-0.03389789164066315,0.7176061272621155,0.29287368059158325,-0.024739757180213928,0.737973153591156,0.34458985924720764,-0.011445400305092335
0.8441522121429443,0.4789574146270752,-7.340570391534129e-07,0.7640544176101685,0.5009033679962158,-0.006743867415934801,0.671351432800293,0.4536625146865845,-0.009814757853746414,0.6196302175521851,0.3945876955986023,-0.018865782767534256,0.6031579971313477,0.32110071182250977,-0.025934841483831406,0.6906723380088806,0.2658577859401703,0.016461944207549095,0.6502806544303894,0.20111976563930511,-0.017835503444075584,0.6332203149795532,0.27475541830062866,-0.04410680755972862,0.6357709169387817,0.3523010015487671,-0.056820619851350784,0.7265728712081909,0.22470730543136597,0.004031648393720388,0.6771999001502991,0.17135342955589294,-0.03034515306353569,0.6669423580169678,0.2737880349159241,-0.04734720662236214,0.679658055305481,0.34908196330070496,-0.049582257866859436,0.7695451974868774,0.19824650883674622,-0.014095242135226727,0.7155698537826538,0.1516624242067337,-0.04543896019458771,0.705394446849823,0.2535385489463806,-0.04574906453490257,0.7174949049949646,0.3284844756126404,-0.036173511296510696,0.8194622993469238,0.18254075944423676,-0.03347636014223099,0.7625564932823181,0.15118111670017242,-0.05161188170313835,0.7458435297012329,0.22437766194343567,-0.045558422803878784,0.7516037821769714,0.2843087911605835,-0.034712448716163635
0.8777250051498413,0.4027729630470276,-7.47473166029522e-07,0.7968536615371704,0.4503459632396698,-0.019774846732616425,0.6921477317810059,0.3999599516391754,-0.025644764304161072,0.6339966058731079,0.31340283155441284,-0.0344671905040741,0.6235052347183228,0.21741852164268494,-0.040927089750766754,0.703916609287262,0.18623901903629303,0.009517251513898373,0.6601897478103638,0.13271428644657135,-0.02621118724346161,0.6464242935180664,0.2060227394104004,-0.05379851907491684,0.6511434316635132,0.28582867980003357,-0.06763002276420593,0.7488808035850525,0.13593092560768127,0.002231445163488388,0.6995371580123901,0.09318201243877411,-0.0297628752887249,0.6943384408950806,0.20600925385951996,-0.04423147439956665,0.7127964496612549,0.2803895175457001,-0.04525376483798027,0.8021887540817261,0.1115688681602478,-0.012100903317332268,0.7495299577713013,0.06885001063346863,-0.04916275665163994,0.7481245994567871,0.19088473916053772,-0.0453614704310894,0.7689749598503113,0.26531854271888733,-0.03230445459485054,0.8612236976623535,0.10957333445549011,-0.028290675953030586,0.8045880198478699,0.07982116937637329,-0.056760597974061966,0.7990001440048218,0.17791025340557098,-0.04775744676589966,0.8175779581069946,0.24407514929771423,-0.032711971551179886
0.9504672288894653,0.3411537706851959,-4.552539962787705e-07,0.8684283494949341,0.3750865161418915,-0.0087737450376153,0.7736426591873169,0.3463708758354187,-0.008800063282251358,0.7121217250823975,0.2770424485206604,-0.013374454341828823,0.6923065781593323,0.19470994174480438,-0.01511289831250906,0.761597752571106,0.1928022801876068,0.029876936227083206,0.7100480794906616,0.12070287764072418,0.012669365853071213,0.6967319250106812,0.14269888401031494,-0.0036799293011426926,0.7018018364906311,0.1788901686668396,-0.01172852423042059,0.7922384738922119,0.1398204267024994,0.02458755113184452,0.7418413162231445,0.07529917359352112,0.01163739524781704,0.7394575476646423,0.1188979297876358,-0.0003451993106864393,0.7521894574165344,0.1552640050649643,-0.004691570997238159,0.82992023229599,0.1020711213350296,0.01374796126037836,0.7881448864936829,0.04862464964389801,-0.005442950874567032,0.7915146946907043,0.10291334241628647,-0.008363349363207817,0.8081867098808289,0.1472894549369812,-0.0046080355532467365,0.8714041709899902,0.08290259540081024,0.0017193054081872106,0.8352028727531433,0.03966802358627319,-0.011989038437604904,0.839241623878479,0.08383879065513611,-0.007796668913215399,0.856713056564331,0.12676769495010376,0.00018919631838798523
