0,1,2,3,4,5,6,7,8,9,10,11,12,13,14,15,16,17,18,19,20,21,22,23,24,25,26,27,28,29,30,31,32,33,34,35,36,37,38,39,40,41,42,43,44,45,46,47,48,49,50,51,52,53,54,55,56,57,58,59,60,61,62
0.41924628615379333,0.46090173721313477,-1.725141807185082e-08,0.43394938111305237,0.4351024925708771,-0.015043494291603565,0.4586487412452698,0.4261382520198822,-0.02319466322660446,0.47990715503692627,0.4287582039833069,-0.028596507385373116,0.4980212450027466,0.42890796065330505,-0.032949164509773254,0.4560627043247223,0.48472678661346436,-0.019955070689320564,0.47540828585624695,0.4986787736415863,-0.030127784237265587,0.4877413213253021,0.4956059753894806,-0.03692953288555145,0.49614012241363525,0.48614737391471863,-0.04035171493887901,0.452554315328598,0.5039876699447632,-0.015478349290788174,0.4742613732814789,0.5158469080924988,-0.023581158369779587,0.48738789558410645,0.5098724365234375,-0.027172701433300972,0.4953395128250122,0.4976322650909424,-0.02935781143605709,0.44929343461990356,0.5171448588371277,-0.012154054827988148,0.4688514173030853,0.5290747284889221,-0.01961190439760685,0.4819287359714508,0.5213598608970642,-0.02090168558061123,0.49068683385849,0.509070634841919,-0.02075481042265892,0.44648611545562744,0.5257433652877808,-0.009813917800784111,0.46396031975746155,0.5371307730674744,-0.016076818108558655,0.47564250230789185,0.5347499847412109,-0.017482629045844078,0.4844405949115753,0.5271943807601929,-0.017431044951081276
0.4145616590976715,0.45890337228775024,-5.701481242681439e-08,0.4284760057926178,0.43232738971710205,-0.02075219340622425,0.45485445857048035,0.4192042052745819,-0.03124646469950676,0.4784688949584961,0.4177113175392151,-0.037630561739206314,0.5000678300857544,0.4171258509159088,-0.04273349419236183,0.45802417397499084,0.48816215991973877,-0.02587965875864029,0.4859851598739624,0.49172040820121765,-0.037783537060022354,0.5022670030593872,0.47772690653800964,-0.04615192115306854,0.5109857320785522,0.4595511257648468,-0.050299663096666336,0.45683640241622925,0.5054101943969727,-0.017997832968831062,0.48586305975914,0.5034130215644836,-0.0256485752761364,0.501887321472168,0.4860900342464447,-0.029284019023180008,0.5096516609191895,0.46434175968170166,-0.0319003090262413,0.4554886221885681,0.5148991942405701,-0.011781982146203518,0.4813229441642761,0.512021005153656,-0.018446674570441246,0.4963686168193817,0.4927019774913788,-0.020323995500802994,0.5058351159095764,0.4720247685909271,-0.02130453661084175,0.4535651206970215,0.5192618370056152,-0.0070131397806108,0.4764050245285034,0.5140830278396606,-0.013340655714273453,0.4886147975921631,0.49986621737480164,-0.015379445627331734,0.49658238887786865,0.48388761281967163,-0.016031472012400627
0.41706714034080505,0.45435571670532227,-3.610250942642779e-08,0.43091046810150146,0.4263301193714142,-0.018863681703805923,0.4560258090496063,0.41278141736984253,-0.028386864811182022,0.47850438952445984,0.4128657579421997,-0.034147489815950394,0.4985353350639343,0.41367483139038086,-0.0385957695543766,0.4577232301235199,0.4779471457004547,-0.024225914850831032,0.4811262786388397,0.4902273714542389,-0.035006728023290634,0.49661171436309814,0.4823070466518402,-0.042142342776060104,0.5057650804519653,0.4681456983089447,-0.045717258006334305,0.45631811022758484,0.4967966377735138,-0.017310090363025665,0.4822343587875366,0.5034226179122925,-0.024855194613337517,0.49841389060020447,0.49255266785621643,-0.027966439723968506,0.5073121786117554,0.4758845567703247,-0.03011716902256012,0.45463719964027405,0.5075863003730774,-0.011831539683043957,0.47823986411094666,0.5121920108795166,-0.018901987001299858,0.49249905347824097,0.49886828660964966,-0.0202446598559618,0.5018402338027954,0.4822911024093628,-0.0205051451921463,0.4527322053909302,0.5136178135871887,-0.0075998385436832905,0.4732535779476166,0.5177090764045715,-0.014231141656637192,0.48520147800445557,0.5096108317375183,-0.016065113246440887,0.4940947890281677,0.49787020683288574,-0.016390735283493996
0.41591399908065796,0.4531766176223755,-5.817820891707015e-08,0.4299096167087555,0.4290756285190582,-0.018086332827806473,0.45353350043296814,0.4151500463485718,-0.027971385046839714,0.4761238694190979,0.41332384943962097,-0.034568410366773605,0.4969026446342468,0.41290584206581116,-0.03976225107908249,0.45946004986763,0.483391135931015,-0.023744478821754456,0.4898025691509247,0.4828646183013916,-0.036934465169906616,0.5081644654273987,0.46461042761802673,-0.04576008394360542,0.5180765986442566,0.44449642300605774,-0.05013817921280861,0.46073397994041443,0.49812179803848267,-0.01821480132639408,0.4917013645172119,0.492036908864975,-0.02865961566567421,0.5092217326164246,0.4711383879184723,-0.03354770690202713,0.5176247358322144,0.4484825134277344,-0.03633906692266464,0.4616657495498657,0.5055124163627625,-0.014220036566257477,0.4902455806732178,0.49778488278388977,-0.02375675179064274,0.506359875202179,0.4754001498222351,-0.026011204347014427,0.5150027275085449,0.4520523250102997,-0.02622147463262081,0.46201610565185547,0.5078948736190796,-0.011463821865618229,0.48721492290496826,0.500038206577301,-0.019851593300700188,0.5014002323150635,0.4836982190608978,-0.022169698029756546,0.5098579525947571,0.4647248685359955,-0.022248852998018265
0.7632582187652588,1.0174839496612549,-8.907036885830166e-07,0.7155808806419373,0.9529418349266052,-0.025177806615829468,0.6787843704223633,0.8640780448913574,-0.046661898493766785,0.6666563153266907,0.7873032093048096,-0.06860491633415222,0.6902745962142944,0.7761858105659485,-0.08753225952386856,0.7463454008102417,0.7289403080940247,-0.025026999413967133,0.7339382767677307,0.7074697017669678,-0.0639210119843483,0.722537636756897,0.7972192764282227,-0.08819695562124252,0.7234399318695068,0.8465415239334106,-0.10149699449539185,0.7941135168075562,0.7521428465843201,-0.032047465443611145,0.7796273827552795,0.7250686883926392,-0.0704217329621315,0.7597872614860535,0.8329623937606812,-0.07763131707906723,0.7580999135971069,0.8835138082504272,-0.0756625086069107,0.8367133140563965,0.7960079312324524,-0.044148366898298264,0.8225560188293457,0.7771315574645996,-0.07773485779762268,0.7985293865203857,0.867385983467102,-0.06623256206512451,0.7941735982894897,0.9044252634048462,-0.051750052720308304,0.8743768930435181,0.8523831367492676,-0.05932250991463661,0.8576657772064209,0.851684033870697,-0.07403837144374847,0.8342226147651672,0.9064125418663025,-0.06201896816492081,0.8291091322898865,0.9258123636245728,-0.050203386694192886
0.764296293258667,0.9896124005317688,-4.438595055944461e-07,0.7116150856018066,0.9185777306556702,-0.022953668609261513,0.6743679046630859,0.8141143918037415,-0.036603894084692,0.6681236624717712,0.7292486429214478,-0.05118933320045471,0.6893187165260315,0.6857835650444031,-0.0606473833322525,0.730858325958252,0.6883361339569092,-0.0014242613688111305,0.7277098894119263,0.628884494304657,-0.037968046963214874,0.7181351780891418,0.7208086848258972,-0.06019015610218048,0.717525064945221,0.7852439880371094,-0.06969289481639862,0.7759914994239807,0.7040610909461975,-0.005510508548468351,0.7757850885391235,0.6357110738754272,-0.042543720453977585,0.7541111707687378,0.7477147579193115,-0.050837766379117966,0.7486015558242798,0.8046134114265442,-0.04616662859916687,0.8174570202827454,0.7397955656051636,-0.01645933836698532,0.8203579187393188,0.6684367656707764,-0.05146104097366333,0.7925539612770081,0.7690693140029907,-0.04015648737549782,0.7826070189476013,0.8147431015968323,-0.022174183279275894,0.8566308617591858,0.7926294207572937,-0.029946086928248405,0.8544464111328125,0.7462481260299683,-0.05022852122783661,0.8269556760787964,0.8069648742675781,-0.039354417473077774,0.8148333430290222,0.8342891335487366,-0.024752750992774963
0.7615351676940918,0.9245126247406006,-4.370392900909792e-07,0.7068210244178772,0.8512524962425232,-0.01950378157198429,0.6710354685783386,0.7431766390800476,-0.028896160423755646,0.6652089953422546,0.6540667414665222,-0.03988010808825493,0.6858266592025757,0.5956606864929199,-0.04536402225494385,0.7217828035354614,0.6210652589797974,0.00682504428550601,0.7204964756965637,0.5502209663391113,-0.02702932618558407,0.7128381729125977,0.6393482685089111,-0.048040881752967834,0.7129378914833069,0.7022013068199158,-0.056421536952257156,0.7648805975914001,0.6348861455917358,0.002579999854788184,0.766482412815094,0.5588960647583008,-0.03014206700026989,0.7469421625137329,0.667313814163208,-0.03794911876320839,0.7427904009819031,0.7240419387817383,-0.033244065940380096,0.8054670095443726,0.6671008467674255,-0.008492447435855865,0.8097370266914368,0.5906293988227844,-0.0404946394264698,0.7830179929733276,0.6908884644508362,-0.029520398005843163,0.7737306356430054,0.7436206340789795,-0.011414637789130211,0.8456494808197021,0.7168363928794861,-0.02176824025809765,0.8448202610015869,0.6576684713363647,-0.03978479281067848,0.8176511526107788,0.7168598771095276,-0.02809220179915428,0.8042586445808411,0.7539954781532288,-0.012500284239649773
0.75924152135849,0.864825963973999,-4.805456228496041e-07,0.702365517616272,0.7963530421257019,-0.015395321883261204,0.6673352122306824,0.6842671632766724,-0.022378483787178993,0.6634618639945984,0.5936614871025085,-0.03192144259810448,0.6800777912139893,0.5284765958786011,-0.03673196956515312,0.714490532875061,0.5675815939903259,0.008365987800061703,0.7121277451515198,0.48975467681884766,-0.024049799889326096,0.7072420716285706,0.5739175081253052,-0.04389401897788048,0.7091372609138489,0.637686014175415,-0.05173053592443466,0.7569333910942078,0.576330304145813,0.001312162959948182,0.7606759667396545,0.48936229944229126,-0.030680576339364052,0.7438197731971741,0.5944710969924927,-0.03851502016186714,0.7396377921104431,0.6546735167503357,-0.03381986543536186,0.7978048324584961,0.6059078574180603,-0.011955304071307182,0.8020570874214172,0.5216798782348633,-0.042927954345941544,0.778495728969574,0.6199907064437866,-0.033054862171411514,0.7703669667243958,0.6730554103851318,-0.01618603616952896,0.8384051322937012,0.6533154845237732,-0.027060506865382195,0.8357458710670471,0.5934904217720032,-0.04535960406064987,0.8104548454284668,0.654718279838562,-0.034638144075870514,0.7990787625312805,0.6941975355148315,-0.020095154643058777
0.7542049288749695,0.819122314453125,-5.10283996391081e-07,0.6986132264137268,0.752837061882019,-0.014443149790167809,0.6642512083053589,0.6352361440658569,-0.020774787291884422,0.6585333943367004,0.5410196781158447,-0.030060920864343643,0.6734004616737366,0.47899794578552246,-0.03500260412693024,0.706856369972229,0.5192793607711792,0.009786796756088734,0.7059755921363831,0.44112056493759155,-0.022389736026525497,0.7024441957473755,0.5277174115180969,-0.04239615052938461,0.7042825818061829,0.5930994153022766,-0.050389498472213745,0.7484138011932373,0.527691125869751,0.002442213473841548,0.7538568377494812,0.43994778394699097,-0.028935639187693596,0.7377963066101074,0.546832263469696,-0.03636011853814125,0.7325809001922607,0.6095746159553528,-0.031548693776130676,0.7889414429664612,0.5569726228713989,-0.011081530712544918,0.7956075072288513,0.4681112766265869,-0.0409994013607502,0.7724835872650146,0.5677070617675781,-0.03068065084517002,0.7630527019500732,0.6267898082733154,-0.013777721673250198,0.8283647298812866,0.6030725240707397,-0.026445016264915466,0.8257557153701782,0.541181206703186,-0.04366565868258476,0.8010631203651428,0.6028293371200562,-0.03259597346186638,0.7892873883247375,0.6455242037773132,-0.018107760697603226
0.7439607381820679,0.7866297364234924,-5.217983698457829e-07,0.6894283294677734,0.716435432434082,-0.015086998231709003,0.6574382781982422,0.5990161299705505,-0.02170650288462639,0.6523517966270447,0.5032211542129517,-0.03167189285159111,0.6673895120620728,0.4370145797729492,-0.03719192370772362,0.6996015906333923,0.48779943585395813,0.010966295376420021,0.6998172998428345,0.40526384115219116,-0.020234964787960052,0.6960863471031189,0.4885964095592499,-0.04040386900305748,0.697399377822876,0.5529732704162598,-0.048924293369054794,0.7400838732719421,0.4957677125930786,0.004301104228943586,0.744912326335907,0.40674957633018494,-0.025909608229994774,0.7299115061759949,0.5087375640869141,-0.034523334354162216,0.7249822616577148,0.5725557208061218,-0.03130846098065376,0.7800153493881226,0.5234260559082031,-0.008651678450405598,0.7876690030097961,0.4271601438522339,-0.03680912032723427,0.7644085884094238,0.5213879346847534,-0.028036518022418022,0.7539497017860413,0.5856263637542725,-0.012966922484338284,0.8191792964935303,0.5691843628883362,-0.02371501922607422,0.818011462688446,0.5032511949539185,-0.04045934975147247,0.7919394969940186,0.5579050183296204,-0.031486283987760544,0.7776373028755188,0.6033938527107239,-0.018900511786341667
0.7415993809700012,0.7660694122314453,-5.064210881755571e-07,0.6849218606948853,0.6937696933746338,-0.015501892194151878,0.6522167325019836,0.5763415098190308,-0.022492660209536552,0.6466234922409058,0.48033449053764343,-0.03307018429040909,0.664595365524292,0.41197124123573303,-0.03920653462409973,0.6949774622917175,0.4701915681362152,0.01250587496906519,0.6935063004493713,0.3802504539489746,-0.019761569797992706,0.6895075440406799,0.4563741683959961,-0.040574222803115845,0.6915650367736816,0.5209014415740967,-0.04905810207128525,0.7346051931381226,0.47591355443000793,0.006138869095593691,0.7376046180725098,0.3790208101272583,-0.02556832879781723,0.72271329164505,0.4764060974121094,-0.03531741723418236,0.718856930732727,0.5411052107810974,-0.0320860929787159,0.7737608551979065,0.5006203651428223,-0.0067620547488331795,0.7789919972419739,0.39921867847442627,-0.03627341240644455,0.7564231157302856,0.4905637502670288,-0.028918685391545296,0.7478022575378418,0.5557312965393066,-0.013947553001344204,0.8127550482749939,0.5432787537574768,-0.02177753858268261,0.8077860474586487,0.4760323464870453,-0.03904713690280914,0.7829622626304626,0.5287598371505737,-0.03095850721001625,0.7714194059371948,0.5746784210205078,-0.01860146038234234
0.7387530207633972,0.7517194747924805,-4.916742000204977e-07,0.6817875504493713,0.6737191677093506,-0.01335562951862812,0.6489086747169495,0.558639407157898,-0.020250847563147545,0.6416829824447632,0.4621608853340149,-0.031655509024858475,0.6603702306747437,0.3903886079788208,-0.03893817588686943,0.6906926035881042,0.4565325379371643,0.01608971133828163,0.688232421875,0.36061424016952515,-0.01529795303940773,0.6844604015350342,0.428367018699646,-0.036129843443632126,0.6872276663780212,0.4918825328350067,-0.04459197074174881,0.7289862036705017,0.4619549512863159,0.009134764783084393,0.7320824861526489,0.359092652797699,-0.021999523043632507,0.7172303795814514,0.4513537585735321,-0.03270149230957031,0.7137747406959534,0.517234742641449,-0.030053531751036644,0.7673406600952148,0.48433366417884827,-0.004191617481410503,0.77239590883255,0.3777470290660858,-0.03272388502955437,0.7503538131713867,0.4652397036552429,-0.026499921455979347,0.7424888014793396,0.5326112508773804,-0.012149827554821968,0.8058568835258484,0.5243085026741028,-0.019501889124512672,0.8017715215682983,0.44905218482017517,-0.035549938678741455,0.7771767973899841,0.4987937808036804,-0.02777979150414467,0.7654727697372437,0.5474644899368286,-0.01568809524178505
0.7363188862800598,0.742668867111206,-5.026983558309439e-07,0.6800572276115417,0.6632938385009766,-0.011366231366991997,0.6469095945358276,0.5484887361526489,-0.017326105386018753,0.6393024921417236,0.45041757822036743,-0.028251660987734795,0.6572052240371704,0.37686118483543396,-0.03540198877453804,0.6874333024024963,0.4478556215763092,0.018309548497200012,0.6846773624420166,0.35183972120285034,-0.011225913651287556,0.680861234664917,0.4141785502433777,-0.03129597380757332,0.6829960942268372,0.4763472080230713,-0.039567891508340836,0.724975049495697,0.4522451162338257,0.010691234841942787,0.7284748554229736,0.3483072519302368,-0.019472170621156693,0.7133957743644714,0.43531787395477295,-0.030781889334321022,0.708251416683197,0.5009030699729919,-0.02874758467078209,0.7627440094947815,0.47345900535583496,-0.002882828237488866,0.7678412795066833,0.3672837018966675,-0.030272265896201134,0.7461011409759521,0.4509586691856384,-0.025244513526558876,0.737101137638092,0.5166575908660889,-0.011985378339886665,0.8009974360466003,0.5117393136024475,-0.0182240828871727,0.797521710395813,0.43531709909439087,-0.03301678225398064,0.7735400199890137,0.48232588171958923,-0.025629179552197456,0.7611479759216309,0.5286433100700378,-0.01415994856506586
0.7341391444206238,0.7341840863227844,-5.03695162024087e-07,0.6783847212791443,0.6582870483398438,-0.012094821780920029,0.6446939706802368,0.5431475639343262,-0.018340645357966423,0.6367248296737671,0.4436049461364746,-0.02930261939764023,0.6543721556663513,0.36741602420806885,-0.036372110247612,0.6847614645957947,0.44068804383277893,0.017602546140551567,0.6828649044036865,0.3438372313976288,-0.012046021409332752,0.6791282296180725,0.4049948453903198,-0.03199225664138794,0.6816118359565735,0.4668678343296051,-0.040231384336948395,0.7221498489379883,0.44424566626548767,0.010379835031926632,0.7262948751449585,0.33875030279159546,-0.020072145387530327,0.7108653783798218,0.4252162575721741,-0.03142877668142319,0.7055244445800781,0.48995569348335266,-0.029422767460346222,0.7595760822296143,0.46441781520843506,-0.002847919939085841,0.7659514546394348,0.3581879436969757,-0.030573591589927673,0.7436209917068481,0.44154325127601624,-0.025774091482162476,0.7342411875724792,0.5055464506149292,-0.012694618664681911,0.7976680994033813,0.5015540719032288,-0.017865128815174103,0.7949219942092896,0.424818217754364,-0.03285575285553932,0.7705174684524536,0.47227877378463745,-0.0258057601749897,0.7576004266738892,0.5176259875297546,-0.01467126701027155
0.7337861061096191,0.7288515567779541,-5.140626058164344e-07,0.6777604222297668,0.6544433832168579,-0.010268637910485268,0.6434791088104248,0.5394389629364014,-0.015007398091256618,0.6345889568328857,0.4371052086353302,-0.02495444379746914,0.6523206233978271,0.36032429337501526,-0.03125397488474846,0.6833471059799194,0.43967491388320923,0.021514015272259712,0.6809753775596619,0.34175217151641846,-0.006677314173430204,0.6777170300483704,0.39987730979919434,-0.026225080713629723,0.6808257102966309,0.4618596136569977,-0.03440628573298454,0.7197479605674744,0.4427827000617981,0.013926530256867409,0.7235804200172424,0.3339103162288666,-0.015671661123633385,0.7090996503829956,0.41854581236839294,-0.027499837800860405,0.7046553492546082,0.485063374042511,-0.025795526802539825,0.7569772005081177,0.4617791771888733,0.0004754967230837792,0.7630060911178589,0.3536378741264343,-0.026643572375178337,0.7413918972015381,0.43529874086380005,-0.022663667798042297,0.7323644161224365,0.4997519850730896,-0.010060619562864304,0.7956146001815796,0.4971139430999756,-0.01461887825280428,0.7923107147216797,0.4172614812850952,-0.02917267568409443,0.76816725730896,0.4639900326728821,-0.02243533544242382,0.755382776260376,0.5105393528938293,-0.011578677222132683
0.7335623502731323,0.7257050275802612,-5.2234838676668e-07,0.6774685978889465,0.6539098024368286,-0.011598000302910805,0.6424298882484436,0.538546621799469,-0.017117870971560478,0.6330782175064087,0.43482470512390137,-0.027490148320794106,0.6520240902900696,0.3582441806793213,-0.033871036022901535,0.682502269744873,0.43411076068878174,0.020017556846141815,0.6807075142860413,0.33630841970443726,-0.009326422587037086,0.6781805753707886,0.39798837900161743,-0.029730068519711494,0.6817690134048462,0.46205779910087585,-0.03835424408316612,0.7191723585128784,0.4379212260246277,0.013010591268539429,0.7228972315788269,0.32995641231536865,-0.017535649240016937,0.70930016040802,0.415901243686676,-0.02998526021838188,0.7048601508140564,0.483043372631073,-0.028747154399752617,0.7562981843948364,0.4576156735420227,4.2371921153971925e-06,0.7629556655883789,0.349900484085083,-0.02779773436486721,0.7412753701210022,0.43136343359947205,-0.024270975962281227,0.7312585711479187,0.49593499302864075,-0.012005957774817944,0.7947008013725281,0.4933939278125763,-0.014748388901352882,0.7920702695846558,0.4130284786224365,-0.030204642564058304,0.7678074836730957,0.46043527126312256,-0.024154381826519966,0.753823459148407,0.5079813599586487,-0.013710870407521725
0.7329308986663818,0.7216689586639404,-5.41189081104676e-07,0.6770977973937988,0.650467038154602,-0.010424415580928326,0.6416361927986145,0.5352098941802979,-0.01549355685710907,0.6325958371162415,0.4324575662612915,-0.02557132951915264,0.6531224846839905,0.35917702317237854,-0.03187321871519089,0.6831459403038025,0.4307364821434021,0.019324906170368195,0.6815373301506042,0.33554351329803467,-0.009217899292707443,0.6783437728881836,0.39780953526496887,-0.028823496773838997,0.681042492389679,0.4621533155441284,-0.0370766706764698,0.7197543382644653,0.4348660111427307,0.011687838472425938,0.7236276865005493,0.3290015459060669,-0.01846926473081112,0.7095218896865845,0.4174940586090088,-0.030015738680958748,0.7047984600067139,0.48543450236320496,-0.028170863166451454,0.7567414045333862,0.4552392065525055,-0.0016499458579346538,0.7632268667221069,0.3504273295402527,-0.029423249885439873,0.7411760091781616,0.4342805743217468,-0.02516704425215721,0.7311956286430359,0.49963492155075073,-0.012372116558253765,0.7946431636810303,0.4916733503341675,-0.016560642048716545,0.7914911508560181,0.41370195150375366,-0.03181331604719162,0.7672570943832397,0.4623665511608124,-0.02504662051796913,0.7534579038619995,0.5100268721580505,-0.014109046198427677
0.7314019799232483,0.7195895314216614,-5.756953100899409e-07,0.6764171719551086,0.6495159864425659,-0.011499421671032906,0.6406654715538025,0.5325875282287598,-0.017143459990620613,0.6318443417549133,0.43011561036109924,-0.027144894003868103,0.6563308238983154,0.3641192317008972,-0.033147282898426056,0.6852588057518005,0.4275963604450226,0.016086246818304062,0.6835257411003113,0.33459585905075073,-0.013812551274895668,0.6792132258415222,0.4069725275039673,-0.03347136825323105,0.6811177730560303,0.4750289022922516,-0.0416695773601532,0.7222597599029541,0.433702677488327,0.008546203374862671,0.724815309047699,0.3301083445549011,-0.022442463785409927,0.7100931406021118,0.42641499638557434,-0.032350968569517136,0.7065390944480896,0.49420392513275146,-0.02929016388952732,0.7594782710075378,0.4568062424659729,-0.004743513185530901,0.7653419375419617,0.3524872660636902,-0.03405891731381416,0.7430740594863892,0.4444527328014374,-0.027044933289289474,0.73467618227005,0.510020911693573,-0.012138214893639088,0.7968761920928955,0.4967690408229828,-0.01960877701640129,0.7920993566513062,0.4224846065044403,-0.03619023412466049,0.7682344913482666,0.47823673486709595,-0.027664529159665108,0.7568699717521667,0.5264155864715576,-0.015176763758063316
0.7279725670814514,0.7181063294410706,-5.884327265448519e-07,0.6752926111221313,0.647584080696106,-0.01306111179292202,0.6406758427619934,0.5362387895584106,-0.02052897959947586,0.6313315629959106,0.43960219621658325,-0.03184479475021362,0.6557044982910156,0.3784065842628479,-0.039056867361068726,0.686679482460022,0.4288845956325531,0.010877478867769241,0.6834832429885864,0.33838769793510437,-0.02057144045829773,0.6789989471435547,0.41455012559890747,-0.04048224166035652,0.68064284324646,0.48075437545776367,-0.0488799586892128,0.7244726419448853,0.4366041123867035,0.003456725040450692,0.7246387004852295,0.33797967433929443,-0.02861967496573925,0.711090087890625,0.4372613728046417,-0.037872716784477234,0.7089003920555115,0.5026834607124329,-0.03452596068382263,0.7620901465415955,0.4618295133113861,-0.009716169908642769,0.7660606503486633,0.36215904355049133,-0.04078860953450203,0.7439164519309998,0.45702439546585083,-0.032858703285455704,0.7354025840759277,0.5211179852485657,-0.01726817898452282,0.7994413375854492,0.5044363737106323,-0.024462807923555374,0.793987512588501,0.43483343720436096,-0.04259227588772774,0.7687076926231384,0.4914688467979431,-0.03381018340587616,0.7561963200569153,0.5385034084320068,-0.020979924127459526
0.7280179858207703,0.7148346304893494,-5.943389851381653e-07,0.6766089797019958,0.6510516405105591,-0.0159648098051548,0.6394447088241577,0.548243522644043,-0.02588454633951187,0.6265745759010315,0.45610079169273376,-0.038481537252664566,0.6519603133201599,0.4143748879432678,-0.04680701345205307,0.6839859485626221,0.43221500515937805,0.003693215548992157,0.6827287673950195,0.3551454544067383,-0.02851247601211071,0.678097128868103,0.4390748143196106,-0.04782996326684952,0.6793022155761719,0.49855491518974304,-0.05666472762823105,0.7251623868942261,0.44056227803230286,-0.0030235936865210533,0.7247390747070312,0.3583211600780487,-0.03650812432169914,0.7113522887229919,0.46753281354904175,-0.04408873990178108,0.7087476253509521,0.5244945883750916,-0.03991778939962387,0.7643274664878845,0.4677421450614929,-0.015383693389594555,0.7678322196006775,0.38461482524871826,-0.04775695130228996,0.7454429268836975,0.4861389994621277,-0.03771047294139862,0.7362582683563232,0.5411732792854309,-0.020934395492076874,0.8016876578330994,0.51174396276474,-0.029482033103704453,0.7964853048324585,0.45753729343414307,-0.04786359891295433,0.7717707753181458,0.5198982954025269,-0.037696488201618195,0.7598673105239868,0.5583312511444092,-0.02419200912117958
0.725679337978363,0.7135688066482544,-5.969260996607773e-07,0.6783468723297119,0.6566316485404968,-0.02108808234333992,0.6413834095001221,0.5646373629570007,-0.03464978188276291,0.6296128630638123,0.4806918501853943,-0.049265552312135696,0.6579048037528992,0.4621288776397705,-0.05948014184832573,0.6893196702003479,0.4401604235172272,-0.005663894582539797,0.6883888244628906,0.38621076941490173,-0.03951398283243179,0.6826813817024231,0.472046822309494,-0.05974866822361946,0.6836447715759277,0.5318673849105835,-0.06888005882501602,0.7313159108161926,0.4518035352230072,-0.009787318296730518,0.7314374446868896,0.3949050307273865,-0.04300498589873314,0.7159053683280945,0.5020979642868042,-0.04960465058684349,0.7112279534339905,0.5565789341926575,-0.04560139402747154,0.7704337239265442,0.4807792007923126,-0.019735200330615044,0.7735148072242737,0.42283159494400024,-0.052492059767246246,0.7499950528144836,0.5225012898445129,-0.04294959083199501,0.7386255264282227,0.5748740434646606,-0.026969753205776215,0.8070563077926636,0.5251526832580566,-0.031832847744226456,0.805758535861969,0.48740458488464355,-0.05019243434071541,0.7800005078315735,0.5493289232254028,-0.040728453546762466,0.7646546959877014,0.5837786197662354,-0.02817372977733612
0.7200007438659668,0.7070515751838684,-5.778839522463386e-07,0.6810325980186462,0.6635101437568665,-0.03085433319211006,0.6453046202659607,0.5914601683616638,-0.04972962662577629,0.6355478763580322,0.5265548229217529,-0.06586034595966339,0.6609691381454468,0.5119509696960449,-0.07693690806627274,0.6998733878135681,0.4105480909347534,-0.018815429881215096,0.6933913230895996,0.42849215865135193,-0.05182431638240814,0.6895549297332764,0.5205927491188049,-0.07398895919322968,0.6917441487312317,0.5760650038719177,-0.08545413613319397,0.7451251745223999,0.4191009998321533,-0.017940131947398186,0.7369617819786072,0.4414057433605194,-0.04874276742339134,0.7209229469299316,0.5459751486778259,-0.05644566938281059,0.7146857976913452,0.5914691686630249,-0.054756514728069305,0.7833499908447266,0.4566965103149414,-0.02273738943040371,0.7761916518211365,0.48258155584335327,-0.05376968905329704,0.7536406517028809,0.5691929459571838,-0.04783676192164421,0.742606520652771,0.6043446063995361,-0.03560414910316467,0.8152382969856262,0.5089041590690613,-0.03065340220928192,0.8078478574752808,0.5304486751556396,-0.04822186008095741,0.7839223146438599,0.5866177082061768,-0.04155883193016052,0.7697006464004517,0.6060389876365662,-0.03114532120525837
0.7313705682754517,0.7036973237991333,-4.3626926071738126e-07,0.6930125951766968,0.6804518699645996,-0.042002562433481216,0.6542133688926697,0.6343696117401123,-0.07043430209159851,0.6399088501930237,0.5962405204772949,-0.09295756369829178,0.6568247079849243,0.5681766271591187,-0.11012336611747742,0.6988683938980103,0.42965227365493774,-0.04454273357987404,0.6961648464202881,0.49483722448349,-0.0776539221405983,0.6963431239128113,0.5798536539077759,-0.09910185635089874,0.6989536881446838,0.6234086155891418,-0.11159028857946396,0.7456949949264526,0.4296697974205017,-0.039270251989364624,0.7438406348228455,0.5016127824783325,-0.07011742889881134,0.7320361137390137,0.5926671028137207,-0.081415556371212,0.7278116345405579,0.624130368232727,-0.08536827564239502,0.7843285799026489,0.4624782204627991,-0.038447074592113495,0.7850516438484192,0.5362751483917236,-0.06763279438018799,0.7667456269264221,0.6063430309295654,-0.0660005509853363,0.7572107911109924,0.6232537031173706,-0.06060919910669327,0.8153270483016968,0.5129085779190063,-0.04168982431292534,0.8168776035308838,0.5766990184783936,-0.061463676393032074,0.7963972091674805,0.6310129761695862,-0.05941884592175484,0.7821459770202637,0.6414237022399902,-0.05387622117996216
0.743181049823761,0.6807608604431152,-5.384540600061882e-07,0.7050526738166809,0.677393913269043,-0.048173632472753525,0.6639308333396912,0.6587101817131042,-0.08360815793275833,0.6463561058044434,0.6497280597686768,-0.11117450147867203,0.661798894405365,0.6498889327049255,-0.13379782438278198,0.6991034746170044,0.469119131565094,-0.07353805005550385,0.6964568495750427,0.5855620503425598,-0.11166765540838242,0.7006281018257141,0.6771016120910645,-0.1297427862882614,0.7030806541442871,0.7204728126525879,-0.13869702816009521,0.7495613694190979,0.46963492035865784,-0.0673716738820076,0.7451428174972534,0.5937801599502563,-0.10431919991970062,0.7324749231338501,0.6893324255943298,-0.1112460270524025,0.7254528403282166,0.7203916311264038,-0.11219513416290283,0.7907490730285645,0.49859005212783813,-0.0642942264676094,0.786984920501709,0.6271604895591736,-0.10240904241800308,0.7629070281982422,0.7061141729354858,-0.09811538457870483,0.7468763589859009,0.7231504917144775,-0.08953335136175156,0.821376621723175,0.5438184142112732,-0.06500718742609024,0.8169400095939636,0.6372217535972595,-0.09006761014461517,0.7926405668258667,0.7025763988494873,-0.08496887981891632,0.7729316353797913,0.7209643125534058,-0.07674730569124222
0.7495295405387878,0.7078390717506409,-5.71511009184178e-07,0.7102509140968323,0.6988978385925293,-0.04541385918855667,0.6663151383399963,0.6748172044754028,-0.0801398754119873,0.6497345566749573,0.6861476302146912,-0.1079084724187851,0.665422797203064,0.7177172303199768,-0.13115836679935455,0.6970784068107605,0.5047607421875,-0.07431253790855408,0.6978902816772461,0.6357629895210266,-0.11584856361150742,0.7008373737335205,0.7305177450180054,-0.1363053321838379,0.703330397605896,0.7696017622947693,-0.1471913605928421,0.7488756775856018,0.5025041103363037,-0.07069186866283417,0.7476388216018677,0.6506081819534302,-0.11124298721551895,0.7336969375610352,0.7462843656539917,-0.11915957182645798,0.7260937094688416,0.7679113149642944,-0.12095540761947632,0.7924500703811646,0.5310519337654114,-0.07023964822292328,0.7873741984367371,0.6802487373352051,-0.10969264060258865,0.7622235417366028,0.7558987140655518,-0.10531841963529587,0.7467077374458313,0.7603862285614014,-0.09694618731737137,0.8248757719993591,0.5752689242362976,-0.07369057089090347,0.8171288371086121,0.6819004416465759,-0.09875001013278961,0.79365473985672,0.7411783933639526,-0.09416802227497101,0.7762657403945923,0.7469516396522522,-0.08676433563232422
0.7439731359481812,0.7197675108909607,-5.807305569760501e-07,0.7076159715652466,0.7127710580825806,-0.043906789273023605,0.6648858785629272,0.6932607293128967,-0.07677184045314789,0.6479257941246033,0.708767831325531,-0.10284993052482605,0.663441002368927,0.7372336387634277,-0.12435540556907654,0.6952223181724548,0.5213316679000854,-0.07178936153650284,0.689156711101532,0.6459988355636597,-0.11166422069072723,0.6967739462852478,0.7452458739280701,-0.13051345944404602,0.7038861513137817,0.7924433350563049,-0.13984867930412292,0.7500015497207642,0.5207153558731079,-0.06821168214082718,0.7398474812507629,0.6677918434143066,-0.10492569208145142,0.7296680808067322,0.7631593942642212,-0.11137355118989944,0.7257592082023621,0.7853255271911621,-0.11279977113008499,0.7948289513587952,0.5511776208877563,-0.06789001077413559,0.780093252658844,0.7022059559822083,-0.1025662049651146,0.7562685012817383,0.7747961282730103,-0.09663837403059006,0.7432616949081421,0.7791960835456848,-0.08850688487291336,0.8273623585700989,0.596561849117279,-0.07163254916667938,0.8096896409988403,0.7051262259483337,-0.09321761131286621,0.7864547967910767,0.7618882656097412,-0.08733464777469635,0.772229015827179,0.768057107925415,-0.07976873964071274
0.7467457056045532,0.731128990650177,-5.716144073630858e-07,0.7089674472808838,0.7264688014984131,-0.04362662136554718,0.6636009216308594,0.7046740055084229,-0.07562370598316193,0.6454722881317139,0.7201731204986572,-0.10075335949659348,0.6625005006790161,0.7507278323173523,-0.12046265602111816,0.6936428546905518,0.5311152338981628,-0.07019821554422379,0.6871168613433838,0.6638522744178772,-0.10953695327043533,0.6939302682876587,0.7633638381958008,-0.12801173329353333,0.701785683631897,0.8024986982345581,-0.13791553676128387,0.748616635799408,0.5278809070587158,-0.06560815870761871,0.7380638718605042,0.6877959966659546,-0.101203054189682,0.7259516716003418,0.7788040637969971,-0.10664469748735428,0.72226881980896,0.7900228500366211,-0.10820303112268448,0.7943073511123657,0.5570719242095947,-0.06440265476703644,0.779499888420105,0.7196064591407776,-0.09704627841711044,0.7542975544929504,0.7895599603652954,-0.08964624255895615,0.7407944798469543,0.7876608371734619,-0.0812438577413559,0.8283113241195679,0.6015546321868896,-0.0675559788942337,0.8111639618873596,0.7131298780441284,-0.08895161747932434,0.7920412421226501,0.7631040811538696,-0.0842139720916748,0.7812945246696472,0.7600740790367126,-0.07755452394485474
0.7498646378517151,0.7510147094726562,-6.106822070250928e-07,0.7076671123504639,0.742485523223877,-0.043923959136009216,0.6602066159248352,0.7133967876434326,-0.0745181068778038,0.6469466686248779,0.7259036898612976,-0.09826666116714478,0.6686220169067383,0.7586597800254822,-0.11658985167741776,0.6949620246887207,0.5383979082107544,-0.0664515495300293,0.6911807060241699,0.6773678064346313,-0.1016945019364357,0.6952040791511536,0.7760224342346191,-0.11658337712287903,0.6994748711585999,0.8063727617263794,-0.12477298080921173,0.7499270439147949,0.5362908244132996,-0.061399832367897034,0.7410129308700562,0.6962840557098389,-0.09461314231157303,0.7257670164108276,0.7837566137313843,-0.0984787866473198,0.7190872430801392,0.7869008779525757,-0.09900074452161789,0.7953514456748962,0.5660001635551453,-0.05985429883003235,0.7815600633621216,0.7237743139266968,-0.09153182804584503,0.7543231248855591,0.7922797799110413,-0.0845930203795433,0.7397024631500244,0.7843937873840332,-0.07648065686225891,0.8291292190551758,0.6103964447975159,-0.0626077875494957,0.8124322295188904,0.7182643413543701,-0.08332773298025131,0.7921105027198792,0.7675312757492065,-0.0791143849492073,0.7802808284759521,0.762188196182251,-0.07294882088899612
0.7483577132225037,0.7521517872810364,-6.10317044902331e-07,0.7070544958114624,0.7417490482330322,-0.04278429225087166,0.6633482575416565,0.7145205736160278,-0.07232129573822021,0.6480194926261902,0.7287353277206421,-0.09532205015420914,0.6637542843818665,0.7642682790756226,-0.11346841603517532,0.6981326341629028,0.5407708287239075,-0.06390926986932755,0.6915248036384583,0.6848312020301819,-0.09732040762901306,0.6942203044891357,0.78135746717453,-0.11132544279098511,0.697971522808075,0.8093539476394653,-0.11896573752164841,0.7516196966171265,0.5403162837028503,-0.05867695063352585,0.7384380102157593,0.7053144574165344,-0.0900031253695488,0.722562313079834,0.7868665456771851,-0.09445933997631073,0.714599072933197,0.7863487601280212,-0.09595367312431335,0.7958968281745911,0.570828914642334,-0.056704483926296234,0.7778853178024292,0.7273005247116089,-0.08717717975378036,0.7516067624092102,0.7933118343353271,-0.08163533359766006,0.7370702624320984,0.7857131958007812,-0.07484201341867447,0.8290712833404541,0.6139995455741882,-0.05885215103626251,0.8110718727111816,0.7207236886024475,-0.07862351834774017,0.7914046049118042,0.7695167064666748,-0.07517482340335846,0.7796804904937744,0.7655926942825317,-0.06985590606927872
0.748124897480011,0.7481582760810852,-5.970927077214583e-07,0.7067530751228333,0.7383638024330139,-0.042110756039619446,0.6639049053192139,0.7144299149513245,-0.07199288159608841,0.648800253868103,0.7308983206748962,-0.09541004151105881,0.6647765040397644,0.7658478021621704,-0.11394618451595306,0.6982319355010986,0.5392488241195679,-0.06409381330013275,0.6915203928947449,0.6793474555015564,-0.09791101515293121,0.6948578357696533,0.7790549397468567,-0.11254992336034775,0.6996313333511353,0.8119758367538452,-0.12042790651321411,0.7517670392990112,0.5394673347473145,-0.05903239920735359,0.7377382516860962,0.7025171518325806,-0.09039445966482162,0.7219676375389099,0.7873040437698364,-0.09507687389850616,0.7147667407989502,0.7914462685585022,-0.09657979756593704,0.7957539558410645,0.5705015063285828,-0.0571298822760582,0.7773054838180542,0.7278620004653931,-0.08720947057008743,0.7512379288673401,0.7951462268829346,-0.0817304253578186,0.7370926141738892,0.7894934415817261,-0.07486167550086975,0.8291447758674622,0.6140429973602295,-0.05925296992063522,0.810642659664154,0.7215981483459473,-0.07863419502973557,0.7909877896308899,0.7711569666862488,-0.0748635083436966,0.7791563868522644,0.7681075930595398,-0.06917263567447662
0.7485246062278748,0.74748295545578,-6.005879527037905e-07,0.7075446248054504,0.7350494861602783,-0.04236813262104988,0.6643368005752563,0.7084866762161255,-0.07246193289756775,0.647470235824585,0.7208828330039978,-0.09604360163211823,0.6640725135803223,0.760022759437561,-0.11489345133304596,0.699799656867981,0.5365731716156006,-0.06444836407899857,0.6935278177261353,0.6755726933479309,-0.09795914590358734,0.6955235004425049,0.7734850645065308,-0.11237703263759613,0.6982691287994385,0.8109396696090698,-0.11984333395957947,0.7529745101928711,0.5369939208030701,-0.0590636283159256,0.7382648587226868,0.6966651678085327,-0.09067688137292862,0.7228943705558777,0.7839254140853882,-0.09572457522153854,0.7156451940536499,0.7978276610374451,-0.09694378077983856,0.7967236042022705,0.5680739283561707,-0.056702300906181335,0.777675986289978,0.7215110063552856,-0.08750463277101517,0.7519218325614929,0.7911373972892761,-0.08302372694015503,0.7375407814979553,0.7930241227149963,-0.07622047513723373,0.8297538757324219,0.6121247410774231,-0.05821871757507324,0.8107487559318542,0.7161027789115906,-0.07797153294086456,0.791912317276001,0.7658127546310425,-0.07468999922275543,0.7808097004890442,0.7666375041007996,-0.06907273828983307
0.7485936284065247,0.7472033500671387,-5.877381568097917e-07,0.7082743644714355,0.7319769263267517,-0.04221650958061218,0.6648131608963013,0.702223539352417,-0.07245587557554245,0.6473680138587952,0.7120664119720459,-0.09640632569789886,0.6635255217552185,0.7534030079841614,-0.11542195081710815,0.7012537121772766,0.5274543762207031,-0.062357619404792786,0.6952817440032959,0.6650155186653137,-0.09716331958770752,0.6962042450904846,0.7627732157707214,-0.11242567747831345,0.6985645890235901,0.8040793538093567,-0.11986152082681656,0.7539682388305664,0.5291679501533508,-0.05754249170422554,0.741443932056427,0.685881495475769,-0.09128934890031815,0.7258769273757935,0.7729183435440063,-0.09729726612567902,0.7188094258308411,0.7910135984420776,-0.09806220233440399,0.7976332306861877,0.5612204074859619,-0.05603022128343582,0.7802678346633911,0.7156583070755005,-0.08779894560575485,0.7542187571525574,0.7827889323234558,-0.08404699712991714,0.7399712800979614,0.7818828821182251,-0.07705450057983398,0.8302955031394958,0.6061509847640991,-0.05849998816847801,0.8125561475753784,0.7139741778373718,-0.07784447818994522,0.793135404586792,0.7616738677024841,-0.07482168078422546,0.7819388508796692,0.7580476403236389,-0.06915832310914993
0.7475734353065491,0.7441006302833557,-5.834157832396158e-07,0.7063996195793152,0.730368971824646,-0.04261688143014908,0.6627773642539978,0.6991631388664246,-0.07302635908126831,0.6446484327316284,0.6947819590568542,-0.0970689058303833,0.6631706953048706,0.724557638168335,-0.11581776291131973,0.7023543119430542,0.5168187618255615,-0.06028728187084198,0.6969654560089111,0.6454733610153198,-0.09525157511234283,0.6974424719810486,0.7418870329856873,-0.11062327027320862,0.6998785734176636,0.7808135747909546,-0.11813389509916306,0.7552803158760071,0.5203870534896851,-0.055685531347990036,0.7432781457901001,0.6716151237487793,-0.08952777087688446,0.7272898554801941,0.7601833343505859,-0.09559615701436996,0.720527172088623,0.7780860662460327,-0.09643877297639847,0.798200786113739,0.5543626546859741,-0.054698262363672256,0.7811391353607178,0.7056743502616882,-0.08742211014032364,0.7543436884880066,0.7754181027412415,-0.0835837572813034,0.7403856515884399,0.7776029109954834,-0.07639672607183456,0.8300663232803345,0.6015252470970154,-0.057712752372026443,0.8120509386062622,0.7087523937225342,-0.07743709534406662,0.7905796766281128,0.7601680755615234,-0.07396261394023895,0.7776888608932495,0.7600704431533813,-0.06794602423906326
0.7506939768791199,0.7506028413772583,-5.757099188485881e-07,0.7104268074035645,0.7253144979476929,-0.03745219111442566,0.6702085137367249,0.6889872550964355,-0.06569080054759979,0.6493212580680847,0.6723965406417847,-0.08890297263860703,0.6602722406387329,0.6891645193099976,-0.1075323224067688,0.7067793011665344,0.4960663318634033,-0.05193556100130081,0.6982633471488953,0.6211807727813721,-0.08821504563093185,0.6975423097610474,0.7139668464660645,-0.10690917819738388,0.6998556852340698,0.7500506043434143,-0.1163976639509201,0.7574205994606018,0.5033953189849854,-0.050343964248895645,0.7412561178207397,0.6448327302932739,-0.08416391909122467,0.7244558930397034,0.7337468266487122,-0.09119707345962524,0.7180629968643188,0.7563049793243408,-0.09231779724359512,0.7986438870429993,0.5401268005371094,-0.052427005022764206,0.7780879139900208,0.6808748245239258,-0.086058109998703,0.7515760660171509,0.7547907829284668,-0.08257895708084106,0.7391295433044434,0.7640600800514221,-0.07511813938617706,0.8294180631637573,0.590205729007721,-0.05812555178999901,0.8088974952697754,0.6990048885345459,-0.07844550907611847,0.7828514575958252,0.7582866549491882,-0.07434917986392975,0.7670407891273499,0.7670856714248657,-0.06732561439275742
0.7453777194023132,0.7415618300437927,-4.945742944073572e-07,0.7074294686317444,0.7137168645858765,-0.04423443600535393,0.6702900528907776,0.6769241094589233,-0.0764586478471756,0.6503954529762268,0.6507728099822998,-0.10288581997156143,0.6616759896278381,0.6562376022338867,-0.1243179440498352,0.70478355884552,0.4774092733860016,-0.05169248208403587,0.6944924592971802,0.5770778656005859,-0.09255600720643997,0.6930983662605286,0.6655859351158142,-0.11650190502405167,0.6957721710205078,0.705638587474823,-0.1287962794303894,0.7551594972610474,0.4822322428226471,-0.046806007623672485,0.7380997538566589,0.6055822968482971,-0.08323801308870316,0.7233791947364807,0.6955859661102295,-0.09324302524328232,0.7190454006195068,0.7213459014892578,-0.09585705399513245,0.7967242002487183,0.5198695659637451,-0.04705289006233215,0.776232123374939,0.6433528065681458,-0.08222182840108871,0.7519533634185791,0.7160160541534424,-0.07993412017822266,0.7420653104782104,0.7298067808151245,-0.0726180151104927,0.8284672498703003,0.5716720819473267,-0.05151647329330444,0.8094065189361572,0.663478434085846,-0.07207509875297546,0.7853951454162598,0.7174887657165527,-0.06860169768333435,0.7717487215995789,0.7278578877449036,-0.0617096871137619
0.7444333434104919,0.7385423183441162,-4.707008542936819e-07,0.7062081098556519,0.710089921951294,-0.04077933356165886,0.670677900314331,0.6691617965698242,-0.07023892551660538,0.6494903564453125,0.6344360709190369,-0.09456145018339157,0.6563368439674377,0.6231420040130615,-0.1140151172876358,0.7040648460388184,0.45834046602249146,-0.0435430072247982,0.6927615404129028,0.5418546795845032,-0.08369983732700348,0.6928406953811646,0.6310316920280457,-0.10970457643270493,0.6981027722358704,0.6763814091682434,-0.12338697165250778,0.7544148564338684,0.4617816209793091,-0.039268381893634796,0.7351944446563721,0.566572904586792,-0.07320226728916168,0.7240152955055237,0.6547216176986694,-0.08479952067136765,0.7231412529945374,0.6821563839912415,-0.08852588385343552,0.7965269684791565,0.49865084886550903,-0.040154557675123215,0.7746620178222656,0.6122856736183167,-0.07231654226779938,0.7537257671356201,0.6814926862716675,-0.0708453506231308,0.7457566857337952,0.6938361525535583,-0.06433035433292389,0.8296474814414978,0.5502002835273743,-0.04508044570684433,0.8091585636138916,0.634320080280304,-0.06322135031223297,0.7863237857818604,0.6851472854614258,-0.059665579348802567,0.7733378410339355,0.6928349733352661,-0.05278082937002182
0.7339261770248413,0.7161732912063599,-4.4533598497764615e-07,0.6929998993873596,0.6842700242996216,-0.04218742623925209,0.6529382467269897,0.6372742652893066,-0.0711544007062912,0.6338154673576355,0.5949612855911255,-0.09474610537290573,0.657788097858429,0.577422022819519,-0.11256936192512512,0.7025794386863708,0.43931636214256287,-0.04290836304426193,0.685687780380249,0.5026252269744873,-0.07713364064693451,0.685656726360321,0.5902207493782043,-0.09585889428853989,0.6904656887054443,0.6349008083343506,-0.10556066036224365,0.7516844868659973,0.443111777305603,-0.03748210147023201,0.7287190556526184,0.5241521000862122,-0.07013346999883652,0.7179202437400818,0.6121945381164551,-0.07993736863136292,0.7183962464332581,0.640015721321106,-0.08215121179819107,0.7927426695823669,0.4809398949146271,-0.037016354501247406,0.7699867486953735,0.5599386096000671,-0.06932777911424637,0.7519359588623047,0.629007875919342,-0.06699985265731812,0.7469359636306763,0.6447834372520447,-0.05948972702026367,0.8263536095619202,0.5329664349555969,-0.04044494032859802,0.8098579049110413,0.590127170085907,-0.06074731424450874,0.7892251014709473,0.6371875405311584,-0.05830700695514679,0.7781700491905212,0.6468729376792908,-0.051688745617866516
0.7342929840087891,0.7255973815917969,-5.21628010119457e-07,0.6935502886772156,0.6888155937194824,-0.0384221114218235,0.6524675488471985,0.6377283930778503,-0.06487594544887543,0.6333470940589905,0.5954717397689819,-0.087438203394413,0.6550719738006592,0.5768404603004456,-0.10484707355499268,0.7052724361419678,0.4357815086841583,-0.033679187297821045,0.6889652013778687,0.4920807480812073,-0.06936122477054596,0.6854130029678345,0.5799980759620667,-0.09308046102523804,0.6889786720275879,0.6269065141677856,-0.10629887133836746,0.7541751265525818,0.4398312568664551,-0.030344415456056595,0.7307541966438293,0.5152130722999573,-0.06219450756907463,0.7171220779418945,0.6044964790344238,-0.074390709400177,0.7167839407920837,0.6346972584724426,-0.07826932519674301,0.7945036292076111,0.47838497161865234,-0.03245703876018524,0.7705804705619812,0.5595666170120239,-0.06416825205087662,0.7507573366165161,0.6291309595108032,-0.06429409980773926,0.7449272871017456,0.6441302299499512,-0.05829906463623047,0.8270725011825562,0.5324826240539551,-0.03831520676612854,0.8066699504852295,0.5932852029800415,-0.05698436498641968,0.7849923372268677,0.6412271857261658,-0.05474948510527611,0.77403324842453,0.6490082144737244,-0.048478107899427414
0.7263943552970886,0.7223573923110962,-5.029180556448409e-07,0.6791450381278992,0.6744531393051147,-0.024232765659689903,0.6398467421531677,0.5878315567970276,-0.03891901299357414,0.623047411441803,0.5134025812149048,-0.05312535539269447,0.6416255235671997,0.5001776218414307,-0.06299123167991638,0.6941085457801819,0.4379599094390869,-0.008688700385391712,0.6789548397064209,0.41407591104507446,-0.03858424723148346,0.6773626208305359,0.49943190813064575,-0.056759849190711975,0.6817135214805603,0.5590524077415466,-0.06500605493783951,0.7385976314544678,0.4444247782230377,-0.009750722907483578,0.7209078669548035,0.42815181612968445,-0.04029657691717148,0.7102888822555542,0.5333153605461121,-0.04674422740936279,0.7077232599258423,0.5898106694221497,-0.04287518933415413,0.778721034526825,0.47447723150253296,-0.01635926216840744,0.762449324131012,0.4636665880680084,-0.0472014844417572,0.7431461811065674,0.5578777194023132,-0.04020309075713158,0.7341254353523254,0.607077419757843,-0.026211781427264214,0.8151235580444336,0.5199098587036133,-0.02539307251572609,0.7980502247810364,0.5114376544952393,-0.042555730789899826,0.7741596102714539,0.5723228454589844,-0.03488653898239136,0.7611051201820374,0.6040486693382263,-0.023453978821635246
0.7280505299568176,0.7212242484092712,-5.400528948484862e-07,0.6715814471244812,0.6647274494171143,-0.013936761766672134,0.6317962408065796,0.5558032393455505,-0.020236916840076447,0.6193228960037231,0.46420300006866455,-0.029402609914541245,0.6454079151153564,0.4239424467086792,-0.03408798202872276,0.6841762661933899,0.43892702460289,0.012590636499226093,0.6772436499595642,0.36736005544662476,-0.019693726673722267,0.6712138652801514,0.44783714413642883,-0.04111757129430771,0.6733074188232422,0.5112139582633972,-0.05035567656159401,0.7234825491905212,0.4516182541847229,0.00800092052668333,0.7150734663009644,0.37932348251342773,-0.02345406264066696,0.7014804482460022,0.4849358797073364,-0.03167140856385231,0.7012860178947449,0.5466484427452087,-0.027515409514307976,0.7624871730804443,0.47901278734207153,-0.0028909777756780386,0.7568492889404297,0.4006417393684387,-0.03359822556376457,0.7332444787025452,0.5022441148757935,-0.02407686412334442,0.7258212566375732,0.5636436939239502,-0.006878627929836512,0.8021706938743591,0.5218510627746582,-0.015558416023850441,0.7896494269371033,0.4674338400363922,-0.034251511096954346,0.7622584104537964,0.5299066305160522,-0.025312643498182297,0.7497626543045044,0.5724527835845947,-0.011570479720830917
0.7290493249893188,0.7254119515419006,-6.270938115449098e-07,0.6742545962333679,0.6679669618606567,-0.01223822496831417,0.6322085857391357,0.557974100112915,-0.018246913328766823,0.6166508197784424,0.46303290128707886,-0.02785947360098362,0.6423471570014954,0.42653757333755493,-0.03369805961847305,0.6844727993011475,0.4402466416358948,0.012258701026439667,0.6757668256759644,0.364310622215271,-0.01773492991924286,0.6694180369377136,0.44200605154037476,-0.03707209601998329,0.6710878014564514,0.5076400637626648,-0.045476481318473816,0.7236230373382568,0.4498087763786316,0.005714706145226955,0.7147623300552368,0.3791593909263611,-0.02473316341638565,0.7014052867889404,0.4830155670642853,-0.032421838492155075,0.6998313665390015,0.5478006601333618,-0.028142085298895836,0.7627915143966675,0.4766552150249481,-0.0066713313572108746,0.7551856637001038,0.40161436796188354,-0.036961037665605545,0.7334186434745789,0.5012666583061218,-0.028934022411704063,0.7253398299217224,0.5648313164710999,-0.013197331689298153,0.8022897839546204,0.5205710530281067,-0.0205291248857975,0.7876681685447693,0.46670156717300415,-0.03860081359744072,0.7621986865997314,0.5287489891052246,-0.03016776777803898,0.7504662275314331,0.5742031335830688,-0.01741618849337101
0.733279287815094,0.733940064907074,-5.437789241113933e-07,0.6731699109077454,0.667671799659729,-0.009005243889987469,0.6334453821182251,0.5630031824111938,-0.01415736973285675,0.6219005584716797,0.46374282240867615,-0.02464086376130581,0.645972728729248,0.3975832462310791,-0.032413993030786514,0.6833858489990234,0.46753063797950745,0.023638594895601273,0.6755584478378296,0.37499091029167175,-0.003228630404919386,0.6697649359703064,0.4242863357067108,-0.022586850449442863,0.6722140312194824,0.4829935133457184,-0.030951734632253647,0.7175604701042175,0.4710880517959595,0.016227198764681816,0.7118697166442871,0.3773890733718872,-0.013388547115027905,0.6993368268013,0.46500784158706665,-0.02544533647596836,0.6988138556480408,0.5359394550323486,-0.023533284664154053,0.7532844543457031,0.48787856101989746,0.0033171121031045914,0.7470723986625671,0.3949674367904663,-0.0269180741161108,0.7285730838775635,0.4882943034172058,-0.022579774260520935,0.7241060733795166,0.562076210975647,-0.008232876658439636,0.7908218502998352,0.5205599665641785,-0.010732701048254967,0.7761406302452087,0.44778457283973694,-0.029296189546585083,0.7547585964202881,0.5066471099853516,-0.021770332008600235,0.7477924227714539,0.5634717345237732,-0.008949744515120983
0.7329578399658203,0.7398724555969238,-5.414656243374338e-07,0.6725983619689941,0.671762228012085,-0.006887305993586779,0.6331080794334412,0.5660287737846375,-0.011021183803677559,0.6229919195175171,0.4653732478618622,-0.020873479545116425,0.6482095718383789,0.39720577001571655,-0.027883870527148247,0.6796772480010986,0.47215649485588074,0.025201745331287384,0.6742347478866577,0.38018274307250977,-0.001463153283111751,0.6694115400314331,0.4320916533470154,-0.02018752507865429,0.6714614629745483,0.49278807640075684,-0.027841655537486076,0.7145113348960876,0.47549623250961304,0.01681334339082241,0.7107715010643005,0.3800168037414551,-0.012353398837149143,0.6992971897125244,0.4677906334400177,-0.02368966117501259,0.6990691423416138,0.5385703444480896,-0.021334348246455193,0.7511386275291443,0.49158841371536255,0.0029873382300138474,0.7463334202766418,0.39604824781417847,-0.025547347962856293,0.7282079458236694,0.48753637075424194,-0.020566515624523163,0.7236137986183167,0.5591098666191101,-0.006263893563300371,0.7905697822570801,0.5225867033004761,-0.011919117532670498,0.7772805690765381,0.448984295129776,-0.02799607813358307,0.7552548050880432,0.50466388463974,-0.019942166283726692,0.7469359040260315,0.5581334233283997,-0.007326376624405384
0.731111466884613,0.7437039613723755,-5.348016998141247e-07,0.6727533936500549,0.6729452610015869,-0.006985210347920656,0.6347010731697083,0.5645278096199036,-0.011025811545550823,0.6266526579856873,0.46429815888404846,-0.020862799137830734,0.6509754061698914,0.39475440979003906,-0.027737556025385857,0.6835352778434753,0.4725504517555237,0.0247653741389513,0.6791994571685791,0.3770895004272461,-0.0027022711001336575,0.6722548007965088,0.4237585663795471,-0.02184128388762474,0.6721605658531189,0.4849383234977722,-0.029425691813230515,0.7177272439002991,0.4766412675380707,0.016288764774799347,0.7150121331214905,0.37906068563461304,-0.013410860672593117,0.7019876837730408,0.46582552790641785,-0.024571998044848442,0.7010918259620667,0.53790682554245,-0.021990759298205376,0.753805935382843,0.4934818148612976,0.0022043483331799507,0.7499363422393799,0.3951050043106079,-0.026164473965764046,0.730800449848175,0.4856015741825104,-0.020847702398896217,0.7261455059051514,0.5583394169807434,-0.006391769275069237,0.7931340336799622,0.525242805480957,-0.013109018094837666,0.781815767288208,0.45010825991630554,-0.02881208434700966,0.7583734393119812,0.5034255981445312,-0.020859740674495697,0.7486502528190613,0.5565529465675354,-0.008436577394604683
0.7342391610145569,0.7433743476867676,-5.433882392935629e-07,0.6740807890892029,0.6738209128379822,-0.007943163625895977,0.635016918182373,0.5661366581916809,-0.0122852036729455,0.6251966953277588,0.4654804468154907,-0.022283831611275673,0.6490692496299744,0.39581745862960815,-0.029411358758807182,0.6833530068397522,0.4712620973587036,0.025403650477528572,0.6774232983589172,0.3775484561920166,-0.0015792262274771929,0.6707693338394165,0.4269140362739563,-0.020273543894290924,0.6718809008598328,0.4864419102668762,-0.027756545692682266,0.7178521156311035,0.47541579604148865,0.017385294660925865,0.714502215385437,0.37776893377304077,-0.012685985304415226,0.7009134888648987,0.46665558218955994,-0.024323374032974243,0.7001267075538635,0.5374801158905029,-0.02175617776811123,0.7541300058364868,0.49243879318237305,0.0037138101179152727,0.750174343585968,0.39445286989212036,-0.02641240321099758,0.7300367951393127,0.48619017004966736,-0.022198820486664772,0.7247722148895264,0.5581594705581665,-0.007776962593197823,0.7929928302764893,0.5243260860443115,-0.011016828007996082,0.7804882526397705,0.4471238851547241,-0.028582021594047546,0.7574321031570435,0.5031488537788391,-0.021139834076166153,0.7484273314476013,0.557878851890564,-0.00849536806344986
0.7376000285148621,0.7511391639709473,-5.52230062567105e-07,0.6781986951828003,0.6805301904678345,-0.007414441090077162,0.6390247941017151,0.5679992437362671,-0.010788939893245697,0.6311661601066589,0.46599215269088745,-0.01970665529370308,0.6550193428993225,0.3967479467391968,-0.025499708950519562,0.6897485852241516,0.47248587012290955,0.02485055662691593,0.6848394870758057,0.3774608373641968,-0.0017921931575983763,0.6758390665054321,0.42386171221733093,-0.02103361114859581,0.6744769811630249,0.48624297976493835,-0.029169609770178795,0.7250205278396606,0.47709330916404724,0.01660989411175251,0.7208470106124878,0.3816033899784088,-0.012254190631210804,0.7061505913734436,0.46529290080070496,-0.024131620302796364,0.7047662138938904,0.5370631814002991,-0.022659875452518463,0.7617120146751404,0.49586522579193115,0.0028056129813194275,0.7573888897895813,0.39681383967399597,-0.02503451704978943,0.7368374466896057,0.4831688404083252,-0.020423373207449913,0.7313901782035828,0.5550615787506104,-0.007050416897982359,0.8011900186538696,0.5308098793029785,-0.012276909314095974,0.7891863584518433,0.4565596580505371,-0.0286408718675375,0.7642520070075989,0.5081191062927246,-0.02158491499722004,0.7537611722946167,0.5615434050559998,-0.009942054748535156
0.7413907051086426,0.7576380372047424,-5.369111590880493e-07,0.6811022758483887,0.6830446124076843,-0.007404905278235674,0.6420953273773193,0.5697200298309326,-0.011326695792376995,0.633070170879364,0.4665825366973877,-0.021061332896351814,0.6573485136032104,0.3948582410812378,-0.027843324467539787,0.6911731958389282,0.4759294390678406,0.026498274877667427,0.686850368976593,0.38051778078079224,-0.0008896401268430054,0.6805973649024963,0.42674732208251953,-0.020434899255633354,0.680889904499054,0.48913854360580444,-0.02844945341348648,0.7270520329475403,0.4806956946849823,0.0180202629417181,0.7243215441703796,0.38112151622772217,-0.01196338701993227,0.710382878780365,0.46621206402778625,-0.024345051497220993,0.7088404893875122,0.5397437810897827,-0.022599564865231514,0.7645124793052673,0.49945738911628723,0.0038052042946219444,0.7618574500083923,0.3992181420326233,-0.025568345561623573,0.7409756183624268,0.48788073658943176,-0.02183048240840435,0.7346875071525574,0.5612853169441223,-0.00826230738312006,0.8046823143959045,0.5336952209472656,-0.011549980379641056,0.7926096320152283,0.4579225480556488,-0.028737252578139305,0.7681578397750854,0.5115052461624146,-0.021955549716949463,0.7578246593475342,0.5658352375030518,-0.010115347802639008
0.7411031126976013,0.7604135274887085,-5.428535132523393e-07,0.681209921836853,0.6840048432350159,-0.007119331043213606,0.6429063081741333,0.5695551633834839,-0.010915863327682018,0.6345420479774475,0.4665989279747009,-0.020635755732655525,0.6593163013458252,0.39624691009521484,-0.027447013184428215,0.691064178943634,0.4760330617427826,0.025611981749534607,0.6865969896316528,0.3800080716609955,-0.0018656274769455194,0.6802047491073608,0.4285248816013336,-0.021125415340065956,0.6802734136581421,0.4899525046348572,-0.028770675882697105,0.7270124554634094,0.48140570521354675,0.01690296083688736,0.7252593636512756,0.38050734996795654,-0.013053197413682938,0.710964024066925,0.4675382971763611,-0.024964619427919388,0.7085956931114197,0.5402453541755676,-0.022697273641824722,0.764663815498352,0.5004853010177612,0.0025878555607050657,0.7624408602714539,0.3996332585811615,-0.026544945314526558,0.741180956363678,0.48849496245384216,-0.0224914513528347,0.7341259717941284,0.5611485242843628,-0.00856682937592268,0.8045650124549866,0.5346783995628357,-0.01281852275133133,0.7937930822372437,0.45525655150413513,-0.029078267514705658,0.7696797251701355,0.5077575445175171,-0.021365279331803322,0.7591196298599243,0.5619349479675293,-0.008859572000801563
0.7424005270004272,0.7630124092102051,-5.403797445069358e-07,0.6824578046798706,0.683467447757721,-0.00668324576690793,0.6447246670722961,0.5684825778007507,-0.010376988910138607,0.637432336807251,0.46341484785079956,-0.02025640197098255,0.664075493812561,0.39394673705101013,-0.027133824303746223,0.6949471235275269,0.4761293828487396,0.028154758736491203,0.6921842098236084,0.37798383831977844,0.000236349951592274,0.6848539710044861,0.42313534021377563,-0.020050853490829468,0.6833158135414124,0.4846743047237396,-0.02842637710273266,0.7307891249656677,0.4826873540878296,0.01927771419286728,0.7297958135604858,0.3826581835746765,-0.011008416302502155,0.7150570750236511,0.46760401129722595,-0.023672571405768394,0.7113181948661804,0.5406904220581055,-0.022123532369732857,0.7681659460067749,0.5022845268249512,0.004545916803181171,0.7663015723228455,0.4005564749240875,-0.024486491456627846,0.7449867725372314,0.48826608061790466,-0.02052718587219715,0.7372497320175171,0.5618800520896912,-0.00687639694660902,0.80818772315979,0.5374131202697754,-0.011403543874621391,0.7971314191818237,0.4595905840396881,-0.027725476771593094,0.7725291848182678,0.5125351548194885,-0.020457588136196136,0.7611837983131409,0.5674523711204529,-0.00842092465609312
0.7474418878555298,0.7656452655792236,-5.491840511240298e-07,0.6874550580978394,0.6905410289764404,-0.007497560232877731,0.6488852500915527,0.5726425051689148,-0.011386954225599766,0.6410617232322693,0.46471506357192993,-0.021001506596803665,0.6674284934997559,0.3948027789592743,-0.02729501947760582,0.7016156911849976,0.47589513659477234,0.026042141020298004,0.6996909976005554,0.37280845642089844,-0.0017571639036759734,0.6903635859489441,0.41533786058425903,-0.02144397608935833,0.6869251728057861,0.4793437719345093,-0.029484152793884277,0.7372385263442993,0.4832999110221863,0.017701415345072746,0.735314130783081,0.3820105195045471,-0.012345653958618641,0.7195450067520142,0.46784311532974243,-0.02390347234904766,0.7155311107635498,0.5415458083152771,-0.021697668358683586,0.7741279006004333,0.5051105618476868,0.0034987113904207945,0.772160530090332,0.4001707136631012,-0.025151563808321953,0.750180184841156,0.48800450563430786,-0.0201362706720829,0.742451012134552,0.5613194108009338,-0.0061082071624696255,0.813716471195221,0.5433001518249512,-0.012035589665174484,0.802062451839447,0.4668682813644409,-0.02895561046898365,0.7769158482551575,0.5200408101081848,-0.022024037316441536,0.7661423087120056,0.5736216306686401,-0.010250258259475231
0.7467969655990601,0.7685341238975525,-5.646318754770618e-07,0.6867459416389465,0.6881356239318848,-0.009571111761033535,0.64961177110672,0.5714015960693359,-0.015340547077357769,0.6411438584327698,0.46539270877838135,-0.026434985920786858,0.6673519611358643,0.3953820466995239,-0.03418949991464615,0.7018030881881714,0.4716607928276062,0.02202880196273327,0.6991803646087646,0.3722345530986786,-0.00783473253250122,0.692052960395813,0.42550143599510193,-0.029769878834486008,0.6899632811546326,0.4928404688835144,-0.03949454054236412,0.7386279702186584,0.48135364055633545,0.013961369171738625,0.7382228970527649,0.3832783102989197,-0.017321517691016197,0.721993625164032,0.47084006667137146,-0.030472291633486748,0.7146722078323364,0.5447918176651001,-0.029806962236762047,0.7763088345527649,0.5058597326278687,5.1646500651258975e-05,0.7770053148269653,0.40325719118118286,-0.030222009867429733,0.7538999319076538,0.4940454661846161,-0.02583840861916542,0.7421515583992004,0.5686413049697876,-0.012331483885645866,0.8153535723686218,0.5479100942611694,-0.015235945582389832,0.8062397241592407,0.4741148054599762,-0.03417641296982765,0.7804927229881287,0.5301874876022339,-0.027373772114515305,0.7665196061134338,0.5843081474304199,-0.015457715839147568
0.7458163499832153,0.7690834999084473,-6.201071300893091e-07,0.6875939965248108,0.691775381565094,-0.010873802937567234,0.6491304636001587,0.5729365348815918,-0.017655668780207634,0.6404021978378296,0.46593019366264343,-0.029171083122491837,0.6688174605369568,0.4013057053089142,-0.0370606891810894,0.7022767663002014,0.4659211337566376,0.017471950501203537,0.699178159236908,0.37182772159576416,-0.01353664044290781,0.6922544836997986,0.4366401135921478,-0.035436056554317474,0.689731240272522,0.5081400275230408,-0.04517962038516998,0.7410312294960022,0.4778965711593628,0.009592271409928799,0.737980306148529,0.3871115446090698,-0.022725388407707214,0.722031831741333,0.4832764267921448,-0.03488623723387718,0.7145733833312988,0.5593624114990234,-0.033580683171749115,0.7798064351081848,0.5055286884307861,-0.004108801018446684,0.7787454724311829,0.40958482027053833,-0.035724904388189316,0.7551644444465637,0.5062288641929626,-0.030434010550379753,0.7419580817222595,0.5813785195350647,-0.016346434131264687,0.819119930267334,0.5504477620124817,-0.019172238186001778,0.8086928129196167,0.483408123254776,-0.03971268981695175,0.7825589179992676,0.5430942177772522,-0.03306819498538971,0.7674372792243958,0.5959341526031494,-0.021149957552552223
0.7436044216156006,0.7666972875595093,-6.541576453855669e-07,0.6883728504180908,0.695942759513855,-0.01444981712847948,0.6479703187942505,0.5794726610183716,-0.0232507586479187,0.6360474228858948,0.4737703800201416,-0.03589724749326706,0.6667172312736511,0.4239549934864044,-0.044489309191703796,0.7037290930747986,0.46423888206481934,0.010774398222565651,0.6979125738143921,0.3742556571960449,-0.02204180508852005,0.690550684928894,0.44854268431663513,-0.04334435984492302,0.6890339851379395,0.5202170014381409,-0.05260530486702919,0.7441543340682983,0.4788883924484253,0.0040078978054225445,0.7373601198196411,0.3971584439277649,-0.0304750707000494,0.722050666809082,0.5018694400787354,-0.04089045524597168,0.7166615128517151,0.5746362209320068,-0.038053181022405624,0.7836838960647583,0.5097503662109375,-0.008826504461467266,0.7791448831558228,0.42518800497055054,-0.043011050671339035,0.7555108070373535,0.5281568765640259,-0.03596848249435425,0.7430974245071411,0.599635124206543,-0.020175814628601074,0.8233933448791504,0.5570658445358276,-0.02321094647049904,0.8121185898780823,0.4960400462150574,-0.04448506236076355,0.784822404384613,0.5585417151451111,-0.036788053810596466,0.768936276435852,0.6077979207038879,-0.024065140634775162
0.7405383586883545,0.7638578414916992,-6.659477662651625e-07,0.686872661113739,0.696627140045166,-0.019449321553111076,0.6476329565048218,0.5925139784812927,-0.03331368789076805,0.6348479986190796,0.4985463619232178,-0.049212496727705,0.662828266620636,0.46078941226005554,-0.06086151674389839,0.7043609023094177,0.4603840410709381,-0.0038861953653395176,0.6968802809715271,0.3908543288707733,-0.040317509323358536,0.6906282901763916,0.4777158498764038,-0.06307750940322876,0.6911764740943909,0.5472545027732849,-0.0732850432395935,0.7477047443389893,0.47682783007621765,-0.009364418685436249,0.7398543953895569,0.4211166501045227,-0.045763690024614334,0.7239523530006409,0.5334766507148743,-0.05487845838069916,0.7184349894523621,0.5972121953964233,-0.05196276307106018,0.788750410079956,0.5102788209915161,-0.02069787122309208,0.7829211950302124,0.45482441782951355,-0.056739941239356995,0.7581745386123657,0.5620129108428955,-0.047599658370018005,0.7459334135055542,0.6225038766860962,-0.030917653813958168,0.8283214569091797,0.5589330792427063,-0.03387266397476196,0.8183075189590454,0.5163381099700928,-0.05517006292939186,0.7914155721664429,0.5844913721084595,-0.04519634693861008,0.7766299247741699,0.6252765655517578,-0.031141526997089386
0.7374452948570251,0.7608756422996521,-6.546904955939681e-07,0.6921360492706299,0.7024939656257629,-0.031938616186380386,0.6523191928863525,0.6214393973350525,-0.05331511050462723,0.6354506611824036,0.5523884296417236,-0.07270151376724243,0.656236469745636,0.5171096920967102,-0.08673925697803497,0.7115573883056641,0.43994322419166565,-0.020036742091178894,0.6941545009613037,0.4365680515766144,-0.05892074853181839,0.6890422701835632,0.5293803811073303,-0.08354029804468155,0.6915770769119263,0.5917564034461975,-0.0954459011554718,0.7604557275772095,0.4469987452030182,-0.02048211731016636,0.7382432222366333,0.4570874571800232,-0.05819832906126976,0.7218217253684998,0.573310375213623,-0.06811117380857468,0.7180285453796387,0.6295081377029419,-0.06630369275808334,0.8026854395866394,0.4848170876502991,-0.027281932532787323,0.7783190011978149,0.5104535818099976,-0.06537137925624847,0.7542594075202942,0.610880434513092,-0.059768568724393845,0.7452210783958435,0.6533421277999878,-0.04588116705417633,0.8390737175941467,0.5392326712608337,-0.037065207958221436,0.8154855966567993,0.5647268295288086,-0.059164922684431076,0.790410041809082,0.6285263895988464,-0.05276653915643692,0.7792474031448364,0.6524290442466736,-0.04136654734611511
0.7419940233230591,0.7607090473175049,-5.574937631536159e-07,0.6993714570999146,0.7176798582077026,-0.043143630027770996,0.6571539044380188,0.6576870679855347,-0.07119762152433395,0.6381891965866089,0.6085335612297058,-0.09445762634277344,0.6561369299888611,0.5741888284683228,-0.11193627864122391,0.7130374312400818,0.4450211226940155,-0.03706728294491768,0.6960683465003967,0.49310100078582764,-0.07581111043691635,0.6927248239517212,0.5893455147743225,-0.10064250975847244,0.6971834897994995,0.6456011533737183,-0.11375023424625397,0.7635027170181274,0.4489280581474304,-0.032313186675310135,0.7404492497444153,0.5172011852264404,-0.06837838143110275,0.7265012860298157,0.6226558089256287,-0.08127861469984055,0.7267593145370483,0.6647887825965881,-0.08395730704069138,0.8053181767463684,0.4897833466529846,-0.03354709595441818,0.7823894023895264,0.5639061331748962,-0.07003820687532425,0.7615079879760742,0.6490809917449951,-0.06908241659402847,0.7556127309799194,0.6758821606636047,-0.06061887368559837,0.8397721648216248,0.547600269317627,-0.038739319890737534,0.8200123310089111,0.608350932598114,-0.06158188730478287,0.7967752814292908,0.6665487289428711,-0.05910475552082062,0.785698652267456,0.6816253662109375,-0.05120011419057846
0.7537121176719666,0.7584601640701294,-5.785668690805323e-07,0.7128151655197144,0.7303047180175781,-0.04546920955181122,0.6701925992965698,0.6875303983688354,-0.07774601876735687,0.6465566158294678,0.6495415568351746,-0.10415082424879074,0.6601291298866272,0.6365271210670471,-0.12474042922258377,0.7078205943107605,0.4729991555213928,-0.052377764135599136,0.7000211477279663,0.5670065879821777,-0.09252878278493881,0.7018998265266418,0.66404789686203,-0.11520044505596161,0.7039971947669983,0.7160805463790894,-0.12685708701610565,0.7603669166564941,0.4727771282196045,-0.04743652045726776,0.7433596253395081,0.5829565525054932,-0.08433964848518372,0.7318108081817627,0.6845631003379822,-0.09543836116790771,0.7278696298599243,0.7190334796905518,-0.09857865422964096,0.8052697777748108,0.5066210627555847,-0.047391023486852646,0.7869884371757507,0.6202431917190552,-0.08430503308773041,0.766266405582428,0.7016685009002686,-0.08271748572587967,0.7552542090415955,0.72069251537323,-0.07548470795154572,0.8409361243247986,0.5591537952423096,-0.051438506692647934,0.8241410255432129,0.6480312943458557,-0.07383659482002258,0.8021751642227173,0.7062781453132629,-0.07060147076845169,0.7875304222106934,0.7171689867973328,-0.06353534758090973
0.7623777389526367,0.7616119384765625,-5.621743639494525e-07,0.7199690341949463,0.7403261661529541,-0.04815254360437393,0.6756285429000854,0.7035146355628967,-0.08209282904863358,0.6514525413513184,0.6719631552696228,-0.10919154435396194,0.6642189621925354,0.6700097322463989,-0.13005031645298004,0.7079744935035706,0.48949700593948364,-0.058875590562820435,0.6964728236198425,0.6004059910774231,-0.09751611948013306,0.7001611590385437,0.6941169500350952,-0.11559448391199112,0.706707239151001,0.7362808585166931,-0.12427015602588654,0.7624683976173401,0.49297595024108887,-0.05305476114153862,0.7434492111206055,0.6225271224975586,-0.08950953185558319,0.7349696159362793,0.717278003692627,-0.09675996005535126,0.73545241355896,0.7358260154724121,-0.09744548797607422,0.8079710006713867,0.5294594764709473,-0.052133653312921524,0.7860414981842041,0.6653462648391724,-0.08846075087785721,0.7674793004989624,0.7396124601364136,-0.08427448570728302,0.7611236572265625,0.7423309087753296,-0.07583290338516235,0.8440924286842346,0.5812857747077942,-0.05567602068185806,0.8228979110717773,0.682528018951416,-0.07703743129968643,0.8011500239372253,0.73826664686203,-0.07274091243743896,0.7888473868370056,0.741058349609375,-0.0654069185256958
0.7626100778579712,0.7642053365707397,-6.030090844433289e-07,0.7211211323738098,0.7438873648643494,-0.04587212949991226,0.6770880818367004,0.7067301869392395,-0.07842060178518295,0.6531270742416382,0.6780528426170349,-0.1044885665178299,0.6677641272544861,0.6795502305030823,-0.12464037537574768,0.7079148292541504,0.49940526485443115,-0.059567105025053024,0.6977466344833374,0.6213306188583374,-0.09970518946647644,0.7037807703018188,0.7171660661697388,-0.11861740052700043,0.7115540504455566,0.7582786083221436,-0.127298042178154,0.7623639106750488,0.5010498762130737,-0.05467672646045685,0.7464262843132019,0.6433357000350952,-0.09185571223497391,0.7393941283226013,0.7395937442779541,-0.09874945133924484,0.7388361096382141,0.758918821811676,-0.09911636263132095,0.8087168335914612,0.5356718301773071,-0.05432789400219917,0.7888908982276917,0.6812647581100464,-0.09138154238462448,0.77158123254776,0.7605772614479065,-0.08608268201351166,0.7649412155151367,0.7664421200752258,-0.07654233276844025,0.8453216552734375,0.5849227905273438,-0.0582691915333271,0.8259298801422119,0.6926214694976807,-0.07971112430095673,0.8064057230949402,0.7526149153709412,-0.07432055473327637,0.7957174181938171,0.7583240270614624,-0.06595991551876068
0.7643519639968872,0.755613386631012,-6.173296469569323e-07,0.7239785194396973,0.7387996315956116,-0.044119201600551605,0.6799725294113159,0.7074909210205078,-0.07639849185943604,0.6542913317680359,0.6835933327674866,-0.10264143347740173,0.6654166579246521,0.6885203719139099,-0.12325961887836456,0.7069745063781738,0.502690315246582,-0.05986702814698219,0.6966277360916138,0.6275153160095215,-0.10157366096973419,0.7043768167495728,0.7276089191436768,-0.12210016697645187,0.7138304114341736,0.7784972786903381,-0.13116803765296936,0.7618883848190308,0.503003716468811,-0.056019607931375504,0.7483254075050354,0.6513236165046692,-0.09546726197004318,0.740898847579956,0.7518013715744019,-0.10424556583166122,0.7394915223121643,0.7816271185874939,-0.10530447959899902,0.80887770652771,0.5357884764671326,-0.05630454793572426,0.7912265658378601,0.6871785521507263,-0.09480701386928558,0.7720911502838135,0.7709868550300598,-0.09038399904966354,0.7623928785324097,0.7850987911224365,-0.08092512935400009,0.845545768737793,0.5835204124450684,-0.060664717108011246,0.8270353674888611,0.6967067122459412,-0.08272220939397812,0.8057032823562622,0.7598267793655396,-0.0771113857626915,0.7919858694076538,0.7695850729942322,-0.06833622604608536
0.7642391324043274,0.7553113698959351,-6.273999133554753e-07,0.7233548164367676,0.7401732802391052,-0.04409821704030037,0.6776463389396667,0.7099284529685974,-0.07576005160808563,0.6529991626739502,0.6896384954452515,-0.10107235610485077,0.6649713516235352,0.6950598955154419,-0.1208873838186264,0.7057541608810425,0.5023441910743713,-0.062073495239019394,0.6953904032707214,0.6317814588546753,-0.10237495601177216,0.7040379643440247,0.7348783016204834,-0.12233343720436096,0.7144185304641724,0.7913404703140259,-0.13118328154087067,0.7615640759468079,0.5026445984840393,-0.05770236626267433,0.74698406457901,0.6538589000701904,-0.09550583362579346,0.7405887246131897,0.753257155418396,-0.104646235704422,0.7398645281791687,0.7872814536094666,-0.10658461600542068,0.8091453313827515,0.5362375378608704,-0.057003118097782135,0.7898746132850647,0.687844455242157,-0.09371018409729004,0.7719431519508362,0.7690221071243286,-0.08986327052116394,0.7627539038658142,0.78644198179245,-0.08142992109060287,0.8457568883895874,0.5842156410217285,-0.0603327751159668,0.8263306617736816,0.6953057646751404,-0.0817098543047905,0.8063225746154785,0.7557228207588196,-0.0762992799282074,0.7937163710594177,0.7677487730979919,-0.06792757660150528
0.7645186185836792,0.7512272000312805,-6.234217835299205e-07,0.7237585783004761,0.7355104088783264,-0.04491010680794716,0.6784250736236572,0.7063214778900146,-0.07780753076076508,0.6536466479301453,0.6857775449752808,-0.10428159683942795,0.6652947664260864,0.6929792761802673,-0.12531417608261108,0.7056290507316589,0.5006958246231079,-0.06386246532201767,0.696051836013794,0.6298893094062805,-0.10529245436191559,0.704775333404541,0.7313295006752014,-0.12595650553703308,0.7145136594772339,0.7880171537399292,-0.13511481881141663,0.761337161064148,0.4999903738498688,-0.059547558426856995,0.7475011348724365,0.6522794365882874,-0.09911664575338364,0.7402214407920837,0.7522635459899902,-0.10921367257833481,0.7378214597702026,0.7879295945167542,-0.11148855835199356,0.8089351058006287,0.5327685475349426,-0.05891713500022888,0.7905513048171997,0.6865359544754028,-0.09720142930746078,0.7721977829933167,0.7685626745223999,-0.09415522962808609,0.7618720531463623,0.787319540977478,-0.08593079447746277,0.8454604148864746,0.580053448677063,-0.06231573596596718,0.8265663981437683,0.6921862959861755,-0.08460353314876556,0.8063608407974243,0.7532200813293457,-0.07964248955249786,0.7927698493003845,0.765687882900238,-0.07150225341320038
0.7629520297050476,0.7473055124282837,-6.193931767484173e-07,0.7228278517723083,0.7303874492645264,-0.045572005212306976,0.6778953075408936,0.6991603374481201,-0.07852493226528168,0.6530691981315613,0.6771538853645325,-0.10492882877588272,0.6658309698104858,0.683107852935791,-0.1256616711616516,0.7068575024604797,0.4937938451766968,-0.06315726786851883,0.6957986354827881,0.622329592704773,-0.10474619269371033,0.704447865486145,0.7244319319725037,-0.12500184774398804,0.714577853679657,0.7817089557647705,-0.1336723417043686,0.7619675397872925,0.49368786811828613,-0.05856185778975487,0.7476075887680054,0.6444792747497559,-0.09831099212169647,0.7399905323982239,0.7454276084899902,-0.10803220421075821,0.7373954653739929,0.7814332842826843,-0.10978721082210541,0.8088906407356262,0.526974618434906,-0.057892076671123505,0.7903440594673157,0.6789441108703613,-0.0967426672577858,0.7710648775100708,0.7628422975540161,-0.09369289875030518,0.7601008415222168,0.7824603319168091,-0.08518843352794647,0.8451451063156128,0.5750519633293152,-0.061282336711883545,0.8269957304000854,0.687093198299408,-0.08417157828807831,0.8059062361717224,0.7499418258666992,-0.07950683683156967,0.7911462187767029,0.7638952732086182,-0.07134613394737244
0.7630268335342407,0.7463864088058472,-5.97259031565045e-07,0.7222291827201843,0.7269684672355652,-0.04748522862792015,0.6782841682434082,0.6921249032020569,-0.08165840804576874,0.6547718644142151,0.6676723957061768,-0.10903214663267136,0.6684646010398865,0.6770719885826111,-0.13048948347568512,0.7086879014968872,0.48749327659606934,-0.06374220550060272,0.6988974809646606,0.6182885766029358,-0.10662732273340225,0.7060505747795105,0.7209210395812988,-0.1273937076330185,0.7145223617553711,0.7731351852416992,-0.13640449941158295,0.7636129856109619,0.48878881335258484,-0.05870490148663521,0.7488516569137573,0.6380361914634705,-0.09913009405136108,0.7402552366256714,0.736335813999176,-0.10861839354038239,0.7374703884124756,0.7653412818908691,-0.11014185845851898,0.8104357719421387,0.5235011577606201,-0.05797409266233444,0.7911608815193176,0.6739978194236755,-0.09761151671409607,0.771297812461853,0.7568244934082031,-0.09402364492416382,0.7608280181884766,0.7717078328132629,-0.08496695011854172,0.846777081489563,0.5725952982902527,-0.06155020743608475,0.8280113935470581,0.6841478943824768,-0.0848628506064415,0.8056538105010986,0.7472508549690247,-0.08003880083560944,0.7905640006065369,0.7591474056243896,-0.07160773128271103
0.763724148273468,0.7461825013160706,-5.879245463802363e-07,0.7237768173217773,0.7264735698699951,-0.04757613688707352,0.6803102493286133,0.6909842491149902,-0.0818769708275795,0.6554733514785767,0.6646920442581177,-0.10951819270849228,0.6704955697059631,0.6710611581802368,-0.1312156468629837,0.7105494141578674,0.48361772298812866,-0.061572153121232986,0.698078453540802,0.6095437407493591,-0.10484828054904938,0.7046735286712646,0.7098451256752014,-0.12597058713436127,0.7135677933692932,0.7576256394386292,-0.13553684949874878,0.7649734020233154,0.48425495624542236,-0.05658123642206192,0.7485030889511108,0.6290536522865295,-0.09679502993822098,0.7398615479469299,0.7277559638023376,-0.10558486729860306,0.73814457654953,0.7516191005706787,-0.10667077451944351,0.8114888668060303,0.5187390446662903,-0.05633037909865379,0.7918071746826172,0.6664141416549683,-0.09577404707670212,0.7715874910354614,0.7486599683761597,-0.0914597287774086,0.7623379826545715,0.7576211094856262,-0.08211725950241089,0.8479841351509094,0.5687803626060486,-0.06052960455417633,0.8290520310401917,0.681530237197876,-0.08354482799768448,0.8055649995803833,0.744600236415863,-0.0786370187997818,0.7907477021217346,0.7527106404304504,-0.07033403217792511
0.7631314992904663,0.7586302757263184,-5.61318188374571e-07,0.723106324672699,0.7371923923492432,-0.051874980330467224,0.6801885366439819,0.6979125142097473,-0.08809776604175568,0.656463623046875,0.6651782989501953,-0.11670637875795364,0.6723330616950989,0.6616411209106445,-0.13913413882255554,0.7130075097084045,0.48000919818878174,-0.06386791169643402,0.7002734541893005,0.5990797281265259,-0.10699041187763214,0.7046294808387756,0.6972283720970154,-0.1283474564552307,0.7113986611366272,0.7436395883560181,-0.13843098282814026,0.7678235769271851,0.47974342107772827,-0.05671372264623642,0.7496682405471802,0.6165444254875183,-0.09649158269166946,0.7397745847702026,0.7139879465103149,-0.10595062375068665,0.7374345660209656,0.7365618348121643,-0.10774537175893784,0.8141308426856995,0.5149063467979431,-0.05472860485315323,0.7932118773460388,0.6538652181625366,-0.09354592114686966,0.7730822563171387,0.731928825378418,-0.09034766256809235,0.7645705342292786,0.7389563322067261,-0.08219188451766968,0.8504681587219238,0.5666664838790894,-0.057511236518621445,0.8307203054428101,0.6740850806236267,-0.08072790503501892,0.8074814081192017,0.733718752861023,-0.07719739526510239,0.7932520508766174,0.7405041456222534,-0.06999893486499786
0.7648497819900513,0.7568785548210144,-5.309934749675449e-07,0.7247920036315918,0.7333999872207642,-0.05161505937576294,0.681126594543457,0.6920238137245178,-0.08824954181909561,0.6565574407577515,0.6559585928916931,-0.11765564978122711,0.6731300354003906,0.6496594548225403,-0.14090506732463837,0.7149409651756287,0.4735921621322632,-0.06211664900183678,0.7019262313842773,0.5831090807914734,-0.10554024577140808,0.7044423222541809,0.6801297664642334,-0.12790676951408386,0.709636926651001,0.7277681231498718,-0.13868896663188934,0.7689951658248901,0.473678857088089,-0.05485331267118454,0.7519541382789612,0.6019408702850342,-0.09467747807502747,0.7420805096626282,0.7005562782287598,-0.10482241213321686,0.7407587766647339,0.7238565683364868,-0.10710573196411133,0.8155264854431152,0.5088398456573486,-0.0529257096350193,0.7972279191017151,0.6382983922958374,-0.0911957398056984,0.7759859561920166,0.714830756187439,-0.0884653776884079,0.7667075991630554,0.7233797311782837,-0.08071837574243546,0.8519062399864197,0.5609995722770691,-0.05570844188332558,0.835409939289093,0.6572604775428772,-0.07847140729427338,0.8132731318473816,0.7129343748092651,-0.07516378909349442,0.8000068068504333,0.7176728844642639,-0.0682171881198883
0.7670902013778687,0.7522806525230408,-5.586171027971432e-07,0.7268017530441284,0.7226455211639404,-0.0465095229446888,0.6862802505493164,0.6819132566452026,-0.07955005764961243,0.6628636121749878,0.6463978290557861,-0.10655533522367477,0.671075701713562,0.6261128187179565,-0.12764424085617065,0.7168178558349609,0.4608038663864136,-0.05535940080881119,0.7055159211158752,0.5487860441207886,-0.09918578714132309,0.7055713534355164,0.6461187601089478,-0.12338986247777939,0.7092255353927612,0.6987117528915405,-0.1351708471775055,0.7706130743026733,0.46174219250679016,-0.05004831776022911,0.7541828155517578,0.5786027312278748,-0.08918362855911255,0.7414558529853821,0.6781275272369385,-0.10050525516271591,0.7390478253364563,0.7027519941329956,-0.10365843027830124,0.8168344497680664,0.4989387094974518,-0.050014249980449677,0.7992630004882812,0.623819887638092,-0.08857069164514542,0.7747099995613098,0.7030542492866516,-0.08670701831579208,0.7633243203163147,0.7141101360321045,-0.07929619401693344,0.8530665636062622,0.5532635450363159,-0.05419538542628288,0.83734530210495,0.6474262475967407,-0.07850740849971771,0.8113048672676086,0.7056721448898315,-0.07564923167228699,0.7940640449523926,0.7144500613212585,-0.06854590773582458
0.7594989538192749,0.7566549777984619,-5.559111286856933e-07,0.7196537852287292,0.7178244590759277,-0.04652298614382744,0.6806425452232361,0.6653662323951721,-0.07773493975400925,0.6578986644744873,0.6205736994743347,-0.10299323499202728,0.6715632081031799,0.579731285572052,-0.12239927798509598,0.724615216255188,0.4520951807498932,-0.05025854706764221,0.7062795162200928,0.5134477019309998,-0.09450342506170273,0.7030786871910095,0.6120542287826538,-0.12068473547697067,0.7056823968887329,0.6703298091888428,-0.13379083573818207,0.778489887714386,0.4531501531600952,-0.04487447068095207,0.7541444301605225,0.5420973300933838,-0.0868113711476326,0.7390074729919434,0.6461693048477173,-0.10107763111591339,0.7355412840843201,0.6829462647438049,-0.10447424650192261,0.8238667845726013,0.4930398464202881,-0.04522523283958435,0.7996877431869507,0.5963205695152283,-0.08682441711425781,0.7745013236999512,0.6806609630584717,-0.08638015389442444,0.7628366351127625,0.7010652422904968,-0.0781249850988388,0.8588076829910278,0.5491904616355896,-0.04955137521028519,0.8389838337898254,0.6339901685714722,-0.07733434438705444,0.8123586177825928,0.6928908228874207,-0.0759749785065651,0.7953409552574158,0.7051777839660645,-0.06840993463993073
0.7579588890075684,0.7668768167495728,-6.058602934899682e-07,0.7146615386009216,0.7114547491073608,-0.03615763783454895,0.6767054200172424,0.6395629644393921,-0.059852663427591324,0.660419225692749,0.579653799533844,-0.07943015545606613,0.6691027283668518,0.5300828814506531,-0.09383807331323624,0.7341170907020569,0.4382861256599426,-0.03371058776974678,0.7104567289352417,0.4716305136680603,-0.07149892300367355,0.7037191987037659,0.5665426254272461,-0.09541871398687363,0.7036371827125549,0.6320730447769165,-0.10704460740089417,0.7872720956802368,0.4476613700389862,-0.031901560723781586,0.7580279111862183,0.5047271251678467,-0.06775901466608047,0.7387070655822754,0.6131874918937683,-0.08064205944538116,0.7317137718200684,0.6657705307006836,-0.08269048482179642,0.830947995185852,0.49295398592948914,-0.03517280891537666,0.7997339367866516,0.56392502784729,-0.07159414142370224,0.7720292210578918,0.6523749232292175,-0.07033295929431915,0.7588291764259338,0.6879054307937622,-0.06125415861606598,0.8651734590530396,0.5540462136268616,-0.04155683144927025,0.8400794267654419,0.6123353242874146,-0.06563306599855423,0.8101106882095337,0.6713801026344299,-0.06244371086359024,0.7925510406494141,0.6929847002029419,-0.05327805131673813
0.757610559463501,0.7734416723251343,-6.512699997074378e-07,0.7105890512466431,0.7074893712997437,-0.029101314023137093,0.6750580072402954,0.6043421626091003,-0.046784572303295135,0.6616379618644714,0.5215064287185669,-0.06253990530967712,0.6802446842193604,0.4743025302886963,-0.07314644008874893,0.7416695952415466,0.4344438314437866,-0.01690937951207161,0.7191672921180725,0.42547109723091125,-0.05195370316505432,0.7084770202636719,0.5218631625175476,-0.07450451701879501,0.7047022581100464,0.5927812457084656,-0.08496012538671494,0.7920770645141602,0.45321840047836304,-0.017170820385217667,0.7643609642982483,0.46503713726997375,-0.05306023359298706,0.741753339767456,0.5748087167739868,-0.06490758061408997,0.7280554175376892,0.6386175155639648,-0.06447439640760422,0.8349342942237854,0.5004778504371643,-0.022909538820385933,0.8063939809799194,0.5189639329910278,-0.06057533621788025,0.7748123407363892,0.6149188280105591,-0.05720102787017822,0.7537327408790588,0.6691682934761047,-0.044564660638570786,0.8701726198196411,0.5616422295570374,-0.03093281202018261,0.8448635935783386,0.5740752220153809,-0.055979106575250626,0.8127131462097168,0.6351848244667053,-0.050730396062135696,0.7910282015800476,0.6694865226745605,-0.038844916969537735
0.76711106300354,0.7920655012130737,-6.614451990571979e-07,0.7137171030044556,0.7180545926094055,-0.015241920948028564,0.6805450320243835,0.5875682830810547,-0.02400323934853077,0.6722360253334045,0.48888692259788513,-0.035565465688705444,0.6902291774749756,0.4284955859184265,-0.04333784058690071,0.7443891167640686,0.4720793068408966,0.005550300236791372,0.7324306964874268,0.3969267010688782,-0.029960963875055313,0.7192831039428711,0.47474420070648193,-0.05251767486333847,0.7139174938201904,0.5475707054138184,-0.06186731904745102,0.7869583964347839,0.49551892280578613,-0.0009295626077800989,0.774993360042572,0.4245891273021698,-0.0380672812461853,0.7488332986831665,0.5280075669288635,-0.050144076347351074,0.7362509965896606,0.5989648699760437,-0.04791268706321716,0.827708899974823,0.5371620059013367,-0.01326450053602457,0.8168777227401733,0.4669235944747925,-0.05146348103880882,0.7817213535308838,0.5699241161346436,-0.045561790466308594,0.762739360332489,0.63847815990448,-0.029639601707458496,0.8661343455314636,0.5942579507827759,-0.026788868010044098,0.8474479913711548,0.5436183214187622,-0.05331721156835556,0.8122474551200867,0.6066623330116272,-0.04694037511944771,0.7929002046585083,0.6520978212356567,-0.03371230140328407
0.7801482081413269,0.8151123523712158,-7.439913929374598e-07,0.7215845584869385,0.7361937761306763,-0.009936146438121796,0.6861943602561951,0.6014053225517273,-0.014399470761418343,0.6801759600639343,0.4951547384262085,-0.023803189396858215,0.7016494274139404,0.423123300075531,-0.029946815222501755,0.7496551275253296,0.49857205152511597,0.017832592129707336,0.7402061820030212,0.4024961590766907,-0.014089798554778099,0.7280914783477783,0.4673176407814026,-0.03515865281224251,0.7232928276062012,0.5383166670799255,-0.04393486678600311,0.7904621362686157,0.5158824324607849,0.009277109988033772,0.7794232964515686,0.4286227822303772,-0.02472001314163208,0.7572915554046631,0.5329541563987732,-0.03706255555152893,0.7503575086593628,0.6103923320770264,-0.03504231572151184,0.8318341374397278,0.5523920655250549,-0.00511741591617465,0.8213072419166565,0.46310144662857056,-0.0415424145758152,0.7901815176010132,0.5692854523658752,-0.0364346019923687,0.7768440246582031,0.6455787420272827,-0.020937727764248848,0.8737324476242065,0.6076993942260742,-0.020314808934926987,0.8533868789672852,0.5374637842178345,-0.045277535915374756,0.8183847665786743,0.6010181307792664,-0.03876296803355217,0.8008366227149963,0.6557902693748474,-0.025742173194885254
0.7915140986442566,0.8537818193435669,-7.99411907337344e-07,0.7301152348518372,0.7653639316558838,-0.007131028454750776,0.6927739977836609,0.6305208206176758,-0.009826450608670712,0.6889972686767578,0.5166310667991638,-0.01835562475025654,0.7128923535346985,0.4441891610622406,-0.023462576791644096,0.7548553943634033,0.5329272747039795,0.022959861904382706,0.7498769760131836,0.4361107349395752,-0.008547432720661163,0.7362602353096008,0.5105674266815186,-0.029068293049931526,0.7313073873519897,0.5818583965301514,-0.03752141818404198,0.7954063415527344,0.5498619675636292,0.012485797517001629,0.7883508801460266,0.4536079168319702,-0.020464163273572922,0.7672898173332214,0.5576650500297546,-0.03115704469382763,0.7624637484550476,0.6353768706321716,-0.028171250596642494,0.8371887803077698,0.583605945110321,-0.003989951219409704,0.8283587694168091,0.4859064221382141,-0.03818613290786743,0.7997945547103882,0.5904039740562439,-0.03030419908463955,0.7894995212554932,0.6674966812133789,-0.01345296110957861,0.8807731866836548,0.6357932686805725,-0.021425463259220123,0.860852062702179,0.558134913444519,-0.04318520426750183,0.8287303447723389,0.625352144241333,-0.03360053524374962,0.8147732019424438,0.6861519813537598,-0.019004836678504944
0.7931884527206421,0.8543484210968018,-7.229333505165414e-07,0.7314412593841553,0.7671958804130554,-0.008983383886516094,0.6946374177932739,0.6337482929229736,-0.014309297315776348,0.6905199885368347,0.5216798186302185,-0.024945972487330437,0.7140469551086426,0.4458285868167877,-0.03210252523422241,0.7546895146369934,0.5345669984817505,0.01728779636323452,0.7488521933555603,0.4323825538158417,-0.014903860166668892,0.737906277179718,0.5035611391067505,-0.03572174534201622,0.7349986433982849,0.5773441195487976,-0.04408131167292595,0.7953362464904785,0.5526416897773743,0.007697390858083963,0.7882034182548523,0.45646968483924866,-0.02624773606657982,0.7682454586029053,0.5620170831680298,-0.03763449192047119,0.7625794410705566,0.6418706774711609,-0.03492314741015434,0.8365904092788696,0.5872460007667542,-0.0075690546073019505,0.8286533355712891,0.4855667054653168,-0.042143598198890686,0.8011884689331055,0.5922523140907288,-0.03491629287600517,0.7899201512336731,0.6722201108932495,-0.018524926155805588,0.8795236349105835,0.6389920711517334,-0.023755891248583794,0.8604105710983276,0.5642836093902588,-0.0464663989841938,0.830119788646698,0.6301476359367371,-0.037865642458200455,0.8156875371932983,0.6893017292022705,-0.02381037175655365
0.8109902739524841,0.9210586547851562,-8.435589506916585e-07,0.746309757232666,0.8343831896781921,-0.013147552497684956,0.7042364478111267,0.6990649700164795,-0.020923307165503502,0.6974012851715088,0.582737922668457,-0.03323519229888916,0.7276771068572998,0.5104495286941528,-0.041444260627031326,0.7670865654945374,0.5925242304801941,0.013795045204460621,0.7621610760688782,0.4987836480140686,-0.023361388593912125,0.7486262321472168,0.5772646069526672,-0.046824149787425995,0.7443972826004028,0.6495320200920105,-0.05641607567667961,0.8097363710403442,0.6155490875244141,0.0048667252995073795,0.8019846081733704,0.5211201310157776,-0.03480847179889679,0.7816296815872192,0.630364179611206,-0.047043632715940475,0.7769794464111328,0.7105412483215332,-0.043997474014759064,0.8533167243003845,0.651810348033905,-0.010505063459277153,0.8441735506057739,0.5576142072677612,-0.049399279057979584,0.8163094520568848,0.6654934287071228,-0.041620176285505295,0.8064393401145935,0.7438541054725647,-0.023896224796772003,0.8995312452316284,0.7029846906661987,-0.02724037505686283,0.8806437253952026,0.6278935670852661,-0.050472769886255264,0.8499104976654053,0.6982635855674744,-0.040677882730960846,0.8369936943054199,0.7588062286376953,-0.025622917339205742
0.8152894377708435,0.9744789600372314,-8.45497766022163e-07,0.7542718648910522,0.8857415318489075,-0.012647463008761406,0.714975118637085,0.742482602596283,-0.018850794062018394,0.707858681678772,0.6244969964027405,-0.029808184131979942,0.7370800971984863,0.5501542687416077,-0.03649242967367172,0.7776150107383728,0.6344951391220093,0.016072731465101242,0.7714494466781616,0.5413448214530945,-0.02272491529583931,0.7601445913314819,0.6254052519798279,-0.04666784778237343,0.7574562430381775,0.6985133290290833,-0.05626640468835831,0.8207258582115173,0.657561182975769,0.006702328100800514,0.8127164244651794,0.5676947236061096,-0.033221807330846786,0.792184591293335,0.6837088465690613,-0.044079672545194626,0.7881316542625427,0.7617005705833435,-0.03993911296129227,0.8653086423873901,0.6970937848091125,-0.009657326154410839,0.8573847413063049,0.6035156846046448,-0.04924655333161354,0.8280190229415894,0.7185693979263306,-0.0395159013569355,0.8177525997161865,0.7959898710250854,-0.02021896466612816,0.9119670987129211,0.7534874081611633,-0.02742382511496544,0.8932015895843506,0.6820807456970215,-0.050881821662187576,0.8610241413116455,0.7539517283439636,-0.04019508138298988,0.8483852744102478,0.8102414608001709,-0.024331897497177124
0.8188849687576294,1.022312879562378,-8.606083952145127e-07,0.7589242458343506,0.9340156316757202,-0.015300482511520386,0.722482442855835,0.787664532661438,-0.022905562072992325,0.7172374129295349,0.6728161573410034,-0.03475569933652878,0.7437963485717773,0.6007600426673889,-0.04199577495455742,0.7867003083229065,0.6738017797470093,0.01207652222365141,0.7789280414581299,0.5858299732208252,-0.028454743325710297,0.7675052285194397,0.6755092144012451,-0.05342144891619682,0.7645093202590942,0.7534711360931396,-0.06335791945457458,0.8313155174255371,0.7019466161727905,0.0029126231092959642,0.8214343190193176,0.614216685295105,-0.03993139788508415,0.7999564409255981,0.7364527583122253,-0.051184963434934616,0.7951722145080566,0.8200564384460449,-0.046280600130558014,0.8765004277229309,0.7475677728652954,-0.013436989858746529,0.8678481578826904,0.6594576835632324,-0.05579797551035881,0.8366820812225342,0.7782110571861267,-0.046152327209711075,0.8241687417030334,0.8574087023735046,-0.026003522798419,0.9233829379081726,0.8097984790802002,-0.031339678913354874,0.9059435129165649,0.7438989877700806,-0.056477393954992294,0.8721458911895752,0.814560055732727,-0.045917920768260956,0.8569672703742981,0.8684304356575012,-0.02959347702562809
0.813971757888794,1.0740580558776855,-8.916521778701281e-07,0.7618354558944702,0.9832651615142822,-0.018038060516119003,0.7291116714477539,0.8456653952598572,-0.030325086787343025,0.7243160009384155,0.7379630208015442,-0.04603388532996178,0.7542274594306946,0.6749796271324158,-0.05726054310798645,0.7990559935569763,0.7312397956848145,0.0016600062372162938,0.7924465537071228,0.6421595215797424,-0.04217815026640892,0.777762770652771,0.7379730343818665,-0.0682147741317749,0.772964358329773,0.8200704455375671,-0.07807307690382004,0.844527006149292,0.7667684555053711,-0.007107067387551069,0.835390567779541,0.6804310083389282,-0.0532197505235672,0.8092173933982849,0.8071853518486023,-0.06440044939517975,0.8016819953918457,0.8928998112678528,-0.0586380697786808,0.8889994621276855,0.8187065720558167,-0.022743379697203636,0.8797245621681213,0.7384583353996277,-0.06852536648511887,0.8445248007774353,0.8603740930557251,-0.058223605155944824,0.8298315405845642,0.9388783574104309,-0.036537133157253265,0.9337095022201538,0.8849873542785645,-0.039758458733558655,0.9180278778076172,0.8208512663841248,-0.06640385836362839,0.8816676735877991,0.8954570889472961,-0.05410684272646904,0.8641157746315002,0.9506418704986572,-0.03586926683783531
0.8169613480567932,1.116703748703003,-8.647925255900191e-07,0.7704180479049683,1.0518269538879395,-0.02609432116150856,0.7374560832977295,0.93074631690979,-0.042083773761987686,0.7291603684425354,0.8305730223655701,-0.05864241346716881,0.750288724899292,0.7621840834617615,-0.06964924186468124,0.8034389615058899,0.8007062077522278,-0.012982912361621857,0.7977363467216492,0.7167003750801086,-0.05173332244157791,0.7820184826850891,0.8156344294548035,-0.07443176954984665,0.7757918238639832,0.8941336274147034,-0.08390701562166214,0.8523459434509277,0.8345849514007568,-0.01627691090106964,0.8432983160018921,0.7608938813209534,-0.056464385241270065,0.8142420053482056,0.8758771419525146,-0.06624893844127655,0.8027591109275818,0.9518471956253052,-0.062317006289958954,0.8963686227798462,0.8896310329437256,-0.025978801771998405,0.8906252384185791,0.8259658217430115,-0.0639645904302597,0.8555929660797119,0.9199833273887634,-0.056173086166381836,0.839573323726654,0.9802892804145813,-0.039887990802526474,0.9383795261383057,0.9583166837692261,-0.037888746708631516,0.9245291352272034,0.9194319248199463,-0.06137372925877571,0.8902276754379272,0.9683308601379395,-0.05423816293478012,0.872738778591156,1.0057650804519653,-0.041478801518678665
0.823047935962677,1.1110193729400635,-5.707343007088639e-07,0.7826606631278992,1.0798335075378418,-0.02134719491004944,0.7462119460105896,1.019575595855713,-0.03721661865711212,0.7303517460823059,0.9704017043113708,-0.05422297865152359,0.7295839786529541,0.9367993474006653,-0.06915190815925598,0.7665701508522034,0.8805654644966125,-0.019900426268577576,0.7579733729362488,0.8655222058296204,-0.045789070427417755,0.7556019425392151,0.9348511099815369,-0.06401950865983963,0.7572423815727234,0.9900381565093994,-0.07399295270442963,0.810894250869751,0.8812519311904907,-0.022178292274475098,0.8002679944038391,0.871118426322937,-0.04723691940307617,0.7938671708106995,0.9568580389022827,-0.05696592852473259,0.7935131788253784,1.022940993309021,-0.05815691500902176,0.8553236722946167,0.9096918106079102,-0.027739422395825386,0.8393992185592651,0.9367834329605103,-0.05059991404414177,0.8334367275238037,1.0085618495941162,-0.0502140074968338,0.8313845992088318,1.0571187734603882,-0.04445518180727959,0.8958994746208191,0.9551909565925598,-0.0353572815656662,0.886144757270813,0.999610960483551,-0.04673593491315842,0.877692699432373,1.0422186851501465,-0.04263845086097717,0.8745983839035034,1.0682129859924316,-0.03574981540441513
