0,1,2,3,4,5,6,7,8,9,10,11,12,13,14,15,16,17,18,19,20,21,22,23,24,25,26,27,28,29,30,31,32,33,34,35,36,37,38,39,40,41,42,43,44,45,46,47,48,49,50,51,52,53,54,55,56,57,58,59,60,61,62
0.24170789122581482,0.8844974040985107,-6.813490927015664e-08,0.2781539857387543,0.8878630995750427,-0.01396821066737175,0.3091537654399872,0.9115006923675537,-0.03457030653953552,0.33216625452041626,0.9375981092453003,-0.05475330725312233,0.34824302792549133,0.9691327214241028,-0.07561711966991425,0.29645150899887085,0.8508291840553284,-0.058946333825588226,0.31301748752593994,0.9616217613220215,-0.08942417055368423,0.3082725405693054,1.019043207168579,-0.10677514225244522,0.30126768350601196,1.0418617725372314,-0.11716018617153168,0.25361695885658264,0.851439356803894,-0.06697697937488556,0.2681805193424225,0.9912465810775757,-0.09308817237615585,0.2668450176715851,1.0530962944030762,-0.09598353505134583,0.2659554183483124,1.0827546119689941,-0.10084499418735504,0.21895399689674377,0.8653892874717712,-0.07476428896188736,0.23480141162872314,1.0008056163787842,-0.09837724268436432,0.23845383524894714,1.0553228855133057,-0.09093719720840454,0.2397545576095581,1.082435965538025,-0.08652374893426895,0.19133886694908142,0.8854683041572571,-0.08387026190757751,0.20360715687274933,0.9899274706840515,-0.098069928586483,0.2094494104385376,1.0374853610992432,-0.09052035212516785,0.21398547291755676,1.0624041557312012,-0.08578737825155258
0.23427841067314148,0.9079752564430237,1.3507622043107403e-07,0.27648457884788513,0.893028736114502,-0.020016208291053772,0.3059386610984802,0.8900898694992065,-0.03873220831155777,0.32542675733566284,0.8972082138061523,-0.055299073457717896,0.33259209990501404,0.9099850058555603,-0.07060257345438004,0.28405097126960754,0.7966927886009216,-0.04600757360458374,0.29763901233673096,0.9028866291046143,-0.06743934005498886,0.2958518862724304,0.9230728149414062,-0.0780237466096878,0.28985705971717834,0.9023900628089905,-0.08534013479948044,0.2477089762687683,0.8042764663696289,-0.04769111052155495,0.2630225718021393,0.9276566505432129,-0.06441961228847504,0.266705185174942,0.9360316395759583,-0.06487374007701874,0.26418957114219666,0.9062200784683228,-0.06837156414985657,0.21650011837482452,0.8274786472320557,-0.0504654236137867,0.23142047226428986,0.941100537776947,-0.06529633700847626,0.23624509572982788,0.9488261342048645,-0.058524131774902344,0.23535887897014618,0.9231093525886536,-0.05548051372170448,0.1909712255001068,0.8565249443054199,-0.05588003247976303,0.20060425996780396,0.9477170705795288,-0.06836246699094772,0.20978675782680511,0.955359697341919,-0.06742320954799652,0.21204040944576263,0.935634195804596,-0.06693042069673538
0.2341996729373932,0.8932878971099854,-7.415412284217382e-08,0.2738026976585388,0.8776782751083374,-0.013175124302506447,0.30779778957366943,0.8583981394767761,-0.025846971198916435,0.3272556662559509,0.8498293161392212,-0.03862380608916283,0.32758471369743347,0.8568326830863953,-0.05020958185195923,0.28744375705718994,0.7502306699752808,-0.024808989837765694,0.28965115547180176,0.845344066619873,-0.04751575365662575,0.290593683719635,0.8805474042892456,-0.06280441582202911,0.28961437940597534,0.8686045408248901,-0.07287222892045975,0.24898989498615265,0.7504251003265381,-0.02948625758290291,0.2585088908672333,0.8690038919448853,-0.046497851610183716,0.26266586780548096,0.8976715803146362,-0.05100284889340401,0.2595425248146057,0.878142237663269,-0.055676624178886414,0.21569238603115082,0.7722388505935669,-0.035946473479270935,0.22874215245246887,0.8873241543769836,-0.04988928511738777,0.2332037389278412,0.9083460569381714,-0.04496951401233673,0.23012535274028778,0.8849328756332397,-0.04251681640744209,0.1879907250404358,0.8041316270828247,-0.04483356326818466,0.20026960968971252,0.8958641290664673,-0.05436907708644867,0.20905855298042297,0.9161363840103149,-0.05215172842144966,0.2100084275007248,0.9017871022224426,-0.05028929561376572
0.23444285988807678,0.8587283492088318,-1.215619391814471e-07,0.2715820372104645,0.8504692912101746,-0.012779558077454567,0.30525222420692444,0.8337294459342957,-0.023826122283935547,0.3222596049308777,0.8242782354354858,-0.03518400341272354,0.31757020950317383,0.814753532409668,-0.045660268515348434,0.28539881110191345,0.7232838273048401,-0.022965652868151665,0.28555718064308167,0.7864644527435303,-0.044614002108573914,0.2882792055606842,0.8184522986412048,-0.06022822484374046,0.2893376052379608,0.819882333278656,-0.0695461630821228,0.24825777113437653,0.7199306488037109,-0.02618394047021866,0.2523626685142517,0.8146320581436157,-0.040500614792108536,0.2567906379699707,0.8430339694023132,-0.044973839074373245,0.2560631334781647,0.838223397731781,-0.0494714081287384,0.21503682434558868,0.7365754246711731,-0.031322985887527466,0.22237665951251984,0.8377209305763245,-0.04146266356110573,0.2265440970659256,0.8592573404312134,-0.03783034905791283,0.22463282942771912,0.8485764265060425,-0.03668784722685814,0.1873064935207367,0.7640544772148132,-0.03890390694141388,0.19529715180397034,0.8469226956367493,-0.044471703469753265,0.20225195586681366,0.8682088851928711,-0.041622333228588104,0.20248635113239288,0.862074077129364,-0.039812278002500534
0.22732014954090118,0.8396830558776855,-1.0909973013895069e-07,0.26998811960220337,0.8343958854675293,-0.021246012300252914,0.30664342641830444,0.806946873664856,-0.035147059708833694,0.32189956307411194,0.7822574377059937,-0.047490593045949936,0.3182191550731659,0.7682726383209229,-0.05795756354928017,0.28265291452407837,0.6768787503242493,-0.023896975442767143,0.28290027379989624,0.7571651935577393,-0.04679187387228012,0.2830076813697815,0.7927456498146057,-0.0632328912615776,0.2836969196796417,0.7834655046463013,-0.07375314831733704,0.24598698318004608,0.673896074295044,-0.02385491319000721,0.25023239850997925,0.769986629486084,-0.04114628955721855,0.25469934940338135,0.8052867650985718,-0.04759031534194946,0.2552642226219177,0.7926956415176392,-0.052784908562898636,0.2130104899406433,0.6917645931243896,-0.026747632771730423,0.21931251883506775,0.7855947017669678,-0.041435424238443375,0.22557590901851654,0.8128820061683655,-0.03980553150177002,0.22462177276611328,0.7974094152450562,-0.0391063429415226,0.18609775602817535,0.7195450663566589,-0.032448310405015945,0.19432005286216736,0.7931206822395325,-0.04124488681554794,0.2020529955625534,0.8186307549476624,-0.040075160562992096,0.20185554027557373,0.8097140789031982,-0.038955964148044586
0.22142627835273743,0.8089290857315063,-1.1833872548550062e-07,0.25890621542930603,0.7976047396659851,-0.01906590163707733,0.29165107011795044,0.7672055959701538,-0.03308093175292015,0.3115862309932709,0.7421734929084778,-0.04601705074310303,0.31717056035995483,0.7358781099319458,-0.056722819805145264,0.27399635314941406,0.6395306587219238,-0.020852314308285713,0.27558135986328125,0.7030043601989746,-0.043749209493398666,0.27598315477371216,0.74897301197052,-0.05948464572429657,0.2775172293186188,0.7529421448707581,-0.06871839612722397,0.24041834473609924,0.6341370344161987,-0.021496571600437164,0.24355578422546387,0.7193282842636108,-0.03822672367095947,0.24997495114803314,0.7595829963684082,-0.0433347225189209,0.254321426153183,0.7559704184532166,-0.04672063887119293,0.21001818776130676,0.6488575339317322,-0.025130826979875565,0.2146957516670227,0.7364902496337891,-0.03810728341341019,0.22237148880958557,0.7679359912872314,-0.03538776561617851,0.22553755342960358,0.758968710899353,-0.033444326370954514,0.18506458401679993,0.673393726348877,-0.03154217451810837,0.18990859389305115,0.7421481609344482,-0.03778182715177536,0.19823920726776123,0.7690548300743103,-0.03504766523838043,0.20150624215602875,0.7632608413696289,-0.032468847930431366
0.22372394800186157,0.780404806137085,-1.4318337093754963e-07,0.2581427991390228,0.764930784702301,-0.017397437244653702,0.2875032126903534,0.7354028224945068,-0.029334263876080513,0.3057056665420532,0.7114575505256653,-0.04040493071079254,0.31067317724227905,0.6953747868537903,-0.0488869845867157,0.2725500762462616,0.6077971458435059,-0.019075974822044373,0.27419906854629517,0.6555529832839966,-0.042295560240745544,0.27271193265914917,0.702642560005188,-0.057166725397109985,0.2726828157901764,0.7126854658126831,-0.06509372591972351,0.24044567346572876,0.6009790301322937,-0.019854098558425903,0.24073082208633423,0.6723198294639587,-0.03852912038564682,0.24496206641197205,0.71727454662323,-0.04311639443039894,0.2492370754480362,0.7198456525802612,-0.04468214511871338,0.21011966466903687,0.6136084198951721,-0.023674840107560158,0.21181759238243103,0.6917581558227539,-0.038769811391830444,0.21880985796451569,0.7275186777114868,-0.03526557981967926,0.22397392988204956,0.7238811254501343,-0.0313875675201416,0.18495547771453857,0.6364809274673462,-0.030127989128232002,0.18625645339488983,0.7006691098213196,-0.037835847586393356,0.19358821213245392,0.7299216389656067,-0.035178206861019135,0.19823893904685974,0.7262552976608276,-0.03160970285534859
0.22599387168884277,0.749095618724823,-1.3565158951678313e-07,0.25856971740722656,0.7354925870895386,-0.021135343238711357,0.28816869854927063,0.7050941586494446,-0.033990032970905304,0.30565428733825684,0.6776230931282043,-0.045194461941719055,0.30010244250297546,0.6534010767936707,-0.053163059055805206,0.27106380462646484,0.5714164972305298,-0.019415562972426414,0.2714553475379944,0.6120998859405518,-0.04441618174314499,0.2688991129398346,0.662692129611969,-0.05970671772956848,0.267812043428421,0.674685001373291,-0.06718520820140839,0.23925110697746277,0.5628989934921265,-0.01840633898973465,0.23717647790908813,0.629629909992218,-0.03888830915093422,0.2413063794374466,0.6787009239196777,-0.043448418378829956,0.2458120733499527,0.6800790429115295,-0.04396788403391838,0.20893070101737976,0.5756327509880066,-0.021200187504291534,0.20862096548080444,0.6471078395843506,-0.03776920214295387,0.2156660407781601,0.686265230178833,-0.033694468438625336,0.22137337923049927,0.6812438368797302,-0.02864721417427063,0.18416717648506165,0.5988078117370605,-0.02692994475364685,0.1830396205186844,0.6576182842254639,-0.035093020647764206,0.19038061797618866,0.6877159476280212,-0.03214119374752045,0.19553884863853455,0.6830031275749207,-0.02782559208571911
0.22545847296714783,0.7268043756484985,-1.2446659525267023e-07,0.258253812789917,0.7109254598617554,-0.02382594533264637,0.2887307107448578,0.6752151250839233,-0.03788004070520401,0.30392250418663025,0.6413093209266663,-0.04962080717086792,0.29547280073165894,0.6186450719833374,-0.05773947760462761,0.2689914107322693,0.5380688309669495,-0.020412452518939972,0.26740503311157227,0.5788291692733765,-0.04493366926908493,0.26508867740631104,0.6302488446235657,-0.0596996434032917,0.2646256983280182,0.638762891292572,-0.06719493120908737,0.236344575881958,0.5286884903907776,-0.018390517681837082,0.23266367614269257,0.5926327705383301,-0.03919876739382744,0.23771944642066956,0.6449230313301086,-0.04345559701323509,0.2430061548948288,0.6442681550979614,-0.043458160012960434,0.2052866667509079,0.541612982749939,-0.020344821736216545,0.20328453183174133,0.6095544099807739,-0.03800727799534798,0.21203237771987915,0.6521501541137695,-0.033775750547647476,0.2183586210012436,0.6475664377212524,-0.028273526579141617,0.17963410913944244,0.565546452999115,-0.025357916951179504,0.17826703190803528,0.6200657486915588,-0.03451092913746834,0.18671081960201263,0.6523737907409668,-0.031538672745227814,0.19214092195034027,0.6488033533096313,-0.02692929469048977
0.21946333348751068,0.704365611076355,-1.2806971483314555e-07,0.2529134452342987,0.6876616477966309,-0.026093704625964165,0.2855631709098816,0.6485389471054077,-0.04104660823941231,0.30031895637512207,0.6112363934516907,-0.05318690091371536,0.2879413068294525,0.5892240405082703,-0.06126146763563156,0.2649618685245514,0.5079237222671509,-0.021710457280278206,0.2614934742450714,0.5412797927856445,-0.04702405259013176,0.2604127824306488,0.5963687896728516,-0.06184820830821991,0.2599908709526062,0.6058006882667542,-0.06937623769044876,0.23184704780578613,0.4969736337661743,-0.01891416683793068,0.22526679933071136,0.5597142577171326,-0.04021473228931427,0.23197561502456665,0.6150195598602295,-0.044574618339538574,0.23740527033805847,0.6099018454551697,-0.04463706910610199,0.20045752823352814,0.5101578235626221,-0.020393358543515205,0.1955718994140625,0.5780420303344727,-0.03873497620224953,0.20637473464012146,0.6234073042869568,-0.03406129404902458,0.2136315554380417,0.6155290603637695,-0.028355920687317848,0.17418771982192993,0.5342848300933838,-0.025140337646007538,0.1705719232559204,0.5908122062683105,-0.035048726946115494,0.1806725412607193,0.6255991458892822,-0.031867772340774536,0.18770378828048706,0.6207275986671448,-0.02701220102608204
0.2109328806400299,0.6901699304580688,-9.845089721238764e-08,0.24667154252529144,0.6641378402709961,-0.025599990040063858,0.281036376953125,0.6203612685203552,-0.04109112173318863,0.29602527618408203,0.5790641903877258,-0.053438786417245865,0.2849701941013336,0.5588932633399963,-0.062016572803258896,0.25381726026535034,0.485685259103775,-0.02246718667447567,0.25052711367607117,0.5147792100906372,-0.04290837422013283,0.252234548330307,0.5690653324127197,-0.05367213487625122,0.2537887394428253,0.57334303855896,-0.05946921557188034,0.22057989239692688,0.48384717106819153,-0.0197736956179142,0.21852540969848633,0.5282439589500427,-0.03695782274007797,0.2266274392604828,0.5893632173538208,-0.03868480771780014,0.22913751006126404,0.581572413444519,-0.037729036062955856,0.1902085244655609,0.5036171078681946,-0.02056094817817211,0.18937303125858307,0.5448259711265564,-0.036888714879751205,0.20042428374290466,0.5952772498130798,-0.029307058081030846,0.20360299944877625,0.5892645716667175,-0.022185737267136574,0.16476696729660034,0.5325793027877808,-0.024159789085388184,0.16528858244419098,0.5641815662384033,-0.03245679289102554,0.1763356775045395,0.601219654083252,-0.025692742317914963,0.1800847351551056,0.6019434928894043,-0.01867976225912571
0.20050576329231262,0.6649956703186035,-1.0486009927035411e-07,0.23748145997524261,0.6460686326026917,-0.02767934463918209,0.27412232756614685,0.6020627021789551,-0.04285313934087753,0.2864112854003906,0.556982159614563,-0.05452665686607361,0.2688857614994049,0.534969687461853,-0.062430452555418015,0.24672862887382507,0.4587688446044922,-0.022688861936330795,0.2392883598804474,0.49402493238449097,-0.044864166527986526,0.2403111755847931,0.5471450090408325,-0.05648960918188095,0.24321724474430084,0.5537256002426147,-0.061943259090185165,0.21266970038414001,0.45117664337158203,-0.018335292115807533,0.2052733153104782,0.5052684545516968,-0.03558875247836113,0.21327514946460724,0.565639317035675,-0.03650764748454094,0.2181227207183838,0.5584413409233093,-0.03459571674466133,0.18150418996810913,0.46610990166664124,-0.01795709878206253,0.17544563114643097,0.5208086967468262,-0.0339745432138443,0.187058687210083,0.5704282522201538,-0.026097964495420456,0.19296953082084656,0.5653465986251831,-0.018574349582195282,0.15428930521011353,0.4915785491466522,-0.020823458209633827,0.15075603127479553,0.5333644151687622,-0.0286337211728096,0.16226893663406372,0.5732764005661011,-0.021945396438241005,0.1681062877178192,0.5759227871894836,-0.014663107693195343
0.19092237949371338,0.6488305926322937,-5.7259441632595554e-08,0.22816021740436554,0.6304976344108582,-0.03071415424346924,0.2668745219707489,0.5869675874710083,-0.0479123480618,0.2782456576824188,0.5399577617645264,-0.06088247895240784,0.2602534592151642,0.5173646807670593,-0.07001418620347977,0.2360261231660843,0.43617764115333557,-0.025575002655386925,0.22594276070594788,0.4775317311286926,-0.047417886555194855,0.22668658196926117,0.5267349481582642,-0.05853204056620598,0.23086994886398315,0.5276373028755188,-0.06394292414188385,0.2007504105567932,0.42795872688293457,-0.02025131694972515,0.19351451098918915,0.48979634046554565,-0.03866186365485191,0.20124906301498413,0.5499864220619202,-0.04019634798169136,0.20632684230804443,0.5400803685188293,-0.038306064903736115,0.16856896877288818,0.4427129924297333,-0.018859321251511574,0.16313813626766205,0.5011675357818604,-0.03640417009592056,0.17400050163269043,0.551470935344696,-0.028952080756425858,0.17970708012580872,0.5439171195030212,-0.021219348534941673,0.14030686020851135,0.46841010451316833,-0.020821258425712585,0.13896110653877258,0.5112965106964111,-0.02997051551938057,0.1498624086380005,0.5524951219558716,-0.02365201525390148,0.15523752570152283,0.554867684841156,-0.016152428463101387
0.1724155843257904,0.6438969373703003,-1.0121915750005428e-07,0.21516773104667664,0.6211587190628052,-0.025543441995978355,0.25826698541641235,0.5722407102584839,-0.040958255529403687,0.27005767822265625,0.5213765501976013,-0.05349579453468323,0.2476726919412613,0.5087144374847412,-0.06292214244604111,0.21980857849121094,0.4233781099319458,-0.0196588896214962,0.2128479778766632,0.46577489376068115,-0.04062395170331001,0.21411405503749847,0.5188390612602234,-0.05284614861011505,0.21695303916931152,0.5220353007316589,-0.05952746421098709,0.1839197278022766,0.4173702299594879,-0.017220325767993927,0.1811157613992691,0.4829150438308716,-0.034406084567308426,0.18960949778556824,0.542841911315918,-0.03783731907606125,0.19237393140792847,0.5350090265274048,-0.0378313809633255,0.1515645980834961,0.43573689460754395,-0.018253114074468613,0.15170949697494507,0.49799445271492004,-0.03439927473664284,0.16334986686706543,0.5464717745780945,-0.028791170567274094,0.16635748744010925,0.5392805337905884,-0.02274513989686966,0.12406241148710251,0.46606600284576416,-0.022205526009202003,0.1295652538537979,0.5130794048309326,-0.030200280249118805,0.14111486077308655,0.5534622669219971,-0.02442295104265213,0.14439477026462555,0.5556982755661011,-0.017627550289034843
0.15458783507347107,0.6334161162376404,-1.0926624582907607e-07,0.1998390257358551,0.6129461526870728,-0.029800759628415108,0.24797748029232025,0.5658178925514221,-0.046601247042417526,0.25952857732772827,0.51035475730896,-0.05954400449991226,0.23137424886226654,0.49910661578178406,-0.06841006875038147,0.20692840218544006,0.41535794734954834,-0.026889052242040634,0.1982727348804474,0.44734811782836914,-0.05025464668869972,0.200790137052536,0.5077047944068909,-0.06143404170870781,0.20523841679096222,0.5127151012420654,-0.06687503308057785,0.1695348024368286,0.41037899255752563,-0.02280082181096077,0.16364455223083496,0.47264760732650757,-0.04414322227239609,0.17468476295471191,0.5379437804222107,-0.04661377891898155,0.17940272390842438,0.5302721261978149,-0.045033179223537445,0.13618656992912292,0.42987000942230225,-0.02256961166858673,0.13553281128406525,0.49479326605796814,-0.041251130402088165,0.1493353396654129,0.5459321141242981,-0.034162476658821106,0.1541043370962143,0.5372784733772278,-0.02670278213918209,0.10708817094564438,0.45988109707832336,-0.025631079450249672,0.11166542768478394,0.5150413513183594,-0.03446038439869881,0.12460501492023468,0.5550876259803772,-0.02892150916159153,0.12978902459144592,0.5528208017349243,-0.022345438599586487
0.15102845430374146,0.6341664791107178,-2.3534756365961584e-08,0.1950547695159912,0.6114046573638916,-0.033759795129299164,0.24022574722766876,0.56209397315979,-0.05369013920426369,0.24923205375671387,0.5084553956985474,-0.06900221854448318,0.21898934245109558,0.49576810002326965,-0.08004013448953629,0.19446510076522827,0.39129504561424255,-0.030447572469711304,0.18045811355113983,0.45154616236686707,-0.05726183205842972,0.18505337834358215,0.5068321228027344,-0.07134392857551575,0.1948097050189972,0.506363570690155,-0.07854888588190079,0.15443146228790283,0.38631749153137207,-0.025869397446513176,0.14816242456436157,0.4688325822353363,-0.04978553578257561,0.15928268432617188,0.5308127403259277,-0.053642045706510544,0.16608832776546478,0.519523561000824,-0.05279659852385521,0.1185217946767807,0.4079056978225708,-0.025694653391838074,0.11879146099090576,0.4915836453437805,-0.04745403677225113,0.13360537588596344,0.5407793521881104,-0.04232456535100937,0.1407897174358368,0.5278196334838867,-0.03567827492952347,0.08820372074842453,0.44208598136901855,-0.029170403257012367,0.09301596879959106,0.5080165266990662,-0.040694307535886765,0.10738050192594528,0.5486947298049927,-0.03701309487223625,0.11481350660324097,0.5435311198234558,-0.031250111758708954
0.14386430382728577,0.6294582486152649,-3.4748275368201575e-08,0.1882905215024948,0.6105804443359375,-0.04427485540509224,0.2333340346813202,0.563841700553894,-0.07046594470739365,0.24268171191215515,0.5078471899032593,-0.09035815298557281,0.21258604526519775,0.4907899498939514,-0.10526173561811447,0.1909123659133911,0.3853878974914551,-0.044477224349975586,0.17307336628437042,0.45335477590560913,-0.07930580526590347,0.17751988768577576,0.5065698027610779,-0.09777972102165222,0.18849651515483856,0.5009875297546387,-0.10715339332818985,0.1473660171031952,0.37652599811553955,-0.036073435097932816,0.13320989906787872,0.4689171612262726,-0.06745776534080505,0.14697879552841187,0.5296373963356018,-0.07113181054592133,0.1594773828983307,0.512510359287262,-0.06885699182748795,0.10976257920265198,0.3961744010448456,-0.03325551375746727,0.10211173444986343,0.49117013812065125,-0.06039296090602875,0.11911535263061523,0.5384259819984436,-0.05291518196463585,0.13147678971290588,0.5229641795158386,-0.043644018471241,0.07791804522275925,0.4286668300628662,-0.035395946353673935,0.07531988620758057,0.5012214183807373,-0.0516355037689209,0.09213881939649582,0.5403493642807007,-0.04894029721617699,0.10489244014024734,0.5325151681900024,-0.042856745421886444
0.14035390317440033,0.6240798234939575,-8.155912212259864e-08,0.18739838898181915,0.6042571067810059,-0.04204786941409111,0.23502381145954132,0.5554755926132202,-0.06679090112447739,0.2432015985250473,0.49807414412498474,-0.08565881103277206,0.21150797605514526,0.48257726430892944,-0.09965327382087708,0.1894906461238861,0.3798148036003113,-0.042863182723522186,0.16951051354408264,0.44733864068984985,-0.0774931088089943,0.1755123883485794,0.5064261555671692,-0.09577787667512894,0.18744124472141266,0.5047892332077026,-0.10491117835044861,0.14554132521152496,0.3701001703739166,-0.035456132143735886,0.13161125779151917,0.45961886644363403,-0.06605153530836105,0.1457645446062088,0.522520899772644,-0.06999874860048294,0.15775932371616364,0.5090983510017395,-0.06858085095882416,0.10745491087436676,0.3899324834346771,-0.033385396003723145,0.09969539940357208,0.4808945655822754,-0.0604771189391613,0.11683543026447296,0.5319985151290894,-0.05359966680407524,0.12874829769134521,0.5195897221565247,-0.045034199953079224,0.07557085901498795,0.4229404628276825,-0.035990357398986816,0.07380634546279907,0.4932287335395813,-0.05209902301430702,0.0904037356376648,0.5359777808189392,-0.04932698607444763,0.10239621996879578,0.5308743715286255,-0.04351479932665825
0.14016248285770416,0.6155647039413452,-1.2369697266478852e-08,0.18871308863162994,0.5980014801025391,-0.049591273069381714,0.23711013793945312,0.550908625125885,-0.07952231913805008,0.24568451941013336,0.49345335364341736,-0.10200336575508118,0.2132701724767685,0.4748026728630066,-0.11920879036188126,0.19244268536567688,0.36768290400505066,-0.05522708222270012,0.17263247072696686,0.4436384439468384,-0.0932408943772316,0.18048790097236633,0.49984145164489746,-0.11179859936237335,0.19293159246444702,0.49043506383895874,-0.12106947600841522,0.1473546028137207,0.35885775089263916,-0.045245517045259476,0.13401243090629578,0.45324039459228516,-0.08017060905694962,0.14966893196105957,0.5193054676055908,-0.08349735289812088,0.1610800325870514,0.5009050965309143,-0.08107835054397583,0.10880658030509949,0.37896546721458435,-0.04097287356853485,0.10205519199371338,0.4770737886428833,-0.07123091071844101,0.12076263129711151,0.5286339521408081,-0.06271875649690628,0.1324937790632248,0.5114071369171143,-0.052859872579574585,0.07642541080713272,0.41100597381591797,-0.0420001745223999,0.07530468702316284,0.48877012729644775,-0.06003376469016075,0.09365783631801605,0.5309717655181885,-0.05750470235943794,0.10640192031860352,0.5216675400733948,-0.051940739154815674
0.14326494932174683,0.6041201949119568,-8.618629365741981e-09,0.19247551262378693,0.5860450267791748,-0.050575483590364456,0.23873305320739746,0.5427938103675842,-0.08207487314939499,0.24954253435134888,0.4871372878551483,-0.10649280995130539,0.21917001903057098,0.46440061926841736,-0.12593211233615875,0.1966496706008911,0.35729968547821045,-0.055440835654735565,0.17740964889526367,0.43484827876091003,-0.09345005452632904,0.18488198518753052,0.4909001588821411,-0.11202290654182434,0.19693446159362793,0.4848529100418091,-0.12102258950471878,0.15142306685447693,0.34891241788864136,-0.045050010085105896,0.13820791244506836,0.442874550819397,-0.07883358001708984,0.15335938334465027,0.5127369165420532,-0.08080022037029266,0.1645592451095581,0.4949840009212494,-0.07755596190690994,0.11255845427513123,0.36878201365470886,-0.04056943953037262,0.10489572584629059,0.46496811509132385,-0.07030142843723297,0.12341251969337463,0.5179267525672913,-0.06093267723917961,0.13472150266170502,0.5024531483650208,-0.05062626302242279,0.07947319000959396,0.40032678842544556,-0.041471194475889206,0.07686126977205276,0.47422757744789124,-0.05864325538277626,0.09517320990562439,0.5184746384620667,-0.054858528077602386,0.10749359428882599,0.5128618478775024,-0.04860015586018562
0.14693590998649597,0.6028048992156982,-6.092756876796557e-08,0.195713073015213,0.580689549446106,-0.046736620366573334,0.24308830499649048,0.5352107882499695,-0.0760529562830925,0.25484776496887207,0.47783586382865906,-0.09924338757991791,0.22444109618663788,0.45766037702560425,-0.11784075945615768,0.2000689059495926,0.3511222302913666,-0.04954121261835098,0.18447037041187286,0.4204519987106323,-0.08632438629865646,0.1897907257080078,0.481775164604187,-0.1051008552312851,0.1995999813079834,0.4841354489326477,-0.11410649865865707,0.1548730731010437,0.34387654066085815,-0.04066694900393486,0.1450577825307846,0.4312242269515991,-0.07237834483385086,0.15790817141532898,0.5036318302154541,-0.07489556819200516,0.16740965843200684,0.48958930373191833,-0.07233306765556335,0.11621353030204773,0.36461150646209717,-0.03750999644398689,0.1113148182630539,0.4549161493778229,-0.0658930093050003,0.12834492325782776,0.5101056694984436,-0.057905957102775574,0.13842782378196716,0.4978863298892975,-0.04862884059548378,0.08296187222003937,0.3970276713371277,-0.03929871320724487,0.08288339525461197,0.46475058794021606,-0.05508481338620186,0.10047193616628647,0.5108180642127991,-0.05093734338879585,0.11173863708972931,0.5086678862571716,-0.04451678693294525
0.14911778271198273,0.604673445224762,-1.1667846422369621e-07,0.1978895515203476,0.5794850587844849,-0.04118261858820915,0.24581989645957947,0.5291406512260437,-0.06627770513296127,0.25895562767982483,0.47069770097732544,-0.08608638495206833,0.2287098616361618,0.4493916928768158,-0.10149313509464264,0.20340530574321747,0.3469001054763794,-0.040409523993730545,0.19055519998073578,0.41327714920043945,-0.07292874902486801,0.19524282217025757,0.4730899930000305,-0.0903700590133667,0.20300474762916565,0.4725040793418884,-0.09919270873069763,0.15950393676757812,0.34005019068717957,-0.03327879309654236,0.15144145488739014,0.4267546534538269,-0.060764748603105545,0.16447702050209045,0.4980259835720062,-0.06348910927772522,0.17258436977863312,0.48416972160339355,-0.061862967908382416,0.12156204879283905,0.3619154095649719,-0.03138035163283348,0.1171906590461731,0.450135737657547,-0.056372273713350296,0.13444235920906067,0.5055364966392517,-0.0487409308552742,0.1431918442249298,0.4930151700973511,-0.0403226837515831,0.0889468789100647,0.3951667547225952,-0.03393719345331192,0.08828029036521912,0.45866087079048157,-0.04746359959244728,0.10487273335456848,0.5041593909263611,-0.04252433031797409,0.11455117166042328,0.5017639994621277,-0.035871367901563644
0.15336059033870697,0.6011513471603394,-1.164816367804633e-07,0.20052941143512726,0.5760952234268188,-0.04023154079914093,0.24838794767856598,0.5241333246231079,-0.06404699385166168,0.26010745763778687,0.46534502506256104,-0.08260646462440491,0.22949375212192535,0.44502440094947815,-0.0968402773141861,0.2051650434732437,0.3441535234451294,-0.03768705204129219,0.1938316524028778,0.4029693305492401,-0.06942151486873627,0.1978786587715149,0.4641591012477875,-0.08696091175079346,0.20444008708000183,0.46326857805252075,-0.09614193439483643,0.16219206154346466,0.33626610040664673,-0.03067266009747982,0.15427803993225098,0.4187295436859131,-0.05835480988025665,0.1667831540107727,0.49179956316947937,-0.06243991479277611,0.17405885457992554,0.4791218936443329,-0.06170366331934929,0.12460313737392426,0.3575248122215271,-0.028806917369365692,0.11960120499134064,0.4416210651397705,-0.054031334817409515,0.1359718143939972,0.4985313415527344,-0.047375403344631195,0.14417505264282227,0.48520493507385254,-0.03961864858865738,0.09203315526247025,0.3903137147426605,-0.03124058060348034,0.09063410013914108,0.4535512328147888,-0.04512825608253479,0.10630124807357788,0.49975043535232544,-0.040804341435432434,0.11531489342451096,0.49601176381111145,-0.034663744270801544
0.15598975121974945,0.6011086702346802,-1.212515883253218e-07,0.20214876532554626,0.5746912360191345,-0.04076790809631348,0.2486123889684677,0.5202717185020447,-0.06396698206663132,0.2590753138065338,0.460661917924881,-0.08151748031377792,0.2284983992576599,0.43785566091537476,-0.09460887312889099,0.2052055150270462,0.3420622646808624,-0.03761691600084305,0.19354301691055298,0.39730674028396606,-0.06957416981458664,0.19791279733181,0.45951005816459656,-0.08783156424760818,0.20521627366542816,0.45894408226013184,-0.09777190536260605,0.162854865193367,0.3332585096359253,-0.030000075697898865,0.15442043542861938,0.41122570633888245,-0.05846785008907318,0.16705626249313354,0.48369771242141724,-0.06370534747838974,0.17450681328773499,0.47237688302993774,-0.06381727755069733,0.12562444806098938,0.35507869720458984,-0.02760121412575245,0.11990240961313248,0.4342079162597656,-0.053799744695425034,0.13605369627475739,0.49167177081108093,-0.04793234542012215,0.14471741020679474,0.4785240590572357,-0.040618814527988434,0.09350984543561935,0.3886530101299286,-0.029437510296702385,0.09193483740091324,0.44991737604141235,-0.04449619725346565,0.10737317055463791,0.4950944185256958,-0.04113048315048218,0.11627700179815292,0.4897975027561188,-0.03559763357043266
0.15768739581108093,0.6002283096313477,-1.0908631509209954e-07,0.20260031521320343,0.5737773180007935,-0.04149174690246582,0.2477412074804306,0.518267035484314,-0.06490132957696915,0.2580559551715851,0.45758432149887085,-0.08241847902536392,0.22806762158870697,0.4318883717060089,-0.09551575779914856,0.2033916413784027,0.34236782789230347,-0.03885051980614662,0.19378745555877686,0.3962916433811188,-0.06977241486310959,0.19809675216674805,0.45716437697410583,-0.08685433119535446,0.20396456122398376,0.4567299783229828,-0.09586627781391144,0.16132181882858276,0.33597511053085327,-0.030544951558113098,0.15511146187782288,0.4126927852630615,-0.05758027359843254,0.16829164326190948,0.4830126464366913,-0.061669811606407166,0.17527920007705688,0.4706766605377197,-0.061070457100868225,0.12450434267520905,0.3585816025733948,-0.027451641857624054,0.12075990438461304,0.4364253580570221,-0.052405644208192825,0.13771042227745056,0.4917356073856354,-0.04645423963665962,0.14599017798900604,0.4786689579486847,-0.03925720229744911,0.09260790795087814,0.3919706344604492,-0.028603997081518173,0.09291485697031021,0.4511500895023346,-0.0428956001996994,0.10907012224197388,0.4954765737056732,-0.03932740166783333,0.11770708858966827,0.4917140603065491,-0.03369129076600075
0.15848824381828308,0.601556658744812,-1.1375755093467887e-07,0.2030712068080902,0.5746092200279236,-0.040172189474105835,0.24815145134925842,0.5172969698905945,-0.06287999451160431,0.25760704278945923,0.4551948308944702,-0.08016050606966019,0.22724087536334991,0.43015626072883606,-0.09321021288633347,0.20279771089553833,0.3428027927875519,-0.035660721361637115,0.19164253771305084,0.3947729468345642,-0.06629285216331482,0.19636642932891846,0.4547625482082367,-0.08336619287729263,0.20326900482177734,0.45512503385543823,-0.09228117018938065,0.16080188751220703,0.33728253841400146,-0.028162851929664612,0.15305666625499725,0.41090652346611023,-0.05463743209838867,0.1665278524160385,0.4820213317871094,-0.058542728424072266,0.17436321079730988,0.4703611731529236,-0.05767177790403366,0.12400035560131073,0.3609822392463684,-0.02594146318733692,0.11833880841732025,0.43426790833473206,-0.05075646564364433,0.1354733109474182,0.49041250348091125,-0.04455786570906639,0.14430834352970123,0.478805273771286,-0.03704851120710373,0.09227685630321503,0.39617717266082764,-0.027895867824554443,0.09156975150108337,0.4520655572414398,-0.04222148656845093,0.10813245177268982,0.49716752767562866,-0.03814107924699783,0.11697769165039062,0.4951017498970032,-0.03196362406015396
0.15817558765411377,0.6047649383544922,-1.1914099218301999e-07,0.20294325053691864,0.5755234956741333,-0.040484536439180374,0.2475740611553192,0.5187408924102783,-0.06343511492013931,0.25688692927360535,0.45659124851226807,-0.08096182346343994,0.22590866684913635,0.4322892129421234,-0.09443523734807968,0.20015592873096466,0.3460262417793274,-0.036901939660310745,0.19067411124706268,0.39730724692344666,-0.06805673986673355,0.1952560991048813,0.45797836780548096,-0.08575074374675751,0.20068997144699097,0.46108412742614746,-0.0949312299489975,0.15760549902915955,0.34246164560317993,-0.029257800430059433,0.15160369873046875,0.41575267910957336,-0.05585264042019844,0.1649472564458847,0.4855940043926239,-0.06045791506767273,0.17154547572135925,0.47516828775405884,-0.06017475575208664,0.1207108199596405,0.3674039840698242,-0.026832567527890205,0.11664946377277374,0.44016897678375244,-0.05174938216805458,0.1340758502483368,0.49487221240997314,-0.04640893638134003,0.14191603660583496,0.4842795431613922,-0.03948900103569031,0.08896724879741669,0.4038926661014557,-0.0285715963691473,0.0899437740445137,0.4580800533294678,-0.043115198612213135,0.10726886987686157,0.5024725198745728,-0.039398398250341415,0.11575767397880554,0.5015254020690918,-0.033438850194215775
0.15790939331054688,0.6121529340744019,-1.1248132381069809e-07,0.20278538763523102,0.581981360912323,-0.04297808185219765,0.2463139295578003,0.5222668051719666,-0.06750699132680893,0.2545810341835022,0.45880478620529175,-0.08636599034070969,0.2234794646501541,0.4332260191440582,-0.10109546780586243,0.19808197021484375,0.34768185019493103,-0.0382210798561573,0.1877068132162094,0.39906591176986694,-0.07109122723340988,0.19328835606575012,0.4601820707321167,-0.08983901143074036,0.1998354196548462,0.46592679619789124,-0.0993262380361557,0.15564270317554474,0.3458018898963928,-0.029688075184822083,0.14913782477378845,0.4178875982761383,-0.057193584740161896,0.16347472369670868,0.4889864921569824,-0.06179534271359444,0.1705632507801056,0.47853320837020874,-0.06120842322707176,0.11930820345878601,0.37267330288887024,-0.02684592455625534,0.11510017514228821,0.44481995701789856,-0.052632808685302734,0.13321474194526672,0.4994128346443176,-0.0471399687230587,0.14135193824768066,0.48865050077438354,-0.03991378843784332,0.08812232315540314,0.4110710918903351,-0.02841244265437126,0.08857772499322891,0.46477097272872925,-0.04322474077343941,0.10647046566009521,0.5084111094474792,-0.039458345621824265,0.11517125368118286,0.5068973302841187,-0.033430274575948715
0.1573570817708969,0.6207544803619385,-1.307586217080825e-07,0.20121048390865326,0.589830756187439,-0.04361417144536972,0.24358312785625458,0.5286352038383484,-0.06762204319238663,0.250005304813385,0.4642617702484131,-0.08546335250139236,0.2201908528804779,0.4347303807735443,-0.09878046065568924,0.1965917944908142,0.3562665283679962,-0.03871858865022659,0.18631181120872498,0.4027400612831116,-0.07120132446289062,0.1915702074766159,0.46571704745292664,-0.08906728774309158,0.19716720283031464,0.4704744219779968,-0.09813636541366577,0.1545281857252121,0.353646457195282,-0.029696116223931313,0.1478279083967209,0.42093512415885925,-0.05800294131040573,0.16209037601947784,0.4932628571987152,-0.06261066347360611,0.16811007261276245,0.4827571213245392,-0.06177791953086853,0.11839421093463898,0.38050776720046997,-0.026403289288282394,0.11437396705150604,0.4501054286956787,-0.052939482033252716,0.13223575055599213,0.5061740875244141,-0.04738687351346016,0.13956698775291443,0.493943452835083,-0.039973918348550797,0.0873950943350792,0.4187270402908325,-0.027477877214550972,0.08832553774118423,0.4732634127140045,-0.04285908117890358,0.10579551756381989,0.5166269540786743,-0.03951752558350563,0.11349186301231384,0.512742280960083,-0.0337778702378273
0.1584397554397583,0.6263954043388367,-1.2003508231828164e-07,0.20109985768795013,0.5954729318618774,-0.045439571142196655,0.24158674478530884,0.533879280090332,-0.07017636299133301,0.24607083201408386,0.4691859781742096,-0.08811528235673904,0.21874266862869263,0.434511661529541,-0.10103923827409744,0.19698216021060944,0.36241614818573,-0.04072771966457367,0.1856202930212021,0.40605759620666504,-0.0721287652850151,0.1922674924135208,0.4706879258155823,-0.08775269985198975,0.19736556708812714,0.4749290645122528,-0.09536805003881454,0.1550721973180771,0.35904359817504883,-0.030452542006969452,0.14658161997795105,0.4215976893901825,-0.059112224727869034,0.16204459965229034,0.49765872955322266,-0.06271043419837952,0.16749122738838196,0.4866253733634949,-0.0608692429959774,0.11878807097673416,0.3857400119304657,-0.025876730680465698,0.11302760243415833,0.44960296154022217,-0.0533839575946331,0.13196700811386108,0.5088270902633667,-0.04717249423265457,0.13890498876571655,0.4964587986469269,-0.03902628645300865,0.08736351132392883,0.4238058626651764,-0.02560884691774845,0.08786577731370926,0.474901407957077,-0.04207181930541992,0.10509581863880157,0.5191047787666321,-0.038766827434301376,0.11157181113958359,0.5145866870880127,-0.03288091719150543
0.1591939479112625,0.6337084770202637,-1.280901358313713e-07,0.2012673318386078,0.6026403307914734,-0.04646418243646622,0.24066266417503357,0.5364425182342529,-0.06967291980981827,0.24231168627738953,0.4700153172016144,-0.08545058965682983,0.21701131761074066,0.4313468039035797,-0.09558842331171036,0.1971716433763504,0.36965230107307434,-0.03963974490761757,0.18450529873371124,0.4049031436443329,-0.06877043098211288,0.19309741258621216,0.4697880744934082,-0.08185000717639923,0.1985316425561905,0.4734751582145691,-0.08792541921138763,0.15594995021820068,0.36549487709999084,-0.027958163991570473,0.14460860192775726,0.4212072491645813,-0.055719923228025436,0.1617775708436966,0.49996623396873474,-0.058050286024808884,0.16715382039546967,0.4894014894962311,-0.05507330596446991,0.12027325481176376,0.39127713441848755,-0.022089313715696335,0.11106924712657928,0.4485473334789276,-0.04945284128189087,0.1312841773033142,0.5109312534332275,-0.04234404116868973,0.13826853036880493,0.49922293424606323,-0.03330719843506813,0.08897669613361359,0.4289732873439789,-0.02055329643189907,0.08716195076704025,0.4753398597240448,-0.03740445896983147,0.10463988780975342,0.5198625326156616,-0.03412388637661934,0.11099059134721756,0.5148351788520813,-0.028080251067876816
0.15855468809604645,0.6428650617599487,-1.346691647086118e-07,0.20219513773918152,0.6091148853302002,-0.04492288827896118,0.23866981267929077,0.5400607585906982,-0.06687343120574951,0.2388462871313095,0.4634992480278015,-0.08237842470407486,0.21921667456626892,0.41220977902412415,-0.09136681258678436,0.19876816868782043,0.38641154766082764,-0.033863067626953125,0.18535800278186798,0.3880637288093567,-0.06334047019481659,0.19534340500831604,0.4635046124458313,-0.07441946864128113,0.2008650004863739,0.478802889585495,-0.07823248207569122,0.15974925458431244,0.3833081126213074,-0.02202841266989708,0.14694496989250183,0.40051355957984924,-0.051808807998895645,0.16398629546165466,0.4898027181625366,-0.052388958632946014,0.16888795793056488,0.48352909088134766,-0.046461302787065506,0.12468300759792328,0.40450555086135864,-0.01636163704097271,0.11427923291921616,0.4291019141674042,-0.044986434280872345,0.13417752087116241,0.5012072324752808,-0.03332953900098801,0.14086678624153137,0.4968812167644501,-0.019800936803221703,0.09183814376592636,0.43756359815597534,-0.014958103187382221,0.08939991146326065,0.4657004773616791,-0.03133181855082512,0.1070469319820404,0.5123311877250671,-0.025027848780155182,0.11419030278921127,0.5098609924316406,-0.01614833064377308
0.1613163948059082,0.648680567741394,-1.3565335166276782e-07,0.20394828915596008,0.6129517555236816,-0.038431838154792786,0.23757660388946533,0.534469723701477,-0.05501111224293709,0.23875579237937927,0.4505499005317688,-0.06626985222101212,0.22479717433452606,0.3935026526451111,-0.07043853402137756,0.19887645542621613,0.40626829862594604,-0.022372396662831306,0.19220197200775146,0.3772963881492615,-0.049189191311597824,0.1994505524635315,0.45758509635925293,-0.05833122134208679,0.19980841875076294,0.4762352705001831,-0.060612425208091736,0.1624382883310318,0.41257360577583313,-0.01201705913990736,0.15502144396305084,0.38755837082862854,-0.0406012199819088,0.1698295623064041,0.48072096705436707,-0.041146326810121536,0.17047129571437836,0.4771995544433594,-0.03468913212418556,0.12849360704421997,0.4334509074687958,-0.007571359630674124,0.12101271748542786,0.41023194789886475,-0.036343347281217575,0.1395857334136963,0.4905914068222046,-0.023510675877332687,0.1424848437309265,0.49277791380882263,-0.008274983614683151,0.09475065767765045,0.4623047113418579,-0.006368821952491999,0.09404578059911728,0.45291852951049805,-0.023083588108420372,0.11064496636390686,0.5018901824951172,-0.014669010415673256,0.11505914479494095,0.5037789344787598,-0.0037185787223279476
0.1600455641746521,0.6516053080558777,-2.1188898813306878e-07,0.20524601638317108,0.6138163208961487,-0.03176427632570267,0.2367599457502365,0.5263445377349854,-0.043425239622592926,0.23613181710243225,0.4382126033306122,-0.05118655040860176,0.22454553842544556,0.37790513038635254,-0.052422404289245605,0.19899067282676697,0.4140165448188782,-0.01644623465836048,0.19210928678512573,0.36843469738960266,-0.04206595569849014,0.1988745480775833,0.44909340143203735,-0.05065169557929039,0.2007034420967102,0.47659844160079956,-0.05234896391630173,0.16241812705993652,0.42293819785118103,-0.010012172162532806,0.15658332407474518,0.3796776533126831,-0.03682274743914604,0.1709384024143219,0.47242599725723267,-0.03738433122634888,0.17177137732505798,0.481277734041214,-0.03077150695025921,0.12941187620162964,0.4452441334724426,-0.009118587709963322,0.12250516563653946,0.4013468325138092,-0.03774680942296982,0.14190013706684113,0.4837126135826111,-0.025590240955352783,0.1444089710712433,0.49683624505996704,-0.010131645016372204,0.09672041982412338,0.47743114829063416,-0.01079095434397459,0.09525139629840851,0.4501221776008606,-0.02891049161553383,0.11287811398506165,0.4985136091709137,-0.020494790747761726,0.11657281965017319,0.5078968405723572,-0.008876779116690159
0.1567915380001068,0.6546747088432312,-2.257802549365806e-07,0.20461413264274597,0.6126645803451538,-0.0293111652135849,0.23755621910095215,0.5212662816047668,-0.03967227414250374,0.23907524347305298,0.4302957355976105,-0.046766314655542374,0.22842368483543396,0.3660309314727783,-0.047818686813116074,0.200740247964859,0.41395920515060425,-0.014049057848751545,0.1958216428756714,0.3605343699455261,-0.0400371216237545,0.20157557725906372,0.4410635828971863,-0.049098771065473557,0.20282132923603058,0.47514623403549194,-0.05063331872224808,0.164447620511055,0.42220476269721985,-0.009450164623558521,0.1611272394657135,0.36814960837364197,-0.03773131221532822,0.17455105483531952,0.4620768129825592,-0.04032798483967781,0.17447790503501892,0.482649028301239,-0.03424253314733505,0.1307404339313507,0.44602131843566895,-0.010045062750577927,0.12631438672542572,0.39541158080101013,-0.04003768041729927,0.1460840255022049,0.47971847653388977,-0.02903309464454651,0.14863616228103638,0.5001897811889648,-0.01339369360357523,0.09675928950309753,0.48159822821617126,-0.012769353576004505,0.0981239452958107,0.44830912351608276,-0.031702976673841476,0.11695579439401627,0.49771618843078613,-0.022798869758844376,0.12049402296543121,0.511145830154419,-0.010282200761139393
0.15349459648132324,0.6639412641525269,-2.519734891848202e-07,0.20240497589111328,0.6173186898231506,-0.025761904194951057,0.2374705970287323,0.5243513584136963,-0.034444138407707214,0.239903062582016,0.43292945623397827,-0.04076911509037018,0.22933563590049744,0.3668990135192871,-0.04123314470052719,0.19935902953147888,0.4187130331993103,-0.010588827542960644,0.19713234901428223,0.3611070513725281,-0.036390844732522964,0.20204326510429382,0.4422549605369568,-0.04518480226397514,0.20217680931091309,0.480779767036438,-0.0460994690656662,0.16394905745983124,0.4267682433128357,-0.0074464622884988785,0.16292931139469147,0.36703866720199585,-0.03660900145769119,0.17577360570430756,0.46333029866218567,-0.03981364145874977,0.1759568452835083,0.4915074110031128,-0.03362236171960831,0.1305277943611145,0.44985538721084595,-0.009137090295553207,0.12740303575992584,0.3938787281513214,-0.03896788880228996,0.1468029022216797,0.4806992709636688,-0.027594827115535736,0.14929534494876862,0.5066798329353333,-0.011235879734158516,0.09599538892507553,0.4855387508869171,-0.012673862278461456,0.09878735989332199,0.4455033838748932,-0.03046509064733982,0.1173999235033989,0.49520665407180786,-0.02068379521369934,0.12028983235359192,0.5118229389190674,-0.007466229610145092
0.1497586965560913,0.6717380881309509,-2.73802783112842e-07,0.1993059515953064,0.6218688488006592,-0.023149307817220688,0.23521414399147034,0.5320854783058167,-0.031222058460116386,0.24012893438339233,0.44257014989852905,-0.03779406100511551,0.2316112518310547,0.3736340403556824,-0.038983140140771866,0.20174148678779602,0.4281421899795532,-0.008312573656439781,0.20159511268138885,0.3662019670009613,-0.03604262322187424,0.20348943769931793,0.44570809602737427,-0.046786848455667496,0.20209649205207825,0.48947474360466003,-0.04848586395382881,0.1663043349981308,0.43369555473327637,-0.007103737909346819,0.16726157069206238,0.3669430911540985,-0.038765646517276764,0.17674119770526886,0.4632974863052368,-0.044062547385692596,0.17641039192676544,0.5009576678276062,-0.03868020325899124,0.1322583705186844,0.45517829060554504,-0.010560047812759876,0.1298205852508545,0.39429494738578796,-0.042427606880664825,0.14646337926387787,0.48355239629745483,-0.03180541843175888,0.14911140501499176,0.5164037346839905,-0.015133602544665337,0.09661301225423813,0.4899181127548218,-0.015563500113785267,0.09906672686338425,0.4465661346912384,-0.03450990468263626,0.11706596612930298,0.499236136674881,-0.02440590225160122,0.12083674967288971,0.5200333595275879,-0.010544723831117153
0.14522796869277954,0.6752283573150635,-2.992206020735466e-07,0.19807367026805878,0.6267255544662476,-0.022481586784124374,0.2359980344772339,0.5379082560539246,-0.02989010512828827,0.24079734086990356,0.4474073052406311,-0.036407601088285446,0.2339169979095459,0.3780089020729065,-0.03758605197072029,0.20520347356796265,0.4378008544445038,-0.004922890570014715,0.20488999783992767,0.3691943883895874,-0.0341966412961483,0.20393192768096924,0.4480935037136078,-0.04668380692601204,0.20205867290496826,0.4956566393375397,-0.04903571680188179,0.17001165449619293,0.4431932866573334,-0.003825225867331028,0.17053508758544922,0.37511909008026123,-0.03692271187901497,0.17700698971748352,0.4694816768169403,-0.043878503143787384,0.1774173080921173,0.5078787207603455,-0.039314232766628265,0.13571083545684814,0.4619225561618805,-0.007805277593433857,0.1343008428812027,0.39721250534057617,-0.04119544476270676,0.14737039804458618,0.4872809052467346,-0.031517393887043,0.15034984052181244,0.5220802426338196,-0.014869359321892262,0.09956997632980347,0.4926437437534332,-0.013345064595341682,0.10389802604913712,0.4451792538166046,-0.03340138494968414,0.11843949556350708,0.5015885233879089,-0.023884961381554604,0.12135245651006699,0.5258548259735107,-0.01006582472473383
0.14390119910240173,0.6771502494812012,-2.960824758702074e-07,0.1973002403974533,0.6318881511688232,-0.02191881835460663,0.23715120553970337,0.5424076914787292,-0.02901262417435646,0.24384286999702454,0.44912633299827576,-0.0352494977414608,0.23656262457370758,0.37778377532958984,-0.03645940124988556,0.20731468498706818,0.44687098264694214,-0.008010849356651306,0.2095414698123932,0.3723187744617462,-0.03616781160235405,0.20784999430179596,0.4501075744628906,-0.047135788947343826,0.20552502572536469,0.49679890275001526,-0.0488000214099884,0.17220623791217804,0.4502217173576355,-0.007090308703482151,0.17400507628917694,0.37935787439346313,-0.0395154170691967,0.17960813641548157,0.4733235538005829,-0.04525875300168991,0.18030132353305817,0.5130531787872314,-0.0404258593916893,0.13787509500980377,0.4660947620868683,-0.010865247808396816,0.1372886598110199,0.39827659726142883,-0.04399346187710762,0.14988020062446594,0.4892802834510803,-0.03380821272730827,0.15363062918186188,0.5279964208602905,-0.017214538529515266,0.10147708654403687,0.49241721630096436,-0.016106929630041122,0.10580626130104065,0.4433434307575226,-0.03685155510902405,0.12029625475406647,0.5009992122650146,-0.02769540809094906,0.12408893555402756,0.5288200974464417,-0.01429817546159029
0.1460639238357544,0.6773977279663086,-2.898880779866886e-07,0.1989206075668335,0.6327267289161682,-0.022381234914064407,0.23889341950416565,0.5429344773292542,-0.029846394434571266,0.24594098329544067,0.4511290192604065,-0.03648083284497261,0.23906469345092773,0.3803194761276245,-0.03806478530168533,0.21084818243980408,0.44472163915634155,-0.008489234372973442,0.21264207363128662,0.3739817142486572,-0.03717564791440964,0.2110055387020111,0.4528855085372925,-0.04873973876237869,0.2088828682899475,0.5007646083831787,-0.05076310411095619,0.1748899519443512,0.447447270154953,-0.0076141683384776115,0.1755959391593933,0.38091349601745605,-0.04033041000366211,0.1811237633228302,0.4757985472679138,-0.04630762338638306,0.18191266059875488,0.5155640840530396,-0.04175199940800667,0.13998715579509735,0.4635531008243561,-0.011548735201358795,0.138919860124588,0.39871785044670105,-0.04502684623003006,0.15160423517227173,0.49043992161750793,-0.03517470881342888,0.15561237931251526,0.5295546650886536,-0.018872620537877083,0.10341457277536392,0.49042198061943054,-0.017006954178214073,0.10748571157455444,0.4429115951061249,-0.038067303597927094,0.12169450521469116,0.5004096627235413,-0.029174817726016045,0.12577414512634277,0.5281603336334229,-0.01598992571234703
0.14811697602272034,0.6780930161476135,-2.875624147691269e-07,0.2006431668996811,0.6327937841415405,-0.021910766139626503,0.24070315062999725,0.5413689613342285,-0.02889711782336235,0.24760739505290985,0.4499480128288269,-0.03499191999435425,0.24067068099975586,0.3792111277580261,-0.036112815141677856,0.21215426921844482,0.44306284189224243,-0.007921124808490276,0.21398262679576874,0.373286634683609,-0.035655632615089417,0.2126781940460205,0.4531792402267456,-0.046805210411548615,0.21097061038017273,0.5001978278160095,-0.048751477152109146,0.1764082908630371,0.445945680141449,-0.007120383437722921,0.17742790281772614,0.37941086292266846,-0.03894040361046791,0.18320555984973907,0.4745231866836548,-0.044617995619773865,0.18399471044540405,0.5147138237953186,-0.03995147719979286,0.14167185127735138,0.46233147382736206,-0.011026427149772644,0.14071360230445862,0.39866286516189575,-0.0435405857861042,0.1533033698797226,0.49003273248672485,-0.03359206020832062,0.15715038776397705,0.5286076664924622,-0.017408140003681183,0.10542429238557816,0.4894658625125885,-0.01642971858382225,0.1095467060804367,0.4411593973636627,-0.03665100410580635,0.12316683679819107,0.49895384907722473,-0.027358103543519974,0.12665113806724548,0.5269154906272888,-0.014019760303199291
0.14903497695922852,0.6760667562484741,-2.8217041858624725e-07,0.20231252908706665,0.6313762664794922,-0.02287914790213108,0.2419915497303009,0.5384953022003174,-0.030109288170933723,0.24857357144355774,0.44672420620918274,-0.036273274570703506,0.24252720177173615,0.37437254190444946,-0.03744777292013168,0.21324902772903442,0.44030508399009705,-0.009138008579611778,0.21503417193889618,0.37111788988113403,-0.0368698388338089,0.21453572809696198,0.4507266581058502,-0.04781188443303108,0.2126471847295761,0.4983963072299957,-0.04965965449810028,0.17768672108650208,0.4439599812030792,-0.007948211394250393,0.17871499061584473,0.3778223693370819,-0.03984431177377701,0.1851837933063507,0.4726924002170563,-0.04553596302866936,0.18584947288036346,0.5133103132247925,-0.040909044444561005,0.14301377534866333,0.4610196650028229,-0.011537132784724236,0.14243772625923157,0.3969005346298218,-0.04458707571029663,0.15609142184257507,0.4885135293006897,-0.035063255578279495,0.16012495756149292,0.5275328755378723,-0.019152717664837837,0.10680576413869858,0.4891127049922943,-0.016661839559674263,0.11215576529502869,0.44214966893196106,-0.03805103152990341,0.12643900513648987,0.5002766847610474,-0.029535777866840363,0.12994734942913055,0.5284714102745056,-0.016652917489409447
0.15052160620689392,0.6760950088500977,-2.728188803757803e-07,0.2043866217136383,0.6268160343170166,-0.02123626321554184,0.24294093251228333,0.5371456742286682,-0.02827451191842556,0.2506100535392761,0.44611164927482605,-0.03484860062599182,0.24373024702072144,0.37395280599594116,-0.03684325888752937,0.21491695940494537,0.4412314295768738,-0.006250303704291582,0.2162809818983078,0.37199661135673523,-0.03351644054055214,0.2163403332233429,0.4479145407676697,-0.04494801163673401,0.21502330899238586,0.49645617604255676,-0.04710741713643074,0.1797068864107132,0.44439446926116943,-0.005639523733407259,0.18030840158462524,0.37738436460494995,-0.03662852570414543,0.18657931685447693,0.46986567974090576,-0.0426597073674202,0.18772372603416443,0.5118330121040344,-0.03847729414701462,0.14531439542770386,0.4611079692840576,-0.009751539677381516,0.14384490251541138,0.3964495360851288,-0.04169774800539017,0.1569332480430603,0.486011803150177,-0.032425958663225174,0.16137725114822388,0.5270928740501404,-0.016819901764392853,0.10911843925714493,0.48934879899024963,-0.015336588025093079,0.11274683475494385,0.4390515387058258,-0.03570543974637985,0.12687942385673523,0.495699018239975,-0.02700689435005188,0.13128900527954102,0.5261105298995972,-0.014117666520178318
0.15219339728355408,0.6764417290687561,-2.7199203600503097e-07,0.20653332769870758,0.6260336637496948,-0.0207016970962286,0.24367177486419678,0.5365215539932251,-0.027644744142889977,0.25048986077308655,0.4460477828979492,-0.03422363102436066,0.24532277882099152,0.3731957674026489,-0.036366987973451614,0.21545971930027008,0.4412733018398285,-0.0065820780582726,0.21693912148475647,0.3717605769634247,-0.03320402652025223,0.2167697250843048,0.4473823010921478,-0.04445658251643181,0.2148391604423523,0.49762439727783203,-0.046572983264923096,0.18040411174297333,0.4448266327381134,-0.006058510858565569,0.18073956668376923,0.3761240243911743,-0.036389898508787155,0.18716751039028168,0.4668627381324768,-0.04266316071152687,0.1881525218486786,0.5120375156402588,-0.038867298513650894,0.14618323743343353,0.4618130326271057,-0.010100065730512142,0.1445504128932953,0.39553260803222656,-0.04097847640514374,0.1584119349718094,0.48305442929267883,-0.03240935504436493,0.16334232687950134,0.527030885219574,-0.017569037154316902,0.11040040850639343,0.4904889464378357,-0.015582509338855743,0.11383405327796936,0.43750718235969543,-0.03532077744603157,0.12823030352592468,0.492177814245224,-0.027160748839378357,0.13295197486877441,0.5243536233901978,-0.014871724881231785
0.15059873461723328,0.6765433549880981,-2.7020317361348134e-07,0.20470255613327026,0.6275550723075867,-0.021501008421182632,0.24374881386756897,0.5368395447731018,-0.028562704101204872,0.2517884373664856,0.44618353247642517,-0.03507111966609955,0.24604159593582153,0.3735252320766449,-0.03705684840679169,0.21600432693958282,0.4391045868396759,-0.006146884988993406,0.21788126230239868,0.3723180294036865,-0.033033307641744614,0.2172873169183731,0.4482870101928711,-0.04481574147939682,0.2152588814496994,0.49651944637298584,-0.04739312455058098,0.18065693974494934,0.44175469875335693,-0.005444802343845367,0.18140307068824768,0.37482020258903503,-0.036318764090538025,0.18783560395240784,0.4662090539932251,-0.04313631355762482,0.18857142329216003,0.5101000070571899,-0.039451830089092255,0.14616015553474426,0.45846471190452576,-0.009401032701134682,0.1448267102241516,0.3949092626571655,-0.041184984147548676,0.15918198227882385,0.4840988218784332,-0.03294108435511589,0.1640787124633789,0.5270611643791199,-0.0180414579808712,0.11015418916940689,0.48724082112312317,-0.014824368990957737,0.11485415697097778,0.43851903080940247,-0.03550419211387634,0.13015177845954895,0.4952811002731323,-0.027526384219527245,0.13517828285694122,0.5267660021781921,-0.015067082829773426
0.1508353054523468,0.6745895147323608,-2.65151015810261e-07,0.20472566783428192,0.6266289949417114,-0.022374210879206657,0.24358272552490234,0.535764753818512,-0.029980594292283058,0.251669704914093,0.4443608224391937,-0.036886557936668396,0.2447229027748108,0.3722018301486969,-0.03918763995170593,0.21608923375606537,0.43956834077835083,-0.0075106373988091946,0.21742655336856842,0.3733287751674652,-0.0351920947432518,0.21620900928974152,0.44939714670181274,-0.04684140905737877,0.21430742740631104,0.4971790909767151,-0.04917655140161514,0.18028578162193298,0.4418903887271881,-0.006606369279325008,0.18073904514312744,0.37539196014404297,-0.038188252598047256,0.18616528809070587,0.46808528900146484,-0.04433664679527283,0.18740876019001007,0.5112826824188232,-0.040048662573099136,0.14555127918720245,0.45841044187545776,-0.010514202527701855,0.14339207112789154,0.3949909210205078,-0.04296847805380821,0.15715011954307556,0.4846090078353882,-0.03410154581069946,0.1628706157207489,0.5267345309257507,-0.01870637759566307,0.10962267965078354,0.4864899218082428,-0.015974128618836403,0.1121487244963646,0.439573734998703,-0.03682002052664757,0.12711571156978607,0.49621474742889404,-0.02864956296980381,0.1330290585756302,0.5267750024795532,-0.016115009784698486
0.15012133121490479,0.6755070686340332,-2.8518215344774944e-07,0.20046432316303253,0.6286205053329468,-0.02177182212471962,0.23991870880126953,0.5369775891304016,-0.029059795662760735,0.2472510039806366,0.4448445439338684,-0.03568015620112419,0.23439107835292816,0.37648826837539673,-0.03745172917842865,0.21316896378993988,0.4419136643409729,-0.007968813180923462,0.21354734897613525,0.3739543557167053,-0.03708326816558838,0.21238547563552856,0.4525226950645447,-0.0486997626721859,0.21034465730190277,0.5007695555686951,-0.05059647187590599,0.1776672750711441,0.4441012740135193,-0.007607333827763796,0.17755118012428284,0.37963056564331055,-0.04031655192375183,0.18281345069408417,0.475875586271286,-0.045648105442523956,0.18379567563533783,0.514693021774292,-0.04045379161834717,0.1430460810661316,0.46032965183258057,-0.012152672745287418,0.14098221063613892,0.39802709221839905,-0.04618699103593826,0.15329143404960632,0.4908498525619507,-0.03610867261886597,0.15777422487735748,0.5282877087593079,-0.019462523981928825,0.10659041255712509,0.48792213201522827,-0.018162548542022705,0.10997597873210907,0.4443329870700836,-0.039692472666502,0.12419912219047546,0.5023372769355774,-0.03083963133394718,0.12895475327968597,0.5288602709770203,-0.017602192237973213
0.15324145555496216,0.6827017664909363,-2.7418676040724677e-07,0.20068150758743286,0.632514476776123,-0.02195022813975811,0.23444370925426483,0.5359379649162292,-0.028807383030653,0.2306077480316162,0.4421953856945038,-0.03465427830815315,0.2155742347240448,0.381619930267334,-0.035183850675821304,0.20072796940803528,0.43974769115448,-0.00492061534896493,0.19211599230766296,0.3722487688064575,-0.03355462849140167,0.1971389502286911,0.45520448684692383,-0.047180529683828354,0.20075854659080505,0.4959980547428131,-0.05144130811095238,0.16710388660430908,0.4486958682537079,-0.003974292892962694,0.15986688435077667,0.39293500781059265,-0.03258822485804558,0.17156174778938293,0.4861859083175659,-0.03759738802909851,0.1733185201883316,0.5090728402137756,-0.034304071217775345,0.13503260910511017,0.4704452455043793,-0.008348274976015091,0.12965184450149536,0.4156450033187866,-0.039085932075977325,0.1443670690059662,0.5017861723899841,-0.0292288139462471,0.1468949317932129,0.5223966240882874,-0.014844702556729317,0.10119806975126266,0.5014186501502991,-0.014428682625293732,0.1021016538143158,0.4659796357154846,-0.03303822875022888,0.11712711304426193,0.521118700504303,-0.02399074099957943,0.1203969269990921,0.538886547088623,-0.011927704326808453
0.14807936549186707,0.7061427235603333,-2.174988367187325e-07,0.19399534165859222,0.6589165925979614,-0.02812158688902855,0.22507452964782715,0.5738182663917542,-0.039154618978500366,0.21011391282081604,0.5053454637527466,-0.048211049288511276,0.1767500340938568,0.47612932324409485,-0.053812943398952484,0.1851586550474167,0.460325688123703,-0.012215787544846535,0.17612986266613007,0.42125335335731506,-0.04469746723771095,0.17337368428707123,0.4844540059566498,-0.06427494436502457,0.1766541600227356,0.5279592871665955,-0.07243421673774719,0.1484953910112381,0.4641515910625458,-0.00938694179058075,0.1383921504020691,0.42562490701675415,-0.04274550452828407,0.1406461000442505,0.49903959035873413,-0.05390630289912224,0.14675188064575195,0.5356990694999695,-0.05302921682596207,0.11636541783809662,0.48368677496910095,-0.012314088642597198,0.106533944606781,0.4670898914337158,-0.04373690485954285,0.11598983407020569,0.5307468771934509,-0.042177435010671616,0.12653404474258423,0.5538939237594604,-0.0327996164560318,0.08745270222425461,0.5154769420623779,-0.017665157094597816,0.08264055848121643,0.5056096911430359,-0.03534695878624916,0.09511808305978775,0.5501054525375366,-0.030803877860307693,0.1073138415813446,0.567184567451477,-0.02197903022170067
0.1323275864124298,0.7215847373008728,5.520092116739761e-08,0.1726227104663849,0.7046718597412109,-0.03102414682507515,0.20903578400611877,0.6572358012199402,-0.04940466582775116,0.20269125699996948,0.6275888681411743,-0.06424668431282043,0.17502762377262115,0.6132915019989014,-0.078334741294384,0.1502942591905594,0.5003651976585388,-0.03994676470756531,0.15213868021965027,0.45492950081825256,-0.06097208335995674,0.15598945319652557,0.4235612154006958,-0.07516840845346451,0.16294382512569427,0.38890010118484497,-0.0856284350156784,0.11066528409719467,0.49569082260131836,-0.03540213778614998,0.11782889813184738,0.5838232040405273,-0.0596308559179306,0.12899410724639893,0.6435565948486328,-0.06615518033504486,0.135692298412323,0.6592649817466736,-0.06905467808246613,0.07883484661579132,0.5253488421440125,-0.033522214740514755,0.08886917680501938,0.6199004650115967,-0.0552271343767643,0.10361245274543762,0.6611406207084656,-0.05217781662940979,0.11249339580535889,0.662260890007019,-0.049057308584451675,0.054020315408706665,0.5642528533935547,-0.03509444370865822,0.06371787935495377,0.6402992010116577,-0.05209837108850479,0.07930444180965424,0.6798565983772278,-0.05162250995635986,0.08922306448221207,0.682096004486084,-0.04874296486377716
0.11953381448984146,0.7228817939758301,7.798256262958603e-08,0.16388633847236633,0.7186349034309387,-0.03621106222271919,0.20353323221206665,0.6921113133430481,-0.059987135231494904,0.1944674253463745,0.6988390684127808,-0.07912779599428177,0.16450735926628113,0.7290862798690796,-0.09621406346559525,0.14269821345806122,0.5676087141036987,-0.06100624427199364,0.14329689741134644,0.5857847929000854,-0.0928376168012619,0.14988219738006592,0.5710873007774353,-0.10969918966293335,0.1579481065273285,0.5263293385505676,-0.12083457410335541,0.09704550355672836,0.5593129992485046,-0.056608423590660095,0.10820277780294418,0.7066595554351807,-0.08831307291984558,0.13120849430561066,0.7465842962265015,-0.09412872791290283,0.1440422236919403,0.7351245284080505,-0.09663165360689163,0.06397631019353867,0.5858579874038696,-0.05490214377641678,0.08310355991125107,0.7358347177505493,-0.08019845187664032,0.10848450660705566,0.7555665373802185,-0.07428634166717529,0.12022475898265839,0.7344996929168701,-0.06889474391937256,0.03922919183969498,0.6246482133865356,-0.05740286409854889,0.05703923851251602,0.7286003828048706,-0.07652345299720764,0.0797041803598404,0.7497991323471069,-0.07610274106264114,0.0928068459033966,0.7329080104827881,-0.072889544069767
0.11608348041772842,0.7380039095878601,5.882453635308593e-09,0.16639521718025208,0.7307733297348022,-0.040484022349119186,0.20856022834777832,0.7025165557861328,-0.06787486374378204,0.20348718762397766,0.7091635465621948,-0.08738487213850021,0.1746530532836914,0.745039701461792,-0.10309507697820663,0.14697115123271942,0.5869863033294678,-0.07391143590211868,0.14428555965423584,0.7182192206382751,-0.1109348013997078,0.15576300024986267,0.737471878528595,-0.13113339245319366,0.16136139631271362,0.7067604064941406,-0.14360171556472778,0.09656129777431488,0.5862523317337036,-0.06767187267541885,0.10828272998332977,0.7508257031440735,-0.09832727909088135,0.1279008835554123,0.75150465965271,-0.10403858870267868,0.13140980899333954,0.7086471915245056,-0.10870513319969177,0.05997408181428909,0.6101622581481934,-0.06384211033582687,0.0797712653875351,0.7650060653686523,-0.08507305383682251,0.0992550179362297,0.7611026167869568,-0.0780726969242096,0.10001735389232635,0.7189480066299438,-0.07370465248823166,0.03388392925262451,0.6482861042022705,-0.06489742547273636,0.053583599627017975,0.7548569440841675,-0.07976598292589188,0.07105426490306854,0.7559082508087158,-0.07920711487531662,0.07460732758045197,0.7198165059089661,-0.07782386243343353
0.11105258017778397,0.7750444412231445,-6.318114031955702e-08,0.1632944941520691,0.7628352046012878,-0.03735600784420967,0.20402133464813232,0.7281909584999084,-0.06225873902440071,0.1901196390390396,0.7419161796569824,-0.08038020133972168,0.15666383504867554,0.789957582950592,-0.09499575197696686,0.1378665715456009,0.6103090643882751,-0.06823564320802689,0.13497167825698853,0.7207204103469849,-0.10300876200199127,0.1444822996854782,0.7516201138496399,-0.12186982482671738,0.1476036161184311,0.7310898900032043,-0.1335057020187378,0.08973932266235352,0.6076726913452148,-0.06302117556333542,0.09958136081695557,0.7657130360603333,-0.0926891565322876,0.12336443364620209,0.7772009372711182,-0.09806060791015625,0.1321008801460266,0.7453732490539551,-0.10174872726202011,0.05416935682296753,0.6305635571479797,-0.06010152027010918,0.07209747284650803,0.7856946587562561,-0.08052477240562439,0.09537172317504883,0.7881873250007629,-0.07467897236347198,0.10153429210186005,0.7525031566619873,-0.07072322070598602,0.02773614227771759,0.6693732738494873,-0.061672694981098175,0.04461067169904709,0.7772867679595947,-0.07566516846418381,0.06556481122970581,0.7824316024780273,-0.07490236312150955,0.07357741892337799,0.7508124113082886,-0.07312388718128204
0.10621581971645355,0.7803325653076172,-3.5832457001561124e-08,0.1609804481267929,0.7690800428390503,-0.04524088278412819,0.2011321485042572,0.7329356670379639,-0.07377214729785919,0.18403656780719757,0.7439228296279907,-0.0932142436504364,0.14777447283267975,0.7934449315071106,-0.10724116116762161,0.12399393320083618,0.6094934940338135,-0.07688570767641068,0.1199212372303009,0.7443245649337769,-0.11380041390657425,0.13865011930465698,0.7829573154449463,-0.13070452213287354,0.14589142799377441,0.7621304988861084,-0.14014369249343872,0.07836690545082092,0.6081488132476807,-0.06885656714439392,0.08688913285732269,0.7749139666557312,-0.10073359310626984,0.11446372419595718,0.7908623814582825,-0.10504500567913055,0.12118475884199142,0.7547144889831543,-0.10765375941991806,0.045582957565784454,0.6308094263076782,-0.06358131766319275,0.059924520552158356,0.7870955467224121,-0.0867583304643631,0.08593140542507172,0.7943323850631714,-0.07961861789226532,0.09053091704845428,0.7561240196228027,-0.0744817703962326,0.021782025694847107,0.668247401714325,-0.06339499354362488,0.03505370765924454,0.777893602848053,-0.07963861525058746,0.055798497051000595,0.7868427038192749,-0.07912714034318924,0.06195767968893051,0.7542226314544678,-0.07724959403276443
0.10376209020614624,0.7661713361740112,4.898246430684594e-08,0.15908141434192657,0.7582035064697266,-0.04715772345662117,0.1990630328655243,0.7257715463638306,-0.07676628977060318,0.18410632014274597,0.7407249808311462,-0.09723556041717529,0.14840564131736755,0.7899365425109863,-0.11238916963338852,0.12271428853273392,0.6068935990333557,-0.08181671798229218,0.1174585223197937,0.7156189680099487,-0.11969456076622009,0.13811445236206055,0.7389934062957764,-0.13569200038909912,0.14743463695049286,0.7060630321502686,-0.14468570053577423,0.07554025202989578,0.6053670644760132,-0.07348854839801788,0.08499214053153992,0.7690824270248413,-0.10797715932130814,0.11518099159002304,0.7845563292503357,-0.11160296201705933,0.12377424538135529,0.743280291557312,-0.11316482722759247,0.04174771159887314,0.6306159496307373,-0.06814073771238327,0.057029902935028076,0.7846164703369141,-0.0925825908780098,0.08269278705120087,0.790295422077179,-0.08365185558795929,0.08730658143758774,0.7482548952102661,-0.07738136500120163,0.017392590641975403,0.6696519255638123,-0.06816143542528152,0.03014947474002838,0.7789872884750366,-0.08540646731853485,0.051358629018068314,0.7867767810821533,-0.08445891737937927,0.057791341096162796,0.7522117495536804,-0.0822858214378357
0.10689345002174377,0.7734004259109497,1.2232901269726426e-07,0.15868236124515533,0.7618643045425415,-0.04391082748770714,0.19809255003929138,0.7205373048782349,-0.07108068466186523,0.1857253611087799,0.7328208088874817,-0.09105152636766434,0.15453705191612244,0.7827560901641846,-0.10710042715072632,0.12574885785579681,0.6068777441978455,-0.075403593480587,0.12277167290449142,0.6554818749427795,-0.11262360960245132,0.1340613216161728,0.6433460712432861,-0.13065195083618164,0.13933882117271423,0.5944571495056152,-0.1420448273420334,0.07470424473285675,0.6045430302619934,-0.06829927861690521,0.09071985632181168,0.7645871043205261,-0.10329043120145798,0.119864821434021,0.7791930437088013,-0.10792282223701477,0.12955504655838013,0.7422675490379333,-0.1102563738822937,0.039544668048620224,0.6352930068969727,-0.06441594660282135,0.06320490688085556,0.7918000817298889,-0.08809074759483337,0.0892123132944107,0.7951676249504089,-0.07930515706539154,0.09584513306617737,0.7565494179725647,-0.07345414906740189,0.015638791024684906,0.6787577271461487,-0.06612738966941833,0.03589135408401489,0.7894914150238037,-0.08335649967193604,0.057538148015737534,0.795154869556427,-0.08364831656217575,0.06473596394062042,0.7631276845932007,-0.0824732556939125
0.10607298463582993,0.7627159357070923,-9.658080557528592e-09,0.15967628359794617,0.7534286975860596,-0.045392751693725586,0.19998762011528015,0.7180508375167847,-0.07379653304815292,0.18760550022125244,0.7343413233757019,-0.09332432597875595,0.15698978304862976,0.7867897152900696,-0.1079312339425087,0.1267222762107849,0.6076619625091553,-0.0801810696721077,0.12332611531019211,0.726262092590332,-0.1177588403224945,0.1413385272026062,0.7513855695724487,-0.13461749255657196,0.14950333535671234,0.722355842590332,-0.1440713107585907,0.07618985325098038,0.6106595396995544,-0.0719107910990715,0.08854494988918304,0.77972012758255,-0.10534913837909698,0.11872375756502151,0.7908192276954651,-0.10862170159816742,0.1277758628129959,0.7509567141532898,-0.10996907949447632,0.04097723960876465,0.6386403441429138,-0.0664752870798111,0.06131500378251076,0.7991838455200195,-0.08979405462741852,0.08881587535142899,0.7998858094215393,-0.08118938654661179,0.09523094445466995,0.7591836452484131,-0.07481168210506439,0.01706627756357193,0.6802260875701904,-0.06627979874610901,0.034322142601013184,0.7900641560554504,-0.08223790675401688,0.05620279908180237,0.7940027117729187,-0.08119696378707886,0.06273387372493744,0.7599393725395203,-0.07880517840385437
0.10722827166318893,0.7657473087310791,1.514160459237246e-07,0.15911605954170227,0.7559533715248108,-0.045999448746442795,0.1989193558692932,0.7182989120483398,-0.07466039806604385,0.18734414875507355,0.7315513491630554,-0.09578027576208115,0.15723659098148346,0.7843554019927979,-0.11316107958555222,0.1270739585161209,0.6093005537986755,-0.0794435665011406,0.12134755402803421,0.6489018797874451,-0.1182696595788002,0.13133187592029572,0.629823625087738,-0.13739986717700958,0.13686953485012054,0.5749370455741882,-0.14957252144813538,0.07620051503181458,0.6066807508468628,-0.0717146173119545,0.08819019049406052,0.7695556282997131,-0.109064020216465,0.11798800528049469,0.7874647378921509,-0.11381343752145767,0.12838736176490784,0.7514306306838989,-0.11571946740150452,0.04148118942975998,0.6382079124450684,-0.06728655099868774,0.06349817663431168,0.800165057182312,-0.09281153231859207,0.09165164828300476,0.8028127551078796,-0.0835316851735115,0.1001562550663948,0.7636730670928955,-0.07699476182460785,0.01852201670408249,0.6818743944168091,-0.06862955540418625,0.03650803118944168,0.795712947845459,-0.08713895082473755,0.059181857854127884,0.8028275370597839,-0.08730264008045197,0.06769894063472748,0.7721147537231445,-0.08572956919670105
0.10660375654697418,0.7616050243377686,-3.836787954014653e-08,0.1610463261604309,0.7527587413787842,-0.04688727483153343,0.20295332372188568,0.7192071676254272,-0.07659965753555298,0.19032418727874756,0.7336062788963318,-0.09731496870517731,0.15899282693862915,0.7850502133369446,-0.11331506073474884,0.12920087575912476,0.6098666787147522,-0.08294206857681274,0.12574484944343567,0.7249211668968201,-0.12170098721981049,0.14195111393928528,0.7557697296142578,-0.1397959291934967,0.14901193976402283,0.7314510345458984,-0.15016093850135803,0.0791623666882515,0.6129928231239319,-0.07417213171720505,0.09042047709226608,0.7827223539352417,-0.10866428911685944,0.12096293270587921,0.796256422996521,-0.11278367042541504,0.13103942573070526,0.7586523294448853,-0.11473701894283295,0.044160835444927216,0.6415866613388062,-0.06825844198465347,0.06396547704935074,0.8049015998840332,-0.09264987707138062,0.09264028072357178,0.8076300621032715,-0.08491500467061996,0.10048530250787735,0.7697097063064575,-0.07901762425899506,0.02021152526140213,0.6837460994720459,-0.06762722879648209,0.036754824221134186,0.7961411476135254,-0.08443576842546463,0.05948583409190178,0.8012677431106567,-0.08405346423387527,0.06719538569450378,0.7690735459327698,-0.08199061453342438
0.10750579088926315,0.7643781900405884,8.511547378020623e-08,0.16129598021507263,0.7554337382316589,-0.04703472554683685,0.2021324634552002,0.7190582752227783,-0.07630515098571777,0.19269201159477234,0.7312434911727905,-0.09743095934391022,0.16143837571144104,0.7803369164466858,-0.11413977295160294,0.12978842854499817,0.6088081002235413,-0.08268200606107712,0.12721821665763855,0.6770249009132385,-0.12271953374147415,0.14273622632026672,0.6779128313064575,-0.14107021689414978,0.15072429180145264,0.6351925730705261,-0.15192832052707672,0.07903020083904266,0.6092768311500549,-0.0742463767528534,0.0938202515244484,0.7787516117095947,-0.11229126155376434,0.12606707215309143,0.7960000038146973,-0.11640165001153946,0.13799473643302917,0.7573469281196594,-0.11772206425666809,0.04325094446539879,0.6402830481529236,-0.06914398819208145,0.0676826536655426,0.805597186088562,-0.09583794325590134,0.09752938896417618,0.8093803524971008,-0.0868242159485817,0.10738662630319595,0.7704521417617798,-0.0798681452870369,0.018909968435764313,0.6831955909729004,-0.06969833374023438,0.03900466859340668,0.7974947094917297,-0.08900412917137146,0.06298854947090149,0.8038513660430908,-0.08957095444202423,0.07244622707366943,0.7720515727996826,-0.08798021078109741
0.1074892207980156,0.7631130218505859,-3.5665141950858015e-09,0.1624140441417694,0.7530423998832703,-0.04575653746724129,0.20410192012786865,0.7179366946220398,-0.07455158233642578,0.1941736489534378,0.7313185334205627,-0.09478584676980972,0.1631670445203781,0.780052661895752,-0.11029507219791412,0.13150450587272644,0.608763575553894,-0.0818641409277916,0.1289902925491333,0.7158953547477722,-0.1214761808514595,0.14750716090202332,0.7394418716430664,-0.13989828526973724,0.15702703595161438,0.7099753022193909,-0.15024937689304352,0.08054288476705551,0.6116403341293335,-0.07356832176446915,0.094008669257164,0.7832680940628052,-0.10958920419216156,0.12521310150623322,0.7968481779098511,-0.11356883496046066,0.1362249255180359,0.7570619583129883,-0.11489985138177872,0.0444178432226181,0.6409440636634827,-0.0683024674654007,0.06712494790554047,0.8054640293121338,-0.09390440583229065,0.09688275307416916,0.8075774312019348,-0.08559952676296234,0.1063242182135582,0.7686957716941833,-0.07872045785188675,0.019613400101661682,0.6829648613929749,-0.06830606609582901,0.0385022908449173,0.7942330837249756,-0.08626271039247513,0.0625033974647522,0.7989686131477356,-0.08594708144664764,0.07183627784252167,0.766553521156311,-0.08353259414434433
0.10841452330350876,0.7668983340263367,1.458937930465254e-07,0.16182079911231995,0.7563246488571167,-0.04614216461777687,0.20238283276557922,0.7185183763504028,-0.07556168735027313,0.19341346621513367,0.7287342548370361,-0.09742199629545212,0.16167856752872467,0.7760587334632874,-0.11551769077777863,0.12892268598079681,0.6064577102661133,-0.08295246213674545,0.1259651780128479,0.6532699465751648,-0.12373325228691101,0.14151176810264587,0.6396588087081909,-0.14373238384723663,0.15254372358322144,0.5865828990936279,-0.15599723160266876,0.07858528941869736,0.6066136956214905,-0.0750812366604805,0.09470800310373306,0.7744200229644775,-0.11406965553760529,0.1257387399673462,0.7950144410133362,-0.11877065151929855,0.13852660357952118,0.7592505216598511,-0.12056712061166763,0.04366982728242874,0.6392942070960999,-0.07042800635099411,0.06947401911020279,0.8028013706207275,-0.09733166545629501,0.09903891384601593,0.8075000643730164,-0.08781644701957703,0.10998880118131638,0.7710388898849487,-0.08075477927923203,0.019981980323791504,0.6833824515342712,-0.07146905362606049,0.040504567325115204,0.7952866554260254,-0.09128908067941666,0.06472320109605789,0.8030522465705872,-0.09167980402708054,0.07520483434200287,0.7735247611999512,-0.08992384374141693
0.10667085647583008,0.75441575050354,1.5493253613385605e-07,0.15989555418491364,0.749505341053009,-0.04727214202284813,0.20068666338920593,0.717243492603302,-0.07735974341630936,0.19465848803520203,0.729583740234375,-0.099278524518013,0.16384805738925934,0.775047779083252,-0.11708548665046692,0.13191565871238708,0.6067062616348267,-0.08547863364219666,0.12503720819950104,0.670282781124115,-0.12719294428825378,0.1403750479221344,0.6559500694274902,-0.14673805236816406,0.15220001339912415,0.6020004749298096,-0.15815439820289612,0.08089105784893036,0.6050773859024048,-0.07704251259565353,0.09108681231737137,0.7792147397994995,-0.1166922077536583,0.12228776514530182,0.7893222570419312,-0.12122071534395218,0.13624584674835205,0.746512770652771,-0.12249956279993057,0.04504310339689255,0.6369351744651794,-0.07184898853302002,0.06605851650238037,0.8069633841514587,-0.10016946494579315,0.09618614614009857,0.8042515516281128,-0.09077818691730499,0.1075608879327774,0.7621059417724609,-0.08301845192909241,0.020719103515148163,0.6811058521270752,-0.07235701382160187,0.0375552773475647,0.7965616583824158,-0.09375112503767014,0.06181656941771507,0.7976067066192627,-0.09467869251966476,0.07288607954978943,0.7612506747245789,-0.09276887774467468
0.10601139813661575,0.7655123472213745,1.9632376790923445e-07,0.15859395265579224,0.7591137290000916,-0.04657294601202011,0.19976937770843506,0.7238012552261353,-0.07657040655612946,0.19400252401828766,0.7340806126594543,-0.09871667623519897,0.16354352235794067,0.7791575789451599,-0.11716468632221222,0.13162943720817566,0.6095885038375854,-0.08579622954130173,0.12674479186534882,0.6536548733711243,-0.12685734033584595,0.13875287771224976,0.6278325915336609,-0.146596297621727,0.14879660308361053,0.5674903988838196,-0.158990278840065,0.07983583211898804,0.6071309447288513,-0.07788894325494766,0.09255865216255188,0.7783694863319397,-0.11740066856145859,0.12262316048145294,0.7914144396781921,-0.12183646112680435,0.13629794120788574,0.7516518235206604,-0.12355126440525055,0.043680187314748764,0.6405054330825806,-0.07305555790662766,0.06664548814296722,0.8089830279350281,-0.10072894394397736,0.09649495780467987,0.8083587288856506,-0.09052243828773499,0.10816419869661331,0.7684671878814697,-0.08288349956274033,0.019320793449878693,0.6862168312072754,-0.07399490475654602,0.03796280920505524,0.8000883460044861,-0.09536901116371155,0.06271180510520935,0.8025815486907959,-0.09616793692111969,0.07440667599439621,0.7677761912345886,-0.09448838979005814
0.10597891360521317,0.7631083130836487,8.44132657107366e-08,0.1598881185054779,0.7578575015068054,-0.047535285353660583,0.20233753323554993,0.7252517938613892,-0.07856191694736481,0.19658559560775757,0.7359803915023804,-0.10039667040109634,0.1657223403453827,0.7812613844871521,-0.11760400980710983,0.13369575142860413,0.6145752668380737,-0.08965885639190674,0.12788636982440948,0.7200789451599121,-0.13167521357536316,0.14728662371635437,0.7298694849014282,-0.1511797159910202,0.15989750623703003,0.6899927854537964,-0.1623067706823349,0.08128685504198074,0.6152868270874023,-0.08092523366212845,0.09375575184822083,0.7905857563018799,-0.11868619918823242,0.1251128613948822,0.7975437045097351,-0.1222512423992157,0.13716967403888702,0.753007709980011,-0.12369602173566818,0.044067952781915665,0.6448948979377747,-0.07505504786968231,0.06629161536693573,0.8121428489685059,-0.10170195251703262,0.09570156037807465,0.8107068538665771,-0.09195518493652344,0.10522837191820145,0.7701906561851501,-0.0843748226761818,0.018759243190288544,0.686984658241272,-0.07474450767040253,0.038798242807388306,0.8005342483520508,-0.09394510090351105,0.06308107078075409,0.8017544746398926,-0.09395957738161087,0.07310358434915543,0.7662798166275024,-0.09199949353933334
0.10554762929677963,0.7685577273368835,2.839663864051545e-07,0.15760530531406403,0.7605245113372803,-0.04605906084179878,0.19852107763290405,0.7251365184783936,-0.07637377083301544,0.19445711374282837,0.7350385785102844,-0.09958703815937042,0.16424424946308136,0.7792476415634155,-0.1195494756102562,0.13110192120075226,0.6118475794792175,-0.08568710088729858,0.12627148628234863,0.6257771849632263,-0.12767575681209564,0.1387203335762024,0.5802770853042603,-0.14953453838825226,0.14998258650302887,0.5075331926345825,-0.1637081652879715,0.0793423056602478,0.6072493195533752,-0.07820770889520645,0.09323585033416748,0.7754595279693604,-0.11829524487257004,0.12020594626665115,0.7878004312515259,-0.12270256131887436,0.1314079612493515,0.7502252459526062,-0.12462443113327026,0.04413127526640892,0.6417050361633301,-0.0739423856139183,0.06801584362983704,0.8063380122184753,-0.10018021613359451,0.09347335994243622,0.8021077513694763,-0.08752329647541046,0.10158567130565643,0.7612887024879456,-0.07897594571113586,0.020694978535175323,0.6879953742027283,-0.07592801749706268,0.040739551186561584,0.8014711141586304,-0.0963524729013443,0.06301414966583252,0.8026440143585205,-0.09601298719644547,0.07177853584289551,0.7679537534713745,-0.09379599243402481
0.10501687973737717,0.7690699100494385,6.073939573525422e-08,0.1580340564250946,0.7600815296173096,-0.04490981251001358,0.20053212344646454,0.7270921468734741,-0.0738866776227951,0.1961514949798584,0.7375021576881409,-0.09460896998643875,0.16564688086509705,0.780428946018219,-0.11136269569396973,0.13324636220932007,0.6163980960845947,-0.08479911834001541,0.12638214230537415,0.7081893086433411,-0.1258099228143692,0.1393527388572693,0.7151975631713867,-0.1450473517179489,0.14938309788703918,0.6772445440292358,-0.15604877471923828,0.08181770145893097,0.618105947971344,-0.07686040550470352,0.09279610961675644,0.7938076257705688,-0.11464860290288925,0.1226768046617508,0.8056309223175049,-0.11809378117322922,0.13657937943935394,0.7661020755767822,-0.11889097839593887,0.045023735612630844,0.649391233921051,-0.07184062898159027,0.06622351706027985,0.8201719522476196,-0.09929738938808441,0.0969373807311058,0.8206698298454285,-0.08991025388240814,0.10993728786706924,0.7832510471343994,-0.08192333579063416,0.01962890475988388,0.6924009323120117,-0.07210185378789902,0.0390823632478714,0.8070045709609985,-0.09253188967704773,0.06536631286144257,0.81136155128479,-0.09275443106889725,0.07902512699365616,0.7799616456031799,-0.0902947187423706
0.10517961531877518,0.7748604416847229,9.483169094437471e-08,0.15813876688480377,0.7655171751976013,-0.04481703042984009,0.20006625354290009,0.7299157977104187,-0.0742376446723938,0.19591276347637177,0.7359533905982971,-0.0958816409111023,0.16455762088298798,0.7816670536994934,-0.1130899116396904,0.13135161995887756,0.6116490364074707,-0.08169955015182495,0.12862397730350494,0.6975072622299194,-0.12227625399827957,0.14758609235286713,0.7040925621986389,-0.1408758908510208,0.1595693975687027,0.6648796796798706,-0.15118877589702606,0.07994474470615387,0.6134575009346008,-0.07450291514396667,0.09458843618631363,0.782214879989624,-0.11206149309873581,0.12173834443092346,0.7955152988433838,-0.11548542231321335,0.129593625664711,0.7538886070251465,-0.11607974022626877,0.043608374893665314,0.6456575989723206,-0.07051519304513931,0.06759274005889893,0.8068495392799377,-0.09630770981311798,0.09192565083503723,0.8078351020812988,-0.08569739758968353,0.09710147231817245,0.7665858864784241,-0.07738595455884933,0.0188053697347641,0.6891424059867859,-0.07205843925476074,0.04100673645734787,0.8002561330795288,-0.08955378830432892,0.06219375506043434,0.8048921227455139,-0.08822575956583023,0.06851392984390259,0.7722209692001343,-0.08528026193380356
0.10562535375356674,0.782937228679657,9.813123114099653e-08,0.15916825830936432,0.7704792022705078,-0.04599960148334503,0.20146679878234863,0.7293442487716675,-0.07550764828920364,0.19496634602546692,0.7325496077537537,-0.09670331329107285,0.16312533617019653,0.7775844931602478,-0.11340083926916122,0.13004791736602783,0.6099244356155396,-0.08168814331293106,0.1290224939584732,0.7021823525428772,-0.12306099385023117,0.14844226837158203,0.7062929272651672,-0.14353907108306885,0.16066530346870422,0.663439154624939,-0.15532797574996948,0.07892147451639175,0.6136422157287598,-0.07372631877660751,0.09482890367507935,0.7827827334403992,-0.11066626757383347,0.12208303064107895,0.7908238768577576,-0.11532442271709442,0.12935882806777954,0.7467842102050781,-0.11742626130580902,0.042948167771101,0.6463181972503662,-0.06910714507102966,0.06721590459346771,0.8070546388626099,-0.0946301519870758,0.09257934987545013,0.8070905208587646,-0.08539143204689026,0.09748071432113647,0.7666601538658142,-0.07828692346811295,0.018097490072250366,0.6911201477050781,-0.07007796317338943,0.039421096444129944,0.8003183007240295,-0.08758202940225601,0.06049223989248276,0.8035666942596436,-0.08712363988161087,0.06638358533382416,0.7698964476585388,-0.08502807468175888
0.10369767248630524,0.7862296104431152,-5.8429211691191085e-08,0.1591225415468216,0.7743350267410278,-0.04491545632481575,0.20341859757900238,0.7317295074462891,-0.07351163029670715,0.19806882739067078,0.7312057018280029,-0.0933823511004448,0.16566450893878937,0.7761727571487427,-0.1082676574587822,0.13367100059986115,0.6174594163894653,-0.08118519186973572,0.13138672709465027,0.7469711303710938,-0.12178314477205276,0.151279479265213,0.7812800407409668,-0.1415400356054306,0.16242615878582,0.7550114393234253,-0.15255014598369598,0.08172014355659485,0.6191844940185547,-0.07342377305030823,0.09439925849437714,0.7929383516311646,-0.10872135311365128,0.12075231224298477,0.8038780093193054,-0.11291470378637314,0.1273241490125656,0.7604347467422485,-0.1148938462138176,0.044710513204336166,0.647998034954071,-0.06859565526247025,0.0660342127084732,0.8106439709663391,-0.09290215373039246,0.0907779335975647,0.8123552799224854,-0.08370179682970047,0.0951496809720993,0.7718168497085571,-0.07657845318317413,0.01817239820957184,0.6901327967643738,-0.06909020245075226,0.03768368810415268,0.798363983631134,-0.08495951443910599,0.05789674073457718,0.8028580546379089,-0.08330529183149338,0.06328806281089783,0.7705574631690979,-0.08037583529949188
0.10825075209140778,0.7860663533210754,-8.742024704133655e-08,0.1618800014257431,0.7755717039108276,-0.04465673118829727,0.2048286497592926,0.735784113407135,-0.0727013424038887,0.20031262934207916,0.7355198264122009,-0.09189817309379578,0.1662951409816742,0.7784790992736816,-0.10592944920063019,0.1356803923845291,0.6169594526290894,-0.08025980740785599,0.13560177385807037,0.7628173828125,-0.11969739198684692,0.15350571274757385,0.7980388402938843,-0.13957072794437408,0.15980911254882812,0.7701660990715027,-0.15125969052314758,0.0824008360505104,0.6215953826904297,-0.07274731993675232,0.09760040044784546,0.8006726503372192,-0.10558649897575378,0.12307335436344147,0.8165390491485596,-0.10921689122915268,0.1282283514738083,0.7745553255081177,-0.11212845146656036,0.04455817490816116,0.6518088579177856,-0.06808947771787643,0.06656826287508011,0.8165427446365356,-0.09132251888513565,0.09261675179004669,0.827182412147522,-0.0820569172501564,0.0976196676492691,0.7900423407554626,-0.0758025273680687,0.01789969950914383,0.69337397813797,-0.06884466856718063,0.039795756340026855,0.8046443462371826,-0.08418097347021103,0.05987701565027237,0.8153070211410522,-0.08263581246137619,0.0645437240600586,0.7867183089256287,-0.08066215366125107
0.11001105606555939,0.8004796504974365,-1.0707103825779996e-07,0.16177162528038025,0.7868713736534119,-0.045451994985342026,0.20444419980049133,0.744949221611023,-0.07346835732460022,0.20089110732078552,0.7416259050369263,-0.09196658432483673,0.16886107623577118,0.7774845957756042,-0.10456011444330215,0.13616101443767548,0.6180064678192139,-0.08220090717077255,0.13065840303897858,0.7689441442489624,-0.12334240227937698,0.1519508808851242,0.8081092834472656,-0.14302702248096466,0.1619618982076645,0.7789801955223083,-0.15431371331214905,0.08300472050905228,0.6254568099975586,-0.0742819681763649,0.09206888824701309,0.8047802448272705,-0.10976569354534149,0.12128812819719315,0.829712450504303,-0.11301225423812866,0.12968753278255463,0.7891049385070801,-0.11487660557031631,0.044763632118701935,0.6572926640510559,-0.06935951113700867,0.06258980184793472,0.8242088556289673,-0.09507099539041519,0.09184247255325317,0.8420693874359131,-0.08513829857110977,0.09993115812540054,0.806418776512146,-0.0780932679772377,0.01819898933172226,0.698884129524231,-0.06977450102567673,0.036755114793777466,0.8145135641098022,-0.08741717040538788,0.060150764882564545,0.8328849077224731,-0.08611027896404266,0.06827245652675629,0.806110143661499,-0.08375833183526993
0.10620792955160141,0.8127983808517456,-1.0755574209042607e-07,0.15896552801132202,0.7965876460075378,-0.0504167266190052,0.2019863724708557,0.7530010938644409,-0.08033999055624008,0.19974097609519958,0.7426484227180481,-0.09985700249671936,0.1707596480846405,0.7720697522163391,-0.11310379952192307,0.13360701501369476,0.6230177283287048,-0.08866441994905472,0.12355508655309677,0.7631025910377502,-0.13035453855991364,0.14777560532093048,0.8168481588363647,-0.14764612913131714,0.162935271859169,0.7993565797805786,-0.15663765370845795,0.08126439899206161,0.627830445766449,-0.07864192128181458,0.08482154458761215,0.7979285717010498,-0.11650504171848297,0.11722198128700256,0.8393083214759827,-0.117945596575737,0.13046123087406158,0.8088349103927612,-0.11730062961578369,0.04263937473297119,0.6585667133331299,-0.07193486392498016,0.05707810819149017,0.8211798071861267,-0.09954844415187836,0.08807776868343353,0.8504706621170044,-0.08808313310146332,0.10021398961544037,0.8225191831588745,-0.07928472757339478,0.015076667070388794,0.6990952491760254,-0.07086244970560074,0.030404485762119293,0.8123317956924438,-0.08886236697435379,0.05679953098297119,0.8404483199119568,-0.08616743981838226,0.06911852955818176,0.8215997815132141,-0.08223555237054825
0.09939661622047424,0.8366482853889465,-1.3350734207051573e-07,0.1532021462917328,0.8165801763534546,-0.054873134940862656,0.19892893731594086,0.765508770942688,-0.08583467453718185,0.19993311166763306,0.7428598403930664,-0.10527115315198898,0.1713072955608368,0.7713274359703064,-0.1181681901216507,0.1317378282546997,0.6327393054962158,-0.09364131093025208,0.11841493099927902,0.767982542514801,-0.13656114041805267,0.14119842648506165,0.8308141231536865,-0.1536729484796524,0.15590724349021912,0.8171443939208984,-0.16237014532089233,0.07948312908411026,0.636040985584259,-0.08191358298063278,0.07860586047172546,0.8036635518074036,-0.12155801802873611,0.11080489307641983,0.8560143709182739,-0.122944176197052,0.12429048120975494,0.8290631771087646,-0.12168055027723312,0.04004937410354614,0.6669126749038696,-0.07382416725158691,0.05197428911924362,0.8319203853607178,-0.10373033583164215,0.08364099264144897,0.8686975836753845,-0.09239297360181808,0.09650459885597229,0.843766450881958,-0.08293374627828598,0.011306725442409515,0.70855712890625,-0.07166609913110733,0.024740181863307953,0.8244420289993286,-0.09107031673192978,0.053718581795692444,0.8576273918151855,-0.0884961262345314,0.06863255798816681,0.8424942493438721,-0.08415364474058151
0.09439849108457565,0.8397654294967651,-2.4330913106496155e-07,0.14444585144519806,0.8143841624259949,-0.037679873406887054,0.18707233667373657,0.7668147087097168,-0.06005528196692467,0.19624987244606018,0.7561816573143005,-0.07581013441085815,0.17209917306900024,0.7896291613578796,-0.08753138035535812,0.1248728558421135,0.6431311368942261,-0.06870590150356293,0.11755351722240448,0.7734639644622803,-0.10590098798274994,0.1384357213973999,0.8457652926445007,-0.12323782593011856,0.15030673146247864,0.8494473099708557,-0.1320323944091797,0.07318411767482758,0.6540370583534241,-0.06398678570985794,0.07833852618932724,0.8053818941116333,-0.0940009281039238,0.10683756321668625,0.8660455346107483,-0.09509827941656113,0.11869096010923386,0.8546851277351379,-0.09520982950925827,0.03343093395233154,0.6902748942375183,-0.06193374842405319,0.04831463843584061,0.8360826969146729,-0.08431707322597504,0.07596428692340851,0.8792107105255127,-0.07452312856912613,0.08753180503845215,0.8649139404296875,-0.0673103779554367,0.004211708903312683,0.7343778014183044,-0.06442813575267792,0.020049065351486206,0.8402197360992432,-0.07741805911064148,0.04531366005539894,0.8786224126815796,-0.07230780273675919,0.0574946366250515,0.8727146983146667,-0.06731162220239639
0.09726905822753906,0.8579920530319214,-2.893146131555113e-07,0.14526019990444183,0.8331440687179565,-0.039712779223918915,0.1862981915473938,0.7926468253135681,-0.06579407304525375,0.1968747079372406,0.7792065739631653,-0.08713638037443161,0.17357635498046875,0.8074215650558472,-0.10531001538038254,0.12313787639141083,0.6616531014442444,-0.0648629292845726,0.10697013884782791,0.7642799019813538,-0.10833361744880676,0.12651540338993073,0.8484556674957275,-0.1292465776205063,0.14217042922973633,0.8828151226043701,-0.13735903799533844,0.0722055584192276,0.6700950264930725,-0.060822587460279465,0.06213594600558281,0.8061644434928894,-0.09891843795776367,0.09446216374635696,0.87823486328125,-0.1030866950750351,0.11598701030015945,0.8897404074668884,-0.10111485421657562,0.032070860266685486,0.7054895758628845,-0.060429081320762634,0.030722424387931824,0.8386654853820801,-0.09102790802717209,0.06460393220186234,0.8902661800384521,-0.08315769582986832,0.08755749464035034,0.8910849094390869,-0.07298709452152252,0.0028915926814079285,0.7499792575836182,-0.0644972175359726,0.004737623035907745,0.8500484824180603,-0.08232026547193527,0.03548366576433182,0.8938679099082947,-0.07736101746559143,0.05862857401371002,0.8974179625511169,-0.06946571916341782
0.07652655988931656,0.8299056887626648,-3.8081543607404456e-07,0.12655222415924072,0.8205957412719727,-0.0319259837269783,0.17377960681915283,0.802518367767334,-0.058244820684194565,0.19707348942756653,0.8038919568061829,-0.08342114090919495,0.1839333176612854,0.8364263772964478,-0.10861635953187943,0.12058155983686447,0.6902768015861511,-0.05551224201917648,0.11208207160234451,0.7662011384963989,-0.09955628216266632,0.12438955903053284,0.8483319282531738,-0.12713192403316498,0.13605661690235138,0.9053472280502319,-0.13897816836833954,0.06884352117776871,0.7017204761505127,-0.05541473254561424,0.0658205971121788,0.808229386806488,-0.09343217313289642,0.0927777960896492,0.8871289491653442,-0.103835329413414,0.11350905895233154,0.9299718737602234,-0.10556428134441376,0.0275387242436409,0.7340410947799683,-0.05820631608366966,0.026920892298221588,0.8342599868774414,-0.08872991800308228,0.05811716243624687,0.8968680500984192,-0.0863543301820755,0.08205428719520569,0.9280666708946228,-0.07850876450538635,-0.002213701605796814,0.7724307179450989,-0.06437844783067703,-0.002971060574054718,0.8537941575050354,-0.08035631477832794,0.021591350436210632,0.9050971865653992,-0.07483513653278351,0.04310128837823868,0.9325259923934937,-0.06654039770364761
0.06402812898159027,0.8380724787712097,-3.445094023390993e-07,0.11327403038740158,0.8306549191474915,-0.027208097279071808,0.16444836556911469,0.8265115022659302,-0.05510106682777405,0.19486257433891296,0.8415616154670715,-0.08355341106653214,0.18488487601280212,0.8765608072280884,-0.11331520229578018,0.12113095819950104,0.7113611102104187,-0.05634308606386185,0.12856626510620117,0.7789934277534485,-0.10319076478481293,0.13517141342163086,0.8640718460083008,-0.1348409652709961,0.13982762396335602,0.9302386045455933,-0.1502193957567215,0.0709197074174881,0.7278592586517334,-0.06168012693524361,0.0822734385728836,0.8144321441650391,-0.10031884163618088,0.1020607128739357,0.8974859118461609,-0.1128198653459549,0.11658506840467453,0.949815034866333,-0.1180347129702568,0.028448767960071564,0.7635049819946289,-0.0696440115571022,0.03912807255983353,0.8444952368736267,-0.1015155240893364,0.06514382362365723,0.9145243167877197,-0.09936929494142532,0.08322059363126755,0.9522635340690613,-0.09321058541536331,-0.004598259925842285,0.805923342704773,-0.08057583123445511,0.007083959877490997,0.8805649876594543,-0.0974719226360321,0.029750369489192963,0.9332874417304993,-0.09087272733449936,0.04603198543190956,0.9621219038963318,-0.08349774777889252
0.05524161458015442,0.8801075220108032,-1.850717978868488e-07,0.10442683845758438,0.8574223518371582,-0.02204270474612713,0.15327566862106323,0.8549727201461792,-0.04805107042193413,0.18727463483810425,0.880256175994873,-0.07673180103302002,0.19258710741996765,0.9230655431747437,-0.10651160031557083,0.12853391468524933,0.7366741299629211,-0.044907402247190475,0.15338844060897827,0.7914460301399231,-0.09264891594648361,0.15954375267028809,0.8640996217727661,-0.12548495829105377,0.1584910750389099,0.9236504435539246,-0.14194349944591522,0.08106464892625809,0.7642021775245667,-0.0552297867834568,0.10674180090427399,0.8359560370445251,-0.09632363170385361,0.11857595294713974,0.9094337224960327,-0.10998185724020004,0.12045833468437195,0.9549709558486938,-0.1152324378490448,0.03755221888422966,0.8086392283439636,-0.06908545643091202,0.06202949583530426,0.8901138305664062,-0.10245153307914734,0.07757969200611115,0.9441378116607666,-0.10027060657739639,0.08033853024244308,0.9659486413002014,-0.09330203384160995,0.0019167885184288025,0.8590850830078125,-0.0858420729637146,0.023375704884529114,0.9351749420166016,-0.10099377483129501,0.03793737664818764,0.9649640321731567,-0.09301953762769699,0.04160846397280693,0.9703559875488281,-0.08501584082841873
0.05276764556765556,0.9214692115783691,-1.7592732604043704e-07,0.10023750364780426,0.9195131063461304,-0.022212469950318336,0.14402291178703308,0.9341173768043518,-0.04698007181286812,0.17286065220832825,0.9661954641342163,-0.07312602549791336,0.19170765578746796,0.9941397309303284,-0.10150391608476639,0.14867889881134033,0.8012609481811523,-0.04865915700793266,0.17382904887199402,0.9398999214172363,-0.09302006661891937,0.17809638381004333,1.0192493200302124,-0.12487205117940903,0.18011720478534698,1.0670794248580933,-0.1433715969324112,0.09781642258167267,0.8088499903678894,-0.05892778933048248,0.12598247826099396,0.9604728817939758,-0.09660495817661285,0.12878257036209106,1.0456066131591797,-0.11035574227571487,0.1259213536977768,1.086097002029419,-0.11816992610692978,0.0472656711935997,0.8431767225265503,-0.07179361581802368,0.07205164432525635,0.9733664393424988,-0.10782470554113388,0.07625634968280792,1.038704514503479,-0.10816528648138046,0.07331517338752747,1.0612318515777588,-0.1037021055817604,0.0035723820328712463,0.8929548263549805,-0.08662054687738419,0.021223172545433044,0.9896544218063354,-0.10968217253684998,0.027998343110084534,1.036147117614746,-0.10413207858800888,0.026407726109027863,1.0531373023986816,-0.09670868515968323
